vehicle_id,Start time,End time,Tour Duration,Service Duration,Travel Duration,Start time formatted,End time formatted,Tour Duration formatted,Service Duration formatted,Travel Duration formatted,veh_class,service_num,tour_km,first_service_dist,raumsplit,provider,veh_size,main_area_type,deliveries,missed deliveries,b2b_ration,b2c_ration,ration_check,vehicle_load_factor,vehicle_deliver_factor,vehicle_fix_cost,vehicle_km_cost,vehicle_time_cost,overtime_cost,vehicle_cost,deliveries_per_stop,Hannover
freight_ups_31832_veh_cep_size_l_7_1,24682,60515,35833,12509,23324,1970-01-01 06:51:22,1970-01-01 16:48:35,1970-01-01 09:57:13,1970-01-01 03:28:29,1970-01-01 06:28:44,van,79,191.94053546433182,40.53321503344684,"defaultdict(<class 'int'>, {8: 1, 7: 24, 6: 54})",ups,l,6,101.0,0.0,0.7920792079207921,0.2079207920792079,1.0,0.4391304347826087,1.0,189.15,74.08904668923208,227.63908611111114,56.114086111111114,319.3531328003432,1.2784810126582278,False
freight_gls_30900_veh_cep_size_m_7_4,24971,68553,43582,16917,26665,1970-01-01 06:56:11,1970-01-01 19:02:33,1970-01-01 12:06:22,1970-01-01 04:41:57,1970-01-01 07:24:25,van,115,205.48503595932848,34.02169798958587,"defaultdict(<class 'int'>, {7: 71, 6: 14, 8: 30})",gls,m,7,137.0,0.0,0.06569343065693431,0.9343065693430657,1.0,0.8303030303030303,1.0,171.78,76.44043337687019,276.86676111111115,105.34176111111113,353.5621944879813,1.191304347826087,False
freight_gls_30900_veh_cep_size_m_7_3,24971,53947,28976,8423,20553,1970-01-01 06:56:11,1970-01-01 14:59:07,1970-01-01 08:02:56,1970-01-01 02:20:23,1970-01-01 05:42:33,van,63,181.33123182196982,36.172260813527664,"defaultdict(<class 'int'>, {7: 62, 6: 1})",gls,m,7,69.0,0.0,0.07246376811594203,0.927536231884058,1.0,0.41818181818181815,1.0,171.78,67.45521823777277,184.0780888888889,12.55308888888889,251.78830712666164,1.0952380952380953,False
freight_gls_30900_veh_cep_size_m_7_1,24971,61503,36532,12765,23767,1970-01-01 06:56:11,1970-01-01 17:05:03,1970-01-01 10:08:52,1970-01-01 03:32:45,1970-01-01 06:36:07,van,94,206.19904264545247,39.403965420711764,"defaultdict(<class 'int'>, {7: 86, 6: 2, 8: 6})",gls,m,7,104.0,0.0,0.057692307692307696,0.9423076923076923,1.0,0.6303030303030303,1.0,171.78,76.70604386410831,232.0796777777778,60.55467777777778,309.0407216418861,1.1063829787234043,False
freight_gls_30900_veh_cep_size_m_7_5,25035,40431,15396,3055,12341,1970-01-01 06:57:15,1970-01-01 11:13:51,1970-01-01 04:16:36,1970-01-01 00:50:55,1970-01-01 03:25:41,van,23,100.1836416517038,33.10037332135545,"defaultdict(<class 'int'>, {7: 23})",gls,m,7,25.0,0.0,0.08,0.92,1.0,0.15151515151515152,1.0,171.78,37.26831469443381,97.80736666666668,0.0,209.04831469443383,1.0869565217391304,False
freight_gls_31535_veh_cep_size_l_7_1,25129,58380,33251,8600,24651,1970-01-01 06:58:49,1970-01-01 16:13:00,1970-01-01 09:14:11,1970-01-01 02:23:20,1970-01-01 06:50:51,van,64,217.17710562634355,49.84172948971346,"defaultdict(<class 'int'>, {8: 35, 7: 29})",gls,l,8,70.0,0.0,0.0,1.0,1.0,0.30434782608695654,1.0,189.15,83.8303627717686,211.2362138888889,39.71121388888889,312.6915766606575,1.09375,False
freight_dpd_30890_veh_cep_size_m_7_3,25228,54519,29291,11580,17711,1970-01-01 07:00:28,1970-01-01 15:08:39,1970-01-01 08:08:11,1970-01-01 03:13:00,1970-01-01 04:55:11,van,73,174.3404120159837,39.7336471051643,"defaultdict(<class 'int'>, {4: 29, 5: 9, 8: 26, 6: 5, 7: 4})",dpd,m,4,94.0,0.0,0.11702127659574468,0.8829787234042553,1.0,0.5696969696969697,1.0,171.78,64.85463326994594,186.07921388888892,14.55421388888889,251.18884715883482,1.2876712328767124,False
freight_dpd_30890_veh_cep_size_m_7_1,25228,53016,27788,8299,19489,1970-01-01 07:00:28,1970-01-01 14:43:36,1970-01-01 07:43:08,1970-01-01 02:18:19,1970-01-01 05:24:49,van,54,156.80832180425196,41.09926423597572,"defaultdict(<class 'int'>, {4: 24, 8: 10, 5: 20})",dpd,m,4,67.0,0.0,0.16417910447761194,0.835820895522388,1.0,0.40606060606060607,1.0,171.78,58.33269571118173,176.5309888888889,5.005988888888889,235.11868460007062,1.2407407407407407,False
freight_dpd_30890_veh_cep_size_l_7_2,25355,54729,29374,11158,18216,1970-01-01 07:02:35,1970-01-01 15:12:09,1970-01-01 08:09:34,1970-01-01 03:05:58,1970-01-01 05:03:36,van,72,159.77915085448143,39.31863468511134,"defaultdict(<class 'int'>, {4: 69, 5: 1, 8: 2})",dpd,l,4,90.0,0.0,0.25555555555555554,0.7444444444444445,1.0,0.391304347826087,1.0,189.15,61.674752229829835,186.60649444444445,15.081494444444445,265.90624667427426,1.25,False
freight_hermes_31311_veh_cep_size_m_7_1,25409,52095,26686,9577,17109,1970-01-01 07:03:29,1970-01-01 14:28:15,1970-01-01 07:24:46,1970-01-01 02:39:37,1970-01-01 04:45:09,van,65,145.96566866438596,46.16365961860872,"defaultdict(<class 'int'>, {7: 34, 6: 31})",hermes,m,7,78.0,0.0,0.0,1.0,1.0,0.4727272727272727,1.0,171.78,54.29922874315157,169.53022777777778,0.0,226.0792287431516,1.2,False
freight_hermes_31832_veh_cep_size_m_7_1,25454,55888,30434,9885,20549,1970-01-01 07:04:14,1970-01-01 15:31:28,1970-01-01 08:27:14,1970-01-01 02:44:45,1970-01-01 05:42:29,van,65,172.38664149366397,40.968387849092565,"defaultdict(<class 'int'>, {8: 4, 7: 36, 6: 25})",hermes,m,7,80.0,0.0,0.0,1.0,1.0,0.48484848484848486,1.0,171.78,64.127830635643,193.3404388888889,21.81543888888889,257.7232695245319,1.2307692307692308,False
freight_hermes_31832_veh_cep_size_m_7_2,25521,58481,32960,12327,20633,1970-01-01 07:05:21,1970-01-01 16:14:41,1970-01-01 09:09:20,1970-01-01 03:25:27,1970-01-01 05:43:53,van,65,170.50816399707657,39.700356550958006,"defaultdict(<class 'int'>, {7: 46, 6: 19})",hermes,m,7,99.0,0.0,0.0,1.0,1.0,0.6,1.0,171.78,63.42903700691248,209.38755555555556,37.86255555555556,273.071592562468,1.523076923076923,False
freight_gls_31515_veh_cep_size_m_7_3,25551,58577,33026,12317,20709,1970-01-01 07:05:51,1970-01-01 16:16:17,1970-01-01 09:10:26,1970-01-01 03:25:17,1970-01-01 05:45:09,van,83,168.8485580243461,36.01195501711154,"defaultdict(<class 'int'>, {7: 26, 6: 38, 8: 6, 5: 13})",gls,m,6,100.0,0.0,0.04,0.96,1.0,0.6060606060606061,1.0,171.78,62.81166358505674,209.8068388888889,38.28183888888889,272.8735024739456,1.2048192771084338,False
freight_gls_31535_veh_cep_size_l_7_3,25581,55965,30384,7950,22434,1970-01-01 07:06:21,1970-01-01 15:32:45,1970-01-01 08:26:24,1970-01-01 02:12:30,1970-01-01 06:13:54,van,55,187.89410451933634,44.50309967148945,"defaultdict(<class 'int'>, {7: 42, 8: 12, 6: 1})",gls,l,7,64.0,0.0,0.0,1.0,1.0,0.2782608695652174,1.0,189.15,72.52712434446383,193.02280000000002,21.4978,283.1749243444638,1.1636363636363636,False
freight_hermes_31311_veh_cep_size_m_7_2,25645,59551,33906,9373,24533,1970-01-01 07:07:25,1970-01-01 16:32:31,1970-01-01 09:25:06,1970-01-01 02:36:13,1970-01-01 06:48:53,van,58,217.6104827892581,40.44240153488134,"defaultdict(<class 'int'>, {8: 21, 7: 37})",hermes,m,7,75.0,0.0,0.0,1.0,1.0,0.45454545454545453,1.0,171.78,80.95109959760401,215.39728333333335,43.872283333333336,296.60338293093736,1.293103448275862,False
freight_gls_31515_veh_cep_size_m_7_4,25716,56487,30771,11086,19685,1970-01-01 07:08:36,1970-01-01 15:41:27,1970-01-01 08:32:51,1970-01-01 03:04:46,1970-01-01 05:28:05,van,60,143.97825494304908,35.92409642005216,"defaultdict(<class 'int'>, {7: 1, 6: 59})",gls,m,6,88.0,0.0,0.07954545454545454,0.9204545454545454,1.0,0.5333333333333333,1.0,171.78,53.559910838814254,195.48132500000003,23.956325000000003,249.29623583881425,1.4666666666666666,False
freight_gls_31535_veh_cep_size_l_7_5,25727,66926,41199,11974,29225,1970-01-01 07:08:47,1970-01-01 18:35:26,1970-01-01 11:26:39,1970-01-01 03:19:34,1970-01-01 08:07:05,van,73,235.02122442387827,44.107669125098646,"defaultdict(<class 'int'>, {7: 54, 6: 19})",gls,l,7,96.0,0.0,0.0,1.0,1.0,0.41739130434782606,1.0,189.15,90.71819262761701,261.72809166666667,90.20309166666668,370.0712842942837,1.3150684931506849,False
freight_hermes_31311_veh_cep_size_m_7_3,25793,55096,29303,9079,20224,1970-01-01 07:09:53,1970-01-01 15:18:16,1970-01-01 08:08:23,1970-01-01 02:31:19,1970-01-01 05:37:04,van,61,155.8223892286916,41.33974809763956,"defaultdict(<class 'int'>, {7: 47, 6: 14})",hermes,m,7,74.0,0.0,0.0,1.0,1.0,0.4484848484848485,1.0,171.78,57.965928793073275,186.15544722222225,14.630447222222223,244.3763760152955,1.2131147540983607,False
freight_dpd_31535_veh_cep_size_m_7_1,25841,58623,32782,8048,24734,1970-01-01 07:10:41,1970-01-01 16:17:03,1970-01-01 09:06:22,1970-01-01 02:14:08,1970-01-01 06:52:14,van,58,207.29302792562368,50.43034088196803,"defaultdict(<class 'int'>, {8: 25, 7: 33})",dpd,m,7,66.0,0.0,0.015151515151515152,0.9848484848484849,1.0,0.4,1.0,171.78,77.11300638833201,208.25676111111113,36.73176111111111,285.6247674994431,1.1379310344827587,False
freight_fedex_31832_veh_cep_size_m_7_1,25906,62359,36453,11129,25324,1970-01-01 07:11:46,1970-01-01 17:19:19,1970-01-01 10:07:33,1970-01-01 03:05:29,1970-01-01 07:02:04,van,74,212.78629999546433,42.585267128158115,"defaultdict(<class 'int'>, {8: 2, 7: 16, 6: 56})",fedex,m,6,91.0,0.0,0.9230769230769231,0.07692307692307693,1.0,0.5515151515151515,1.0,171.78,79.15650359831272,231.57780833333337,60.05280833333334,310.98931193164606,1.2297297297297298,False
freight_hermes_31832_veh_cep_size_m_7_3,25979,58590,32611,14235,18376,1970-01-01 07:12:59,1970-01-01 16:16:30,1970-01-01 09:03:31,1970-01-01 03:57:15,1970-01-01 05:06:16,van,71,159.85957314361144,36.897955669944636,"defaultdict(<class 'int'>, {8: 6, 7: 4, 6: 61})",hermes,m,6,114.0,0.0,0.02631578947368421,0.9736842105263158,1.0,0.6909090909090909,1.0,171.78,59.46776120942346,207.17043611111114,35.64543611111112,266.89319732053457,1.6056338028169015,False
freight_gls_30853_veh_cep_size_m_7_2,26022,55579,29557,15071,14486,1970-01-01 07:13:42,1970-01-01 15:26:19,1970-01-01 08:12:37,1970-01-01 04:11:11,1970-01-01 04:01:26,van,78,114.27556194882438,21.265366099341303,"defaultdict(<class 'int'>, {6: 78})",gls,m,6,122.0,0.0,0.12295081967213115,0.8770491803278688,1.0,0.7393939393939394,1.0,171.78,42.51050904496267,187.7690527777778,16.244052777777778,230.53456182274044,1.564102564102564,False
freight_dpd_30451_veh_cep_size_m_7_1,26069,54050,27981,14568,13413,1970-01-01 07:14:29,1970-01-01 15:00:50,1970-01-01 07:46:21,1970-01-01 04:02:48,1970-01-01 03:43:33,van,63,81.09161264343228,20.508039186475468,"defaultdict(<class 'int'>, {2: 62, 3: 1})",dpd,m,2,118.0,0.0,0.2542372881355932,0.7457627118644068,1.0,0.7151515151515152,1.0,171.78,30.16607990335681,177.75707500000001,6.232075000000001,208.1781549033568,1.873015873015873,True
freight_dpd_30823_veh_cep_size_m_7_3,26078,60376,34298,11907,22391,1970-01-01 07:14:38,1970-01-01 16:46:16,1970-01-01 09:31:38,1970-01-01 03:18:27,1970-01-01 06:13:11,van,65,175.92699402710122,28.82961749604235,"defaultdict(<class 'int'>, {8: 27, 5: 2, 4: 11, 6: 25})",dpd,m,8,96.0,0.0,0.125,0.875,1.0,0.5818181818181818,1.0,171.78,65.44484177808165,217.88757222222225,46.36257222222223,283.5874140003039,1.476923076923077,False
freight_dpd_30823_veh_cep_size_m_7_2,26078,60061,33983,12943,21040,1970-01-01 07:14:38,1970-01-01 16:41:01,1970-01-01 09:26:23,1970-01-01 03:35:43,1970-01-01 05:50:40,van,75,160.96366029015107,29.110470381325623,"defaultdict(<class 'int'>, {8: 16, 4: 33, 6: 26})",dpd,m,4,105.0,0.0,0.17142857142857143,0.8285714285714286,1.0,0.6363636363636364,1.0,171.78,59.878481627936196,215.88644722222224,44.361447222222225,276.0199288501584,1.4,False
freight_dpd_30823_veh_cep_size_m_7_1,26078,60587,34509,15173,19336,1970-01-01 07:14:38,1970-01-01 16:49:47,1970-01-01 09:35:09,1970-01-01 04:12:53,1970-01-01 05:22:16,van,90,153.45364599709362,30.6335587667544,"defaultdict(<class 'int'>, {4: 88, 6: 1, 8: 1})",dpd,m,4,123.0,0.0,0.1951219512195122,0.8048780487804879,1.0,0.7454545454545455,1.0,171.78,57.08475631091883,219.22800833333335,47.70300833333334,276.5677646442522,1.3666666666666667,False
freight_dpd_31535_veh_cep_size_m_7_2,26113,58764,32651,8314,24337,1970-01-01 07:15:13,1970-01-01 16:19:24,1970-01-01 09:04:11,1970-01-01 02:18:34,1970-01-01 06:45:37,van,59,237.50660180260505,47.471207872453135,"defaultdict(<class 'int'>, {8: 22, 7: 37})",dpd,m,7,67.0,0.0,0.07462686567164178,0.9253731343283582,1.0,0.40606060606060607,1.0,171.78,88.35245587056907,207.42454722222223,35.899547222222225,296.0320030927913,1.1355932203389831,False
freight_gls_31535_veh_cep_size_m_7_7,26131,58009,31878,10197,21681,1970-01-01 07:15:31,1970-01-01 16:06:49,1970-01-01 08:51:18,1970-01-01 02:49:57,1970-01-01 06:01:21,van,71,170.9242115032277,38.47936886048584,"defaultdict(<class 'int'>, {6: 56, 7: 15})",gls,m,6,83.0,0.0,0.04819277108433735,0.9518072289156626,1.0,0.503030303030303,1.0,171.78,63.583806679200706,202.51385000000002,30.988850000000003,266.3526566792007,1.1690140845070423,False
freight_gls_31535_veh_cep_size_m_7_6,26131,60236,34105,9814,24291,1970-01-01 07:15:31,1970-01-01 16:43:56,1970-01-01 09:28:25,1970-01-01 02:43:34,1970-01-01 06:44:51,van,64,156.79267765626625,38.753989219846716,"defaultdict(<class 'int'>, {6: 62, 7: 2})",gls,m,6,79.0,0.0,0.0759493670886076,0.9240506329113924,1.0,0.47878787878787876,1.0,171.78,58.326876088131044,216.66148611111115,45.13648611111112,275.2433621992422,1.234375,False
freight_gls_31535_veh_cep_size_m_7_4,26131,63820,37689,11336,26353,1970-01-01 07:15:31,1970-01-01 17:43:40,1970-01-01 10:28:09,1970-01-01 03:08:56,1970-01-01 07:19:13,van,77,206.9556688284642,43.614989426220504,"defaultdict(<class 'int'>, {8: 3, 7: 54, 6: 20})",gls,m,7,92.0,0.0,0.021739130434782608,0.9782608695652174,1.0,0.5575757575757576,1.0,171.78,76.98750880418869,239.42984166666668,67.90484166666667,316.67235047085535,1.1948051948051948,False
freight_gls_31535_veh_cep_size_m_7_2,26131,60157,34026,7276,26750,1970-01-01 07:15:31,1970-01-01 16:42:37,1970-01-01 09:27:06,1970-01-01 02:01:16,1970-01-01 07:25:50,van,52,229.59532593286892,49.070050078922655,"defaultdict(<class 'int'>, {7: 9, 8: 41, 5: 1, 6: 1})",gls,m,8,59.0,0.0,0.01694915254237288,0.9830508474576272,1.0,0.3575757575757576,1.0,171.78,85.40946124702724,216.1596166666667,44.63461666666667,301.8240779136939,1.1346153846153846,False
freight_ups_31535_veh_cep_size_m_7_1,26186,57567,31381,8629,22752,1970-01-01 07:16:26,1970-01-01 15:59:27,1970-01-01 08:43:01,1970-01-01 02:23:49,1970-01-01 06:19:12,van,55,221.48162943800935,31.4033282154768,"defaultdict(<class 'int'>, {8: 20, 7: 34, 6: 1})",ups,m,7,70.0,0.0,0.9285714285714286,0.07142857142857142,1.0,0.42424242424242425,1.0,171.78,82.39116615093948,199.35651944444447,27.831519444444446,282.0026855953839,1.2727272727272727,False
freight_gls_30890_veh_cep_size_m_7_2,26186,56284,30098,11510,18588,1970-01-01 07:16:26,1970-01-01 15:38:04,1970-01-01 08:21:38,1970-01-01 03:11:50,1970-01-01 05:09:48,van,64,140.3348697260325,30.507282888810636,"defaultdict(<class 'int'>, {4: 62, 6: 1, 8: 1})",gls,m,4,92.0,0.0,0.0,1.0,1.0,0.5575757575757576,1.0,171.78,52.204571538084096,191.20590555555557,19.680905555555558,243.66547709363965,1.4375,False
freight_gls_30890_veh_cep_size_m_7_1,26186,54950,28764,12184,16580,1970-01-01 07:16:26,1970-01-01 15:15:50,1970-01-01 07:59:24,1970-01-01 03:23:04,1970-01-01 04:36:20,van,78,135.67353647388538,31.50984384100505,"defaultdict(<class 'int'>, {4: 1, 8: 43, 5: 29, 7: 5})",gls,m,8,98.0,0.0,0.02040816326530612,0.9795918367346939,1.0,0.593939393939394,1.0,171.78,50.47055556828536,182.7313,11.2063,233.45685556828536,1.2564102564102564,False
freight_ups_31535_veh_cep_size_m_7_2,26207,58972,32765,14475,18290,1970-01-01 07:16:47,1970-01-01 16:22:52,1970-01-01 09:06:05,1970-01-01 04:01:15,1970-01-01 05:04:50,van,35,149.53905299714853,29.661203647651877,"defaultdict(<class 'int'>, {8: 2, 7: 3, 6: 30})",ups,m,6,114.0,0.0,0.7631578947368421,0.23684210526315788,1.0,0.6909090909090909,1.0,171.78,55.62852771493925,208.1487638888889,36.623763888888895,264.0322916038281,3.257142857142857,False
freight_hermes_31311_veh_cep_size_m_7_4,26236,54623,28387,8857,19530,1970-01-01 07:17:16,1970-01-01 15:10:23,1970-01-01 07:53:07,1970-01-01 02:27:37,1970-01-01 05:25:30,van,67,170.91758896852048,34.563050632719694,"defaultdict(<class 'int'>, {7: 55, 8: 12})",hermes,m,7,73.0,0.0,0.0,1.0,1.0,0.44242424242424244,1.0,171.78,63.581343096289615,180.3363027777778,8.81130277777778,244.17264587406737,1.0895522388059702,False
freight_hermes_31311_veh_cep_size_l_7_5,26236,55970,29734,9052,20682,1970-01-01 07:17:16,1970-01-01 15:32:50,1970-01-01 08:15:34,1970-01-01 02:30:52,1970-01-01 05:44:42,van,56,185.6497211825307,34.88566730358682,"defaultdict(<class 'int'>, {7: 56})",hermes,l,7,73.0,0.0,0.0,1.0,1.0,0.3173913043478261,1.0,189.15,71.66079237645685,188.89349444444446,17.368494444444448,278.17928682090127,1.3035714285714286,False
freight_hermes_30982_veh_cep_size_m_7_1,26240,56255,30015,12275,17740,1970-01-01 07:17:20,1970-01-01 15:37:35,1970-01-01 08:20:15,1970-01-01 03:24:35,1970-01-01 04:55:40,van,75,133.63106871385054,30.47731130406501,"defaultdict(<class 'int'>, {8: 38, 7: 37})",hermes,m,8,99.0,0.0,0.010101010101010102,0.98989898989899,1.0,0.6,1.0,171.78,49.7107575615524,190.678625,19.153625,240.64438256155242,1.32,False
freight_dpd_30163_veh_cep_size_m_7_1,26284,56181,29897,17423,12474,1970-01-01 07:18:04,1970-01-01 15:36:21,1970-01-01 08:18:17,1970-01-01 04:50:23,1970-01-01 03:27:54,van,63,88.87230207911374,19.356028391970064,"defaultdict(<class 'int'>, {3: 37, 2: 25, 5: 1})",dpd,m,3,140.0,0.0,0.12857142857142856,0.8714285714285714,1.0,0.8484848484848485,1.0,171.78,33.06049637343031,189.92899722222225,18.403997222222223,223.24449359565253,2.2222222222222223,True
freight_hermes_31832_veh_cep_size_m_7_5,26307,57824,31517,11713,19804,1970-01-01 07:18:27,1970-01-01 16:03:44,1970-01-01 08:45:17,1970-01-01 03:15:13,1970-01-01 05:30:04,van,70,146.69033322329477,33.62569455308304,"defaultdict(<class 'int'>, {7: 70})",hermes,m,7,95.0,0.0,0.0,1.0,1.0,0.5757575757575758,1.0,171.78,54.568803959065654,200.22049722222224,28.695497222222226,255.0443011812879,1.3571428571428572,False
freight_hermes_31832_veh_cep_size_m_7_4,26307,57609,31302,12365,18937,1970-01-01 07:18:27,1970-01-01 16:00:09,1970-01-01 08:41:42,1970-01-01 03:26:05,1970-01-01 05:15:37,van,85,177.40324250297942,33.988374271288585,"defaultdict(<class 'int'>, {7: 23, 8: 34, 6: 28})",hermes,m,8,101.0,0.0,0.009900990099009901,0.9900990099009901,1.0,0.6121212121212121,1.0,171.78,65.99400621110834,198.85465000000002,27.32965,265.10365621110833,1.188235294117647,False
freight_fedex_31275_veh_cep_size_m_7_1,26320,59197,32877,13762,19115,1970-01-01 07:18:40,1970-01-01 16:26:37,1970-01-01 09:07:57,1970-01-01 03:49:22,1970-01-01 05:18:35,van,77,187.76922165535262,32.250707603675615,"defaultdict(<class 'int'>, {7: 12, 6: 54, 8: 11})",fedex,m,6,111.0,0.0,0.9459459459459459,0.05405405405405406,1.0,0.6727272727272727,1.0,171.78,69.85015045579118,208.86027500000003,37.335275,278.9654254557912,1.4415584415584415,False
freight_gls_30890_veh_cep_size_m_7_3,26350,58000,31650,12212,19438,1970-01-01 07:19:10,1970-01-01 16:06:40,1970-01-01 08:47:30,1970-01-01 03:23:32,1970-01-01 05:23:58,van,73,160.5696010942033,31.596818999011443,"defaultdict(<class 'int'>, {4: 38, 6: 14, 8: 20, 7: 1})",gls,m,4,98.0,0.0,0.05102040816326531,0.9489795918367347,1.0,0.593939393939394,1.0,171.78,59.73189160704363,201.0654166666667,29.54041666666667,261.0523082737103,1.3424657534246576,False
freight_fedex_30880_veh_cep_size_m_7_1,26366,59359,32993,11739,21254,1970-01-01 07:19:26,1970-01-01 16:29:19,1970-01-01 09:09:53,1970-01-01 03:15:39,1970-01-01 05:54:14,van,68,154.28037398520786,27.35809780609314,"defaultdict(<class 'int'>, {4: 1, 8: 23, 7: 7, 6: 37})",fedex,m,6,95.0,0.0,0.9473684210526315,0.05263157894736842,1.0,0.5757575757575758,1.0,171.78,57.39229912249732,209.59719722222223,38.07219722222223,267.24449634471955,1.3970588235294117,False
freight_fedex_30880_veh_cep_size_m_7_2,26429,59481,33052,17114,15938,1970-01-01 07:20:29,1970-01-01 16:31:21,1970-01-01 09:10:52,1970-01-01 04:45:14,1970-01-01 04:25:38,van,34,102.51039433269243,27.273581180211,"defaultdict(<class 'int'>, {4: 4, 6: 25, 8: 4, 3: 1})",fedex,m,6,136.0,0.0,0.7573529411764706,0.2426470588235294,1.0,0.8242424242424242,1.0,171.78,38.13386669176158,209.97201111111113,38.44701111111112,248.36087780287272,4.0,False
freight_ups_31535_veh_cep_size_m_7_3,26448,55854,29406,9285,20121,1970-01-01 07:20:48,1970-01-01 15:30:54,1970-01-01 08:10:06,1970-01-01 02:34:45,1970-01-01 05:35:21,van,41,203.83781839601932,29.64705840779257,"defaultdict(<class 'int'>, {8: 2, 7: 15, 6: 24})",ups,m,6,74.0,0.0,0.7162162162162162,0.28378378378378377,1.0,0.4484848484848485,1.0,171.78,75.82766844331918,186.80978333333334,15.284783333333335,262.89245177665254,1.8048780487804879,False
freight_gls_30826_veh_cep_size_m_7_2,26458,57876,31418,12778,18640,1970-01-01 07:20:58,1970-01-01 16:04:36,1970-01-01 08:43:38,1970-01-01 03:32:58,1970-01-01 05:10:40,van,65,148.84522595719324,30.55902224168153,"defaultdict(<class 'int'>, {7: 40, 8: 25})",gls,m,7,101.0,0.0,0.039603960396039604,0.9603960396039604,1.0,0.6121212121212121,1.0,171.78,55.37042405607588,199.59157222222225,28.066572222222224,255.2169962782981,1.5538461538461539,False
freight_gls_30826_veh_cep_size_m_7_1,26458,57216,30758,10742,20016,1970-01-01 07:20:58,1970-01-01 15:53:36,1970-01-01 08:32:38,1970-01-01 02:59:02,1970-01-01 05:33:36,van,80,154.2917625652147,29.418726485959127,"defaultdict(<class 'int'>, {7: 49, 8: 31})",gls,m,7,88.0,0.0,0.03409090909090909,0.9659090909090909,1.0,0.5333333333333333,1.0,171.78,57.396535674259866,195.39873888888891,23.87373888888889,253.05027456314875,1.1,False
freight_hermes_30982_veh_cep_size_m_7_2,26485,60772,34287,16092,18195,1970-01-01 07:21:25,1970-01-01 16:52:52,1970-01-01 09:31:27,1970-01-01 04:28:12,1970-01-01 05:03:15,van,65,116.29753547806017,29.733135408211304,"defaultdict(<class 'int'>, {8: 26, 6: 39})",hermes,m,6,127.0,0.0,0.015748031496062992,0.984251968503937,1.0,0.7696969696969697,1.0,171.78,43.262683197838385,217.8176916666667,46.29269166666667,261.33537486450507,1.9538461538461538,False
freight_dpd_30890_veh_cep_size_m_7_5,26518,58168,31650,11034,20616,1970-01-01 07:21:58,1970-01-01 16:09:28,1970-01-01 08:47:30,1970-01-01 03:03:54,1970-01-01 05:43:36,van,80,189.88022019341048,38.27951484306841,"defaultdict(<class 'int'>, {6: 28, 8: 34, 4: 5, 5: 7, 7: 6})",dpd,m,8,90.0,0.0,0.07777777777777778,0.9222222222222223,1.0,0.5454545454545454,1.0,171.78,70.6354419119487,201.0654166666667,29.54041666666667,271.9558585786154,1.125,False
freight_ups_30880_veh_cep_size_m_7_2,26523,57955,31432,19681,11751,1970-01-01 07:22:03,1970-01-01 16:05:55,1970-01-01 08:43:52,1970-01-01 05:28:01,1970-01-01 03:15:51,van,29,70.12399159293719,21.41733514983533,"defaultdict(<class 'int'>, {6: 23, 3: 6})",ups,m,6,163.0,0.0,0.8220858895705522,0.17791411042944785,1.0,0.9878787878787879,1.0,171.78,26.086124872572633,199.68051111111112,28.155511111111114,226.02163598368375,5.620689655172414,False
freight_ups_30880_veh_cep_size_m_7_1,26523,56448,29925,12767,17158,1970-01-01 07:22:03,1970-01-01 15:40:48,1970-01-01 08:18:45,1970-01-01 03:32:47,1970-01-01 04:45:58,van,64,111.57447099588647,22.994837147594552,"defaultdict(<class 'int'>, {6: 26, 3: 1, 4: 17, 8: 20})",ups,m,6,103.0,0.0,0.883495145631068,0.11650485436893204,1.0,0.6242424242424243,1.0,171.78,41.50570321046977,190.10687500000003,18.581875,231.86757821046976,1.609375,False
freight_ups_30453_veh_cep_size_m_7_1,26531,62763,36232,16947,19285,1970-01-01 07:22:11,1970-01-01 17:26:03,1970-01-01 10:03:52,1970-01-01 04:42:27,1970-01-01 05:21:25,van,85,119.87859872515043,14.795108020899287,"defaultdict(<class 'int'>, {6: 2, 4: 76, 5: 4, 3: 3})",ups,m,4,135.0,0.0,0.837037037037037,0.16296296296296298,1.0,0.8181818181818182,1.0,171.78,44.594838725755956,230.17384444444446,58.64884444444445,275.0236831702004,1.588235294117647,True
freight_dpd_31535_veh_cep_size_m_7_3,26542,53644,27102,7347,19755,1970-01-01 07:22:22,1970-01-01 14:54:04,1970-01-01 07:31:42,1970-01-01 02:02:27,1970-01-01 05:29:15,van,55,215.8395821967035,45.253705178283916,"defaultdict(<class 'int'>, {8: 15, 7: 39, 6: 1})",dpd,m,7,60.0,0.0,0.03333333333333333,0.9666666666666667,1.0,0.36363636363636365,1.0,171.78,80.2923245771737,172.17298333333335,0.6479833333333334,252.72030791050705,1.0909090909090908,False
freight_ups_30982_veh_cep_size_m_7_1,26535,58816,32281,12904,19377,1970-01-01 07:22:15,1970-01-01 16:20:16,1970-01-01 08:58:01,1970-01-01 03:35:04,1970-01-01 05:22:57,van,66,142.69636440536013,25.767879518007728,"defaultdict(<class 'int'>, {6: 32, 8: 25, 7: 9})",ups,m,6,104.0,0.0,0.8076923076923077,0.19230769230769232,1.0,0.6303030303030303,1.0,171.78,53.083047558793965,205.07401944444447,33.54901944444445,258.4120670032384,1.5757575757575757,False
freight_dpd_30890_veh_cep_size_m_7_4,26547,58229,31682,12708,18974,1970-01-01 07:22:27,1970-01-01 16:10:29,1970-01-01 08:48:02,1970-01-01 03:31:48,1970-01-01 05:16:14,van,68,171.6465696125942,38.91732917512716,"defaultdict(<class 'int'>, {6: 7, 8: 51, 4: 8, 5: 2})",dpd,m,8,101.0,0.0,0.12871287128712872,0.8712871287128713,1.0,0.6121212121212121,1.0,171.78,63.85252389588504,201.26870555555558,29.743705555555557,265.3762294514406,1.4852941176470589,False
freight_gls_30855_veh_cep_size_m_7_1,26584,60494,33910,10946,22964,1970-01-01 07:23:04,1970-01-01 16:48:14,1970-01-01 09:25:10,1970-01-01 03:02:26,1970-01-01 06:22:44,van,42,167.1990015593007,26.945389050926572,"defaultdict(<class 'int'>, {4: 41, 6: 1})",gls,m,4,87.0,0.0,0.11494252873563218,0.8850574712643678,1.0,0.5272727272727272,1.0,171.78,62.19802858005986,215.42269444444446,43.89769444444445,277.8757230245043,2.0714285714285716,False
freight_gls_30926_veh_cep_size_m_7_1,26598,59531,32933,12585,20348,1970-01-01 07:23:18,1970-01-01 16:32:11,1970-01-01 09:08:53,1970-01-01 03:29:45,1970-01-01 05:39:08,van,85,139.8872319908546,26.815095963334986,"defaultdict(<class 'int'>, {6: 29, 8: 6, 7: 50})",gls,m,7,102.0,0.0,0.029411764705882353,0.9705882352941176,1.0,0.6181818181818182,1.0,171.78,52.03805030059791,209.21603055555556,37.69103055555556,261.50908085615345,1.2,False
freight_gls_30827_veh_cep_size_m_7_1,26632,56165,29533,12338,17195,1970-01-01 07:23:52,1970-01-01 15:36:05,1970-01-01 08:12:13,1970-01-01 03:25:38,1970-01-01 04:46:35,van,75,133.48923290265003,26.997685766293618,"defaultdict(<class 'int'>, {6: 75})",gls,m,6,100.0,0.0,0.16,0.84,1.0,0.6060606060606061,1.0,171.78,49.65799463978581,187.61658611111113,16.091586111111113,237.5295807508969,1.3333333333333333,False
freight_hermes_30880_veh_cep_size_m_7_2,26655,60339,33684,13266,20418,1970-01-01 07:24:15,1970-01-01 16:45:39,1970-01-01 09:21:24,1970-01-01 03:41:06,1970-01-01 05:40:18,van,63,117.88103278791537,25.495922030933205,"defaultdict(<class 'int'>, {4: 25, 6: 36, 8: 1, 3: 1})",hermes,m,6,107.0,0.0,0.009345794392523364,0.9906542056074766,1.0,0.6484848484848484,1.0,171.78,43.851744197104516,213.9869666666667,42.46196666666667,258.0937108637712,1.6984126984126984,False
freight_dpd_31515_veh_cep_size_l_7_3,26657,59695,33038,11002,22036,1970-01-01 07:24:17,1970-01-01 16:34:55,1970-01-01 09:10:38,1970-01-01 03:03:22,1970-01-01 06:07:16,van,47,254.97971114501192,47.5591705097006,"defaultdict(<class 'int'>, {7: 14, 6: 33})",dpd,l,6,87.0,0.0,0.20689655172413793,0.7931034482758621,1.0,0.3782608695652174,1.0,189.15,98.4221685019746,209.88307222222224,38.358072222222226,325.93024072419684,1.851063829787234,False
freight_dpd_31515_veh_cep_size_l_7_2,26657,55090,28433,9486,18947,1970-01-01 07:24:17,1970-01-01 15:18:10,1970-01-01 07:53:53,1970-01-01 02:38:06,1970-01-01 05:15:47,van,50,235.3728123723803,48.60922796575641,"defaultdict(<class 'int'>, {7: 16, 6: 20, 5: 14})",dpd,l,6,76.0,0.0,0.14473684210526316,0.8552631578947368,1.0,0.33043478260869563,1.0,189.15,90.8539055757388,180.62853055555559,9.103530555555556,289.1074361312944,1.52,False
freight_fedex_30880_veh_cep_size_m_7_4,26693,56680,29987,18459,11528,1970-01-01 07:24:53,1970-01-01 15:44:40,1970-01-01 08:19:47,1970-01-01 05:07:39,1970-01-01 03:12:08,van,26,79.33904185202448,26.84204455970184,"defaultdict(<class 'int'>, {6: 5, 3: 18, 7: 3})",fedex,m,3,152.0,0.0,0.8157894736842105,0.18421052631578946,1.0,0.9212121212121213,1.0,171.78,29.514123568953107,190.50074722222223,18.975747222222225,220.26987079117532,5.846153846153846,False
freight_dpd_31515_veh_cep_size_m_7_8,26694,52958,26264,8812,17452,1970-01-01 07:24:54,1970-01-01 14:42:38,1970-01-01 07:17:44,1970-01-01 02:26:52,1970-01-01 04:50:52,van,61,207.90387319332942,48.552560506248426,"defaultdict(<class 'int'>, {7: 15, 6: 46})",dpd,m,6,72.0,0.0,0.18055555555555555,0.8194444444444444,1.0,0.43636363636363634,1.0,171.78,77.34024082791855,166.84935555555558,0.0,249.12024082791856,1.180327868852459,False
freight_ups_31535_veh_cep_size_m_7_5,26695,56782,30087,8199,21888,1970-01-01 07:24:55,1970-01-01 15:46:22,1970-01-01 08:21:27,1970-01-01 02:16:39,1970-01-01 06:04:48,van,51,212.90433256136654,26.84154822974615,"defaultdict(<class 'int'>, {7: 19, 8: 7, 6: 25})",ups,m,6,67.0,0.0,0.7910447761194029,0.208955223880597,1.0,0.40606060606060607,1.0,171.78,79.20041171282836,191.13602500000002,19.611025,270.59143671282834,1.3137254901960784,False
freight_hermes_30952_veh_cep_size_m_7_1,26698,57203,30505,13613,16892,1970-01-01 07:24:58,1970-01-01 15:53:23,1970-01-01 08:28:25,1970-01-01 03:46:53,1970-01-01 04:41:32,van,74,118.16173605913045,23.012833153365502,"defaultdict(<class 'int'>, {4: 55, 7: 4, 8: 15})",hermes,m,4,110.0,0.0,0.01818181818181818,0.9818181818181818,1.0,0.6666666666666666,1.0,171.78,43.95616581399653,193.79148611111114,22.266486111111114,238.00265192510764,1.4864864864864864,False
freight_fedex_30880_veh_cep_size_m_7_3,26693,57300,30607,13428,17179,1970-01-01 07:24:53,1970-01-01 15:55:00,1970-01-01 08:30:07,1970-01-01 03:43:48,1970-01-01 04:46:19,van,57,125.5609734392225,27.083342029391446,"defaultdict(<class 'int'>, {6: 41, 4: 9, 7: 2, 3: 5})",fedex,m,6,108.0,0.0,0.9537037037037037,0.046296296296296294,1.0,0.6545454545454545,1.0,171.78,46.708682119390765,194.43946944444446,22.914469444444446,241.40315156383522,1.894736842105263,False
freight_dpd_31515_veh_cep_size_m_7_1,26694,54540,27846,9325,18521,1970-01-01 07:24:54,1970-01-01 15:09:00,1970-01-01 07:44:06,1970-01-01 02:35:25,1970-01-01 05:08:41,van,58,233.27307838551795,48.34089468222553,"defaultdict(<class 'int'>, {7: 34, 6: 8, 8: 16})",dpd,m,7,76.0,0.0,0.15789473684210525,0.8421052631578947,1.0,0.46060606060606063,1.0,171.78,86.77758515941268,176.89945000000003,5.37445,263.9320351594127,1.3103448275862069,False
freight_ups_31535_veh_cep_size_l_7_4,26695,57949,31254,12485,18769,1970-01-01 07:24:55,1970-01-01 16:05:49,1970-01-01 08:40:54,1970-01-01 03:28:05,1970-01-01 05:12:49,van,67,147.2244535072554,24.820054518240216,"defaultdict(<class 'int'>, {7: 3, 6: 54, 8: 3, 5: 7})",ups,l,6,101.0,0.0,0.8217821782178217,0.1782178217821782,1.0,0.4391304347826087,1.0,189.15,56.82863905380058,198.54971666666668,27.02471666666667,273.00335572046725,1.507462686567164,False
freight_gls_30926_veh_cep_size_m_7_2,26705,57491,30786,13701,17085,1970-01-01 07:25:05,1970-01-01 15:58:11,1970-01-01 08:33:06,1970-01-01 03:48:21,1970-01-01 04:44:45,van,78,117.1847359904792,25.272913123831824,"defaultdict(<class 'int'>, {6: 66, 8: 12})",gls,m,6,111.0,0.0,0.10810810810810811,0.8918918918918919,1.0,0.6727272727272727,1.0,171.78,43.59272178845826,195.5766166666667,24.051616666666668,239.4243384551249,1.4230769230769231,False
freight_dpd_30926_veh_cep_size_l_7_3,26702,61856,35154,11590,23564,1970-01-01 07:25:02,1970-01-01 17:10:56,1970-01-01 09:45:54,1970-01-01 03:13:10,1970-01-01 06:32:44,van,68,167.6069362700812,30.53172540095778,"defaultdict(<class 'int'>, {6: 35, 4: 11, 8: 2, 7: 20})",dpd,l,6,94.0,0.0,0.18085106382978725,0.8191489361702128,1.0,0.40869565217391307,1.0,189.15,64.69627740025135,223.32555000000002,51.80055000000001,305.64682740025137,1.3823529411764706,False
freight_ups_30880_veh_cep_size_m_7_3,26709,57406,30697,19311,11386,1970-01-01 07:25:09,1970-01-01 15:56:46,1970-01-01 08:31:37,1970-01-01 05:21:51,1970-01-01 03:09:46,van,24,73.08565188858981,22.38522337870425,"defaultdict(<class 'int'>, {6: 7, 3: 16, 7: 1})",ups,m,3,159.0,0.0,0.6729559748427673,0.3270440251572327,1.0,0.9636363636363636,1.0,171.78,27.187862502555408,195.01121944444446,23.486219444444448,222.45408194699988,6.625,False
freight_gls_30855_veh_cep_size_m_7_2,26714,56739,30025,15887,14138,1970-01-01 07:25:14,1970-01-01 15:45:39,1970-01-01 08:20:25,1970-01-01 04:24:47,1970-01-01 03:55:38,van,62,116.0979416549316,26.66964383154769,"defaultdict(<class 'int'>, {4: 55, 6: 6, 5: 1})",gls,m,4,129.0,0.0,0.06201550387596899,0.937984496124031,1.0,0.7818181818181819,1.0,171.78,43.18843429563456,190.7421527777778,19.21715277777778,234.18558707341234,2.0806451612903225,False
freight_hermes_31535_0_veh_cep_size_m_7_1,26716,58877,32161,12150,20011,1970-01-01 07:25:16,1970-01-01 16:21:17,1970-01-01 08:56:01,1970-01-01 03:22:30,1970-01-01 05:33:31,van,85,161.2305076632296,29.827396486961252,"defaultdict(<class 'int'>, {8: 60, 7: 25})",hermes,m,8,98.0,0.0,0.0,1.0,1.0,0.593939393939394,1.0,171.78,59.977748850721404,204.31168611111113,32.786686111111116,264.5444349618325,1.1529411764705881,False
freight_dpd_30926_veh_cep_size_l_7_2,26702,60659,33957,11805,22152,1970-01-01 07:25:02,1970-01-01 16:50:59,1970-01-01 09:25:57,1970-01-01 03:16:45,1970-01-01 06:09:12,van,59,158.99632997210992,30.31953391818661,"defaultdict(<class 'int'>, {6: 32, 8: 9, 4: 18})",dpd,l,6,95.0,0.0,0.18947368421052632,0.8105263157894737,1.0,0.41304347826086957,1.0,189.15,61.372583369234434,215.72127500000002,44.19627500000001,294.71885836923445,1.6101694915254237,False
freight_ups_31303_veh_cep_size_l_7_1,26713,57576,30863,13206,17657,1970-01-01 07:25:13,1970-01-01 15:59:36,1970-01-01 08:34:23,1970-01-01 03:40:06,1970-01-01 04:54:17,van,88,150.39421188748017,24.508172837525795,"defaultdict(<class 'int'>, {4: 33, 6: 28, 7: 10, 8: 17})",ups,l,4,108.0,0.0,0.8240740740740741,0.17592592592592593,1.0,0.46956521739130436,1.0,189.15,58.05216578856734,196.06578055555556,24.540780555555557,271.7429463441229,1.2272727272727273,True
freight_gls_30855_veh_cep_size_m_7_4,26720,56526,29806,14801,15005,1970-01-01 07:25:20,1970-01-01 15:42:06,1970-01-01 08:16:46,1970-01-01 04:06:41,1970-01-01 04:10:05,van,60,116.50318299966652,25.51273260740704,"defaultdict(<class 'int'>, {4: 31, 6: 22, 5: 7})",gls,m,4,118.0,0.0,0.16101694915254236,0.8389830508474576,1.0,0.7151515151515152,1.0,171.78,43.33918407587595,189.35089444444446,17.825894444444447,232.9450785203204,1.9666666666666666,False
freight_fedex_31275_veh_cep_size_l_7_3,26739,63033,36294,14987,21307,1970-01-01 07:25:39,1970-01-01 17:30:33,1970-01-01 10:04:54,1970-01-01 04:09:47,1970-01-01 05:55:07,van,68,204.29831959556182,25.26878514695574,"defaultdict(<class 'int'>, {8: 2, 6: 65, 7: 1})",fedex,l,6,120.0,0.0,0.925,0.075,1.0,0.5217391304347826,1.0,189.15,78.85915136388687,230.56771666666668,59.04271666666667,327.0518680305535,1.7647058823529411,False
freight_hermes_31535_0_veh_cep_size_m_7_2,26748,59546,32798,11063,21735,1970-01-01 07:25:48,1970-01-01 16:32:26,1970-01-01 09:06:38,1970-01-01 03:04:23,1970-01-01 06:02:15,van,78,164.2294467204226,29.039494023828066,"defaultdict(<class 'int'>, {8: 38, 7: 40})",hermes,m,7,90.0,0.0,0.0,1.0,1.0,0.5454545454545454,1.0,171.78,61.093354179997206,208.35840555555558,36.83340555555556,269.70675973555274,1.1538461538461537,False
freight_gls_30855_veh_cep_size_m_7_5,26749,58965,32216,17526,14690,1970-01-01 07:25:49,1970-01-01 16:22:45,1970-01-01 08:56:56,1970-01-01 04:52:06,1970-01-01 04:04:50,van,62,109.42814768145509,23.896266042909954,"defaultdict(<class 'int'>, {4: 41, 6: 13, 5: 8})",gls,m,4,140.0,0.0,0.18571428571428572,0.8142857142857143,1.0,0.8484848484848485,1.0,171.78,40.70727093750129,204.6610888888889,33.13608888888889,245.62335982639019,2.2580645161290325,False
freight_fedex_31275_veh_cep_size_l_7_4,26741,57993,31252,12909,18343,1970-01-01 07:25:41,1970-01-01 16:06:33,1970-01-01 08:40:52,1970-01-01 03:35:09,1970-01-01 05:05:43,van,69,164.2577985732715,24.414553665456868,"defaultdict(<class 'int'>, {6: 63, 5: 3, 7: 1, 8: 2})",fedex,l,6,105.0,0.0,0.8761904761904762,0.12380952380952381,1.0,0.45652173913043476,1.0,189.15,63.403510249282796,198.53701111111113,27.012011111111114,279.5655213603939,1.5217391304347827,False
freight_dpd_31535_veh_cep_size_m_7_4,26754,58296,31542,9661,21881,1970-01-01 07:25:54,1970-01-01 16:11:36,1970-01-01 08:45:42,1970-01-01 02:41:01,1970-01-01 06:04:41,van,68,223.2498259598833,42.873763808454456,"defaultdict(<class 'int'>, {7: 31, 8: 21, 6: 16})",dpd,m,7,78.0,0.0,0.16666666666666666,0.8333333333333334,1.0,0.4727272727272727,1.0,171.78,83.0489352570766,200.37931666666668,28.85431666666667,283.6832519237432,1.1470588235294117,False
freight_hermes_30890_veh_cep_size_m_7_7,26751,57513,30762,8258,22504,1970-01-01 07:25:51,1970-01-01 15:58:33,1970-01-01 08:32:42,1970-01-01 02:17:38,1970-01-01 06:15:04,van,43,237.86702460224623,30.1488343208871,"defaultdict(<class 'int'>, {8: 12, 6: 9, 7: 10, 5: 11, 4: 1})",hermes,m,8,66.0,0.0,0.0,1.0,1.0,0.4,1.0,171.78,88.48653315203559,195.42415000000003,23.899150000000002,284.1656831520356,1.5348837209302326,False
freight_gls_30855_veh_cep_size_m_7_8,26750,59080,32330,14396,17934,1970-01-01 07:25:50,1970-01-01 16:24:40,1970-01-01 08:58:50,1970-01-01 03:59:56,1970-01-01 04:58:54,van,88,117.96463045505752,21.965289334573395,"defaultdict(<class 'int'>, {5: 66, 6: 22})",gls,m,5,117.0,0.0,0.11965811965811966,0.8803418803418803,1.0,0.7090909090909091,1.0,171.78,43.8828425292814,205.38530555555556,33.860305555555556,249.52314808483695,1.3295454545454546,False
freight_hermes_30890_veh_cep_size_m_7_5,26751,60047,33296,10396,22900,1970-01-01 07:25:51,1970-01-01 16:40:47,1970-01-01 09:14:56,1970-01-01 02:53:16,1970-01-01 06:21:40,van,67,209.80443513315623,29.72174369008808,"defaultdict(<class 'int'>, {8: 48, 4: 5, 6: 14})",hermes,m,8,85.0,0.0,0.0,1.0,1.0,0.5151515151515151,1.0,171.78,78.04724986953411,211.5220888888889,39.99708888888889,289.824338758423,1.2686567164179106,False
freight_dpd_30171_veh_cep_size_m_7_2,26768,51923,25155,15252,9903,1970-01-01 07:26:08,1970-01-01 14:25:23,1970-01-01 06:59:15,1970-01-01 04:14:12,1970-01-01 02:45:03,van,61,70.61046322027983,16.698807154769177,"defaultdict(<class 'int'>, {2: 61})",dpd,m,2,123.0,0.0,0.17073170731707318,0.8292682926829268,1.0,0.7454545454545455,1.0,171.78,26.267092317944094,159.80412500000003,0.0,198.0470923179441,2.0163934426229506,True
freight_gls_30855_veh_cep_size_m_7_7,26750,51542,24792,9925,14867,1970-01-01 07:25:50,1970-01-01 14:19:02,1970-01-01 06:53:12,1970-01-01 02:45:25,1970-01-01 04:07:47,van,40,90.40907349457585,22.41150219103685,"defaultdict(<class 'int'>, {5: 5, 6: 35})",gls,m,6,78.0,0.0,0.14102564102564102,0.8589743589743589,1.0,0.4727272727272727,1.0,171.78,33.63217533998222,157.4980666666667,0.0,205.4121753399822,1.95,False
freight_hermes_30890_veh_cep_size_m_7_1,26751,57880,31129,9783,21346,1970-01-01 07:25:51,1970-01-01 16:04:40,1970-01-01 08:38:49,1970-01-01 02:43:03,1970-01-01 05:55:46,van,55,177.89100727634516,29.89833743262779,"defaultdict(<class 'int'>, {8: 40, 6: 8, 4: 7})",hermes,m,8,79.0,0.0,0.0,1.0,1.0,0.47878787878787876,1.0,171.78,66.1754547068004,197.75561944444448,26.230619444444446,264.18607415124484,1.4363636363636363,False
freight_dpd_30171_veh_cep_size_m_7_1,26768,57766,30998,19851,11147,1970-01-01 07:26:08,1970-01-01 16:02:46,1970-01-01 08:36:38,1970-01-01 05:30:51,1970-01-01 03:05:47,van,65,76.2336257051858,16.859394789813205,"defaultdict(<class 'int'>, {2: 63, 1: 2})",dpd,m,2,161.0,0.0,0.12422360248447205,0.8757763975155279,1.0,0.9757575757575757,1.0,171.78,28.35890876232912,196.92340555555558,25.39840555555556,225.5373143178847,2.476923076923077,True
freight_gls_30855_veh_cep_size_m_7_6,26750,58095,31345,13660,17685,1970-01-01 07:25:50,1970-01-01 16:08:15,1970-01-01 08:42:25,1970-01-01 03:47:40,1970-01-01 04:54:45,van,48,129.14081768771788,22.278717847359612,"defaultdict(<class 'int'>, {5: 15, 4: 12, 6: 21})",gls,m,6,109.0,0.0,0.09174311926605505,0.908256880733945,1.0,0.6606060606060606,1.0,171.78,48.04038417983105,199.12781944444447,27.602819444444446,247.4232036242755,2.2708333333333335,False
freight_hermes_30890_veh_cep_size_l_7_3,26751,56425,29674,13417,16257,1970-01-01 07:25:51,1970-01-01 15:40:25,1970-01-01 08:14:34,1970-01-01 03:43:37,1970-01-01 04:30:57,van,55,132.51829754757813,29.495974128329035,"defaultdict(<class 'int'>, {8: 24, 6: 3, 4: 28})",hermes,l,4,106.0,0.0,0.0,1.0,1.0,0.4608695652173913,1.0,189.15,51.15206285336516,188.51232777777778,16.98732777777778,257.28939063114296,1.9272727272727272,False
freight_gls_30890_veh_cep_size_m_7_4,26770,58072,31302,12149,19153,1970-01-01 07:26:10,1970-01-01 16:07:52,1970-01-01 08:41:42,1970-01-01 03:22:29,1970-01-01 05:19:13,van,84,159.9343687018197,26.041985255646075,"defaultdict(<class 'int'>, {8: 54, 6: 25, 5: 5})",gls,m,8,99.0,0.0,0.04040404040404041,0.9595959595959596,1.0,0.6,1.0,171.78,59.495585157076924,198.85465000000002,27.32965,258.60523515707695,1.1785714285714286,False
freight_hermes_30890_veh_cep_size_l_7_2,26751,56494,29743,10974,18769,1970-01-01 07:25:51,1970-01-01 15:41:34,1970-01-01 08:15:43,1970-01-01 03:02:54,1970-01-01 05:12:49,van,53,149.65041687890056,31.02145551724094,"defaultdict(<class 'int'>, {8: 17, 6: 3, 4: 31, 7: 2})",hermes,l,4,87.0,0.0,0.0,1.0,1.0,0.3782608695652174,1.0,189.15,57.76506091525562,188.95066944444446,17.425669444444445,264.34073035970005,1.6415094339622642,False
freight_dpd_30989_veh_cep_size_m_7_2,26797,64236,37439,16612,20827,1970-01-01 07:26:37,1970-01-01 17:50:36,1970-01-01 10:23:59,1970-01-01 04:36:52,1970-01-01 05:47:07,van,91,140.33503163367268,27.92544007615133,"defaultdict(<class 'int'>, {8: 12, 4: 79})",dpd,m,4,134.0,0.0,0.1791044776119403,0.8208955223880597,1.0,0.8121212121212121,1.0,171.78,52.20463176772624,237.84164722222224,66.31664722222223,290.30127898994846,1.4725274725274726,False
freight_dpd_30989_veh_cep_size_m_7_1,26797,58878,32081,11178,20903,1970-01-01 07:26:37,1970-01-01 16:21:18,1970-01-01 08:54:41,1970-01-01 03:06:18,1970-01-01 05:48:23,van,79,146.9777645922084,27.85839659816476,"defaultdict(<class 'int'>, {8: 45, 4: 34})",dpd,m,8,91.0,0.0,0.16483516483516483,0.8351648351648352,1.0,0.5515151515151515,1.0,171.78,54.67572842830152,203.8034638888889,32.27846388888889,258.7341923171904,1.1518987341772151,False
freight_hermes_31319_veh_cep_size_m_7_1,26763,59531,32768,15322,17446,1970-01-01 07:26:03,1970-01-01 16:32:11,1970-01-01 09:06:08,1970-01-01 04:15:22,1970-01-01 04:50:46,van,104,141.9338792668234,30.26255349564382,"defaultdict(<class 'int'>, {6: 42, 7: 23, 8: 39})",hermes,m,6,125.0,0.0,0.0,1.0,1.0,0.7575757575757576,1.0,171.78,52.799403087258305,208.16782222222224,36.64282222222223,261.2222253094805,1.2019230769230769,False
freight_hermes_30880_veh_cep_size_m_7_4,26767,60763,33996,13059,20937,1970-01-01 07:26:07,1970-01-01 16:52:43,1970-01-01 09:26:36,1970-01-01 03:37:39,1970-01-01 05:48:57,van,71,118.32072094844554,24.730972728252894,"defaultdict(<class 'int'>, {6: 33, 4: 13, 7: 10, 3: 15})",hermes,m,6,105.0,0.0,0.02857142857142857,0.9714285714285714,1.0,0.6363636363636364,1.0,171.78,44.01530819282174,215.96903333333336,44.44403333333334,260.2393415261551,1.4788732394366197,False
freight_ups_31303_veh_cep_size_m_7_2,26824,58101,31277,12715,18562,1970-01-01 07:27:04,1970-01-01 16:08:21,1970-01-01 08:41:17,1970-01-01 03:31:55,1970-01-01 05:09:22,van,51,139.0616418088159,24.083046118907035,"defaultdict(<class 'int'>, {4: 31, 8: 2, 6: 1, 7: 17})",ups,m,4,102.0,0.0,0.7254901960784313,0.27450980392156865,1.0,0.6181818181818182,1.0,171.78,51.73093075287951,198.69583055555557,27.170830555555558,250.68176130843509,2.0,True
freight_hermes_30989_veh_cep_size_l_7_1,26771,55071,28300,12147,16153,1970-01-01 07:26:11,1970-01-01 15:17:51,1970-01-01 07:51:40,1970-01-01 03:22:27,1970-01-01 04:29:13,van,75,110.9075757400338,23.67769103024744,"defaultdict(<class 'int'>, {4: 26, 8: 49})",hermes,l,8,99.0,0.0,0.030303030303030304,0.9696969696969697,1.0,0.43043478260869567,1.0,189.15,42.81032423565305,179.78361111111113,8.258611111111112,240.21893534676417,1.32,False
freight_gls_30855_veh_cep_size_m_7_3,26837,57750,30913,15007,15906,1970-01-01 07:27:17,1970-01-01 16:02:30,1970-01-01 08:35:13,1970-01-01 04:10:07,1970-01-01 04:25:06,van,59,117.34732410359527,26.18649822189891,"defaultdict(<class 'int'>, {6: 5, 4: 53, 5: 1})",gls,m,4,120.0,0.0,0.058333333333333334,0.9416666666666667,1.0,0.7272727272727273,1.0,171.78,43.65320456653744,196.38341944444446,24.858419444444447,240.29162401098188,2.0338983050847457,False
freight_hermes_31535_1_veh_cep_size_m_7_1,26837,52065,25228,9179,16049,1970-01-01 07:27:17,1970-01-01 14:27:45,1970-01-01 07:00:28,1970-01-01 02:32:59,1970-01-01 04:27:29,van,59,149.52497487462963,30.549525525937945,"defaultdict(<class 'int'>, {7: 56, 6: 3})",hermes,m,7,74.0,0.0,0.0,1.0,1.0,0.4484848484848485,1.0,171.78,55.623290653362226,160.26787777777778,0.0,227.40329065336223,1.2542372881355932,False
freight_ups_30880_veh_cep_size_m_7_4,26847,59924,33077,16790,16287,1970-01-01 07:27:27,1970-01-01 16:38:44,1970-01-01 09:11:17,1970-01-01 04:39:50,1970-01-01 04:31:27,van,52,95.24425939909806,20.37435364675285,"defaultdict(<class 'int'>, {3: 25, 7: 13, 6: 14})",ups,m,3,134.0,0.0,0.8432835820895522,0.15671641791044777,1.0,0.8121212121212121,1.0,171.78,35.43086449646448,210.13083055555558,38.605830555555556,245.81669505202,2.576923076923077,False
freight_gls_30926_veh_cep_size_m_7_4,26854,58134,31280,14487,16793,1970-01-01 07:27:34,1970-01-01 16:08:54,1970-01-01 08:41:20,1970-01-01 04:01:27,1970-01-01 04:39:53,van,90,112.79565611712779,19.67205159738987,"defaultdict(<class 'int'>, {8: 9, 7: 24, 4: 56, 6: 1})",gls,m,4,118.0,0.0,0.09322033898305085,0.9067796610169492,1.0,0.7151515151515152,1.0,171.78,41.95998407557154,198.7148888888889,27.18988888888889,240.92987296446046,1.3111111111111111,False
freight_ups_30880_veh_cep_size_m_7_5,26851,62955,36104,17611,18493,1970-01-01 07:27:31,1970-01-01 17:29:15,1970-01-01 10:01:44,1970-01-01 04:53:31,1970-01-01 05:08:13,van,64,104.72194837749252,21.412046818515623,"defaultdict(<class 'int'>, {3: 26, 7: 13, 6: 25})",ups,m,3,140.0,0.0,0.85,0.15,1.0,0.8484848484848485,1.0,171.78,38.956564796427216,229.36068888888892,57.835688888888896,268.5722536853161,2.1875,False
freight_hermes_30952_veh_cep_size_m_7_2,26858,57225,30367,13714,16653,1970-01-01 07:27:38,1970-01-01 15:53:45,1970-01-01 08:26:07,1970-01-01 03:48:34,1970-01-01 04:37:33,van,65,109.32084087236699,21.19454023220539,"defaultdict(<class 'int'>, {7: 30, 4: 29, 8: 4, 6: 2})",hermes,m,7,110.0,0.0,0.01818181818181818,0.9818181818181818,1.0,0.6666666666666666,1.0,171.78,40.66735280452052,192.9148027777778,21.38980277777778,233.8371555822983,1.6923076923076923,False
freight_gls_30926_veh_cep_size_m_7_3,26854,55637,28783,11526,17257,1970-01-01 07:27:34,1970-01-01 15:27:17,1970-01-01 07:59:43,1970-01-01 03:12:06,1970-01-01 04:47:37,van,80,114.35009326902093,19.56207416769905,"defaultdict(<class 'int'>, {8: 19, 4: 30, 6: 31})",gls,m,6,94.0,0.0,0.11702127659574468,0.8829787234042553,1.0,0.5696969696969697,1.0,171.78,42.53823469607578,182.85200277777778,11.327002777777778,225.64523747385357,1.175,False
freight_hermes_30890_veh_cep_size_m_7_6,26862,56919,30057,14010,16047,1970-01-01 07:27:42,1970-01-01 15:48:39,1970-01-01 08:20:57,1970-01-01 03:53:30,1970-01-01 04:27:27,van,90,149.5064765003561,28.87948256503321,"defaultdict(<class 'int'>, {8: 23, 4: 38, 7: 7, 6: 20, 5: 2})",hermes,m,4,113.0,0.0,0.0,1.0,1.0,0.6848484848484848,1.0,171.78,55.616409258132464,190.94544166666668,19.42044166666667,246.81685092479913,1.2555555555555555,False
freight_dpd_31535_veh_cep_size_m_7_5,26880,54930,28050,9120,18930,1970-01-01 07:28:00,1970-01-01 15:15:30,1970-01-01 07:47:30,1970-01-01 02:32:00,1970-01-01 05:15:30,van,52,201.9190753663303,43.00335642610133,"defaultdict(<class 'int'>, {6: 29, 8: 8, 5: 2, 7: 13})",dpd,m,6,73.0,0.0,0.1917808219178082,0.8082191780821918,1.0,0.44242424242424244,1.0,171.78,75.11389603627487,178.1954166666667,6.670416666666667,253.56431270294152,1.4038461538461537,False
freight_ups_31275_veh_cep_size_m_7_1,26882,58278,31396,13546,17850,1970-01-01 07:28:02,1970-01-01 16:11:18,1970-01-01 08:43:16,1970-01-01 03:45:46,1970-01-01 04:57:30,van,85,189.24085522598372,25.653724355659957,"defaultdict(<class 'int'>, {6: 66, 7: 19})",ups,m,6,110.0,0.0,0.8454545454545455,0.15454545454545454,1.0,0.6666666666666666,1.0,171.78,70.39759814406594,199.45181111111114,27.926811111111114,270.1044092551771,1.2941176470588236,False
freight_ups_31303_veh_cep_size_m_7_3,26901,58660,31759,11576,20183,1970-01-01 07:28:21,1970-01-01 16:17:40,1970-01-01 08:49:19,1970-01-01 03:12:56,1970-01-01 05:36:23,van,80,157.0535400799441,23.33993997060556,"defaultdict(<class 'int'>, {4: 59, 7: 1, 8: 16, 6: 4})",ups,m,4,95.0,0.0,0.7368421052631579,0.2631578947368421,1.0,0.5757575757575758,1.0,171.78,58.423916909739205,201.75786944444445,30.232869444444447,260.43678635418365,1.1875,True
freight_hermes_30880_veh_cep_size_m_8_3,26903,60906,34003,15068,18935,1970-01-01 07:28:23,1970-01-01 16:55:06,1970-01-01 09:26:43,1970-01-01 04:11:08,1970-01-01 05:15:35,van,56,116.23708192913158,25.169592829720425,"defaultdict(<class 'int'>, {4: 13, 6: 39, 3: 2, 7: 2})",hermes,m,6,119.0,0.0,0.058823529411764705,0.9411764705882353,1.0,0.7212121212121212,1.0,171.78,43.24019447763695,216.0135027777778,44.48850277777778,259.50869725541475,2.125,False
freight_gls_31275_veh_cep_size_m_7_1,26908,56620,29712,13158,16554,1970-01-01 07:28:28,1970-01-01 15:43:40,1970-01-01 08:15:12,1970-01-01 03:39:18,1970-01-01 04:35:54,van,91,159.03825128408624,30.45214214595293,"defaultdict(<class 'int'>, {6: 52, 7: 39})",gls,m,6,107.0,0.0,0.06542056074766354,0.9345794392523364,1.0,0.6484848484848484,1.0,171.78,59.16222947768008,188.75373333333334,17.228733333333334,248.17096281101342,1.1758241758241759,False
freight_fedex_30880_veh_cep_size_m_7_5,26908,61471,34563,17025,17538,1970-01-01 07:28:28,1970-01-01 17:04:31,1970-01-01 09:36:03,1970-01-01 04:43:45,1970-01-01 04:52:18,van,51,107.46978377790283,23.985776392837167,"defaultdict(<class 'int'>, {3: 30, 6: 18, 7: 3})",fedex,m,3,136.0,0.0,0.8676470588235294,0.1323529411764706,1.0,0.8242424242424242,1.0,171.78,39.97875956537985,219.57105833333335,48.046058333333335,259.80481789871317,2.6666666666666665,False
freight_hermes_30880_veh_cep_size_m_8_1,26903,58519,31616,13971,17645,1970-01-01 07:28:23,1970-01-01 16:15:19,1970-01-01 08:46:56,1970-01-01 03:52:51,1970-01-01 04:54:05,van,87,113.43487748874315,25.479651199558198,"defaultdict(<class 'int'>, {4: 18, 8: 69})",hermes,m,8,114.0,0.0,0.008771929824561403,0.9912280701754386,1.0,0.6909090909090909,1.0,171.78,42.197774425812455,200.84942222222224,29.324422222222225,243.30219664803468,1.3103448275862069,False
freight_gls_31303_veh_cep_size_l_7_1,26923,56518,29595,6834,22761,1970-01-01 07:28:43,1970-01-01 15:41:58,1970-01-01 08:13:15,1970-01-01 01:53:54,1970-01-01 06:19:21,van,47,209.57478090527698,34.28306042886929,"defaultdict(<class 'int'>, {8: 18, 7: 28, 4: 1})",gls,l,7,56.0,0.0,0.017857142857142856,0.9821428571428571,1.0,0.24347826086956523,1.0,189.15,80.89586542943691,188.01045833333336,16.485458333333334,286.5313237627702,1.1914893617021276,True
freight_dpd_31535_veh_cep_size_m_7_6,26931,63034,36103,11390,24713,1970-01-01 07:28:51,1970-01-01 17:30:34,1970-01-01 10:01:43,1970-01-01 03:09:50,1970-01-01 06:51:53,van,80,248.69987320065985,41.387849334534764,"defaultdict(<class 'int'>, {7: 68, 5: 2, 6: 10})",dpd,m,7,93.0,0.0,0.10752688172043011,0.8924731182795699,1.0,0.5636363636363636,1.0,171.78,92.51635283064546,229.35433611111114,57.82933611111112,322.12568894175655,1.1625,False
freight_gls_30827_veh_cep_size_m_7_2,26924,57452,30528,13028,17500,1970-01-01 07:28:44,1970-01-01 15:57:32,1970-01-01 08:28:48,1970-01-01 03:37:08,1970-01-01 04:51:40,van,74,124.06908189827917,26.20157135560494,"defaultdict(<class 'int'>, {6: 73, 4: 1})",gls,m,6,105.0,0.0,0.06666666666666667,0.9333333333333333,1.0,0.6363636363636364,1.0,171.78,46.15369846615985,193.93760000000003,22.4126,240.34629846615985,1.4189189189189189,False
freight_fedex_31275_veh_cep_size_m_7_5,26937,60127,33190,8390,24800,1970-01-01 07:28:57,1970-01-01 16:42:07,1970-01-01 09:13:10,1970-01-01 02:19:50,1970-01-01 06:53:20,van,51,260.44172305380584,22.918408472507902,"defaultdict(<class 'int'>, {5: 6, 6: 36, 7: 8, 8: 1})",fedex,m,6,68.0,0.0,0.8970588235294118,0.10294117647058823,1.0,0.4121212121212121,1.0,171.78,96.88432097601577,210.84869444444448,39.32369444444445,307.9880154204603,1.3333333333333333,False
freight_gls_31303_veh_cep_size_m_7_5,26940,49943,23003,4578,18425,1970-01-01 07:29:00,1970-01-01 13:52:23,1970-01-01 06:23:23,1970-01-01 01:16:18,1970-01-01 05:07:05,van,33,184.69543113404208,34.0519668624701,"defaultdict(<class 'int'>, {8: 15, 7: 9, 4: 9})",gls,m,8,37.0,0.0,0.0,1.0,1.0,0.22424242424242424,1.0,171.78,68.70670038186366,146.13294722222224,0.0,240.48670038186367,1.121212121212121,True
freight_fedex_30559_veh_cep_size_l_7_3,26948,60945,33997,15460,18537,1970-01-01 07:29:08,1970-01-01 16:55:45,1970-01-01 09:26:37,1970-01-01 04:17:40,1970-01-01 05:08:57,van,52,118.76069915498934,19.363524729494298,"defaultdict(<class 'int'>, {5: 3, 6: 5, 4: 44})",fedex,l,4,127.0,0.0,0.9291338582677166,0.07086614173228346,1.0,0.5521739130434783,1.0,189.15,45.84162987382589,215.97538611111113,44.450386111111115,279.44201598493703,2.4423076923076925,True
freight_hermes_30966_veh_cep_size_m_7_1,26952,57580,30628,15543,15085,1970-01-01 07:29:12,1970-01-01 15:59:40,1970-01-01 08:30:28,1970-01-01 04:19:03,1970-01-01 04:11:25,van,88,111.97929952785432,21.08860321539419,"defaultdict(<class 'int'>, {4: 20, 8: 67, 6: 1})",hermes,m,8,126.0,0.0,0.015873015873015872,0.9841269841269841,1.0,0.7636363636363637,1.0,171.78,41.656299424361805,194.5728777777778,23.04787777777778,236.4841772021396,1.4318181818181819,False
freight_fedex_30559_veh_cep_size_l_7_1,26948,57820,30872,18044,12828,1970-01-01 07:29:08,1970-01-01 16:03:40,1970-01-01 08:34:32,1970-01-01 05:00:44,1970-01-01 03:33:48,van,31,85.51129022407112,19.199468653881713,"defaultdict(<class 'int'>, {5: 2, 6: 22, 4: 7})",fedex,l,6,166.0,0.0,0.8855421686746988,0.1144578313253012,1.0,0.7217391304347827,1.0,189.15,33.00735802649145,196.12295555555556,24.597955555555558,246.75531358204702,5.354838709677419,True
freight_dpd_31535_veh_cep_size_l_7_7,26961,64866,37905,10656,27249,1970-01-01 07:29:21,1970-01-01 18:01:06,1970-01-01 10:31:45,1970-01-01 02:57:36,1970-01-01 07:34:09,van,73,236.52590952841143,44.5859488160322,"defaultdict(<class 'int'>, {6: 64, 7: 8, 8: 1})",dpd,l,6,87.0,0.0,0.14942528735632185,0.8505747126436781,1.0,0.3782608695652174,1.0,189.15,91.29900107796682,240.8020416666667,69.27704166666668,349.7260427446335,1.1917808219178083,False
freight_ups_31275_veh_cep_size_m_7_4,26987,56950,29963,13921,16042,1970-01-01 07:29:47,1970-01-01 15:49:10,1970-01-01 08:19:23,1970-01-01 03:52:01,1970-01-01 04:27:22,van,87,145.9930145275253,22.674770874409706,"defaultdict(<class 'int'>, {6: 87})",ups,m,6,113.0,0.0,0.7522123893805309,0.24778761061946902,1.0,0.6848484848484848,1.0,171.78,54.30940140423941,190.34828055555556,18.823280555555556,244.91268195979498,1.2988505747126438,False
freight_gls_31275_veh_cep_size_m_7_2,26988,54879,27891,12785,15106,1970-01-01 07:29:48,1970-01-01 15:14:39,1970-01-01 07:44:51,1970-01-01 03:33:05,1970-01-01 04:11:46,van,89,152.53913013314676,29.390155130263256,"defaultdict(<class 'int'>, {6: 41, 8: 27, 7: 21})",gls,m,6,104.0,0.0,0.04807692307692308,0.9519230769230769,1.0,0.6303030303030303,1.0,171.78,56.744556409530595,177.185325,5.660325,234.1848814095306,1.1685393258426966,False
freight_hermes_31515_0_veh_cep_size_m_7_3,26991,61669,34678,13214,21464,1970-01-01 07:29:51,1970-01-01 17:07:49,1970-01-01 09:37:58,1970-01-01 03:40:14,1970-01-01 05:57:44,van,76,186.1207744231428,27.7084741509078,"defaultdict(<class 'int'>, {7: 23, 6: 39, 5: 14})",hermes,m,6,106.0,0.0,0.018867924528301886,0.9811320754716981,1.0,0.6424242424242425,1.0,171.78,69.23692808540912,220.3016277777778,48.77662777777778,289.7935558631869,1.394736842105263,False
freight_ups_31275_veh_cep_size_m_7_3,26987,57020,30033,17126,12907,1970-01-01 07:29:47,1970-01-01 15:50:20,1970-01-01 08:20:33,1970-01-01 04:45:26,1970-01-01 03:35:07,van,56,123.21906412001744,22.24554009132289,"defaultdict(<class 'int'>, {6: 56})",ups,m,6,138.0,0.0,0.7681159420289855,0.2318840579710145,1.0,0.8363636363636363,1.0,171.78,45.83749185264649,190.792975,19.267975000000003,236.8854668526465,2.4642857142857144,False
freight_hermes_31515_0_veh_cep_size_m_7_1,26991,56612,29621,11705,17916,1970-01-01 07:29:51,1970-01-01 15:43:32,1970-01-01 08:13:41,1970-01-01 03:15:05,1970-01-01 04:58:36,van,78,153.62145861257727,27.511727742522705,"defaultdict(<class 'int'>, {7: 45, 8: 32, 6: 1})",hermes,m,7,95.0,0.0,0.010526315789473684,0.9894736842105263,1.0,0.5757575757575758,1.0,171.78,57.14718260387875,188.17563055555559,16.65063055555556,245.5778131594343,1.2179487179487178,False
freight_ups_31275_veh_cep_size_m_7_2,26987,63623,36636,15442,21194,1970-01-01 07:29:47,1970-01-01 17:40:23,1970-01-01 10:10:36,1970-01-01 04:17:22,1970-01-01 05:53:14,van,71,215.64660307060322,22.185445538165716,"defaultdict(<class 'int'>, {6: 31, 8: 25, 7: 15})",ups,m,6,125.0,0.0,0.824,0.176,1.0,0.7575757575757576,1.0,171.78,80.2205363422644,232.7403666666667,61.215366666666675,313.2159030089311,1.7605633802816902,False
freight_hermes_31319_veh_cep_size_m_7_3,26998,58955,31957,13326,18631,1970-01-01 07:29:58,1970-01-01 16:22:35,1970-01-01 08:52:37,1970-01-01 03:42:06,1970-01-01 05:10:31,van,88,160.3553752491221,27.962534986691523,"defaultdict(<class 'int'>, {6: 68, 7: 10, 8: 10})",hermes,m,6,109.0,0.0,0.03669724770642202,0.963302752293578,1.0,0.6606060606060606,1.0,171.78,59.65219959267342,203.01571944444447,31.490719444444448,262.9229190371179,1.2386363636363635,False
freight_fedex_30900_veh_cep_size_m_7_1,27011,60116,33105,13015,20090,1970-01-01 07:30:11,1970-01-01 16:41:56,1970-01-01 09:11:45,1970-01-01 03:36:55,1970-01-01 05:34:50,van,60,186.19221755231666,16.614765459708575,"defaultdict(<class 'int'>, {5: 5, 8: 16, 7: 37, 6: 2})",fedex,m,7,104.0,0.0,0.9423076923076923,0.057692307692307696,1.0,0.6303030303030303,1.0,171.78,69.2635049294618,210.30870833333336,38.78370833333334,279.8272132627951,1.7333333333333334,False
freight_hermes_31275_1_veh_cep_size_m_7_2,27013,54263,27250,14867,12383,1970-01-01 07:30:13,1970-01-01 15:04:23,1970-01-01 07:34:10,1970-01-01 04:07:47,1970-01-01 03:26:23,van,53,109.76186988119584,24.94606135208411,"defaultdict(<class 'int'>, {6: 53})",hermes,m,6,119.0,0.0,0.03361344537815126,0.9663865546218487,1.0,0.7212121212121212,1.0,171.78,40.83141559580485,173.11319444444447,1.5881944444444447,214.1996100402493,2.2452830188679247,False
freight_gls_30419_veh_cep_size_m_7_1,27020,60440,33420,16508,16912,1970-01-01 07:30:20,1970-01-01 16:47:20,1970-01-01 09:17:00,1970-01-01 04:35:08,1970-01-01 04:41:52,van,91,126.24906659339344,20.64569852976556,"defaultdict(<class 'int'>, {5: 91})",gls,m,5,134.0,0.0,0.13432835820895522,0.8656716417910447,1.0,0.8121212121212121,1.0,171.78,46.964652772742355,212.30983333333336,40.78483333333334,259.5294861060757,1.4725274725274726,True
freight_hermes_31275_1_veh_cep_size_l_7_1,27013,59049,32036,17099,14937,1970-01-01 07:30:13,1970-01-01 16:24:09,1970-01-01 08:53:56,1970-01-01 04:44:59,1970-01-01 04:08:57,van,99,148.37087885841248,24.776843016789268,"defaultdict(<class 'int'>, {6: 93, 8: 6})",hermes,l,6,138.0,0.0,0.014492753623188406,0.9855072463768116,1.0,0.6,1.0,189.15,57.27115923934722,203.5175888888889,31.992588888888893,278.41374812823614,1.393939393939394,False
freight_hermes_31535_1_veh_cep_size_m_7_4,27021,60923,33902,11601,22301,1970-01-01 07:30:21,1970-01-01 16:55:23,1970-01-01 09:25:02,1970-01-01 03:13:21,1970-01-01 06:11:41,van,79,142.5263573552466,23.101431090665155,"defaultdict(<class 'int'>, {7: 10, 6: 69})",hermes,m,6,94.0,0.0,0.02127659574468085,0.9787234042553191,1.0,0.5696969696969697,1.0,171.78,53.019804936151736,215.37187222222224,43.846872222222224,268.64667715837396,1.1898734177215189,False
freight_dpd_31311_veh_cep_size_m_7_1,27042,59818,32776,11261,21515,1970-01-01 07:30:42,1970-01-01 16:36:58,1970-01-01 09:06:16,1970-01-01 03:07:41,1970-01-01 05:58:35,van,89,155.88583606356275,21.96258252632092,"defaultdict(<class 'int'>, {8: 1, 7: 88})",dpd,m,7,93.0,0.0,0.06451612903225806,0.9354838709677419,1.0,0.5636363636363636,1.0,171.78,57.98953101564534,208.21864444444446,36.693644444444445,266.46317546008976,1.0449438202247192,False
freight_ups_30519_veh_cep_size_m_7_4,27044,59834,32790,14400,18390,1970-01-01 07:30:44,1970-01-01 16:37:14,1970-01-01 09:06:30,1970-01-01 04:00:00,1970-01-01 05:06:30,van,65,124.19261291387171,17.89640342478275,"defaultdict(<class 'int'>, {5: 1, 4: 33, 3: 28, 2: 3})",ups,m,4,117.0,0.0,0.8290598290598291,0.17094017094017094,1.0,0.7090909090909091,1.0,171.78,46.199652003960274,208.30758333333335,36.782583333333335,254.7622353372936,1.8,True
freight_hermes_31535_1_veh_cep_size_m_7_3,27021,61085,34064,11886,22178,1970-01-01 07:30:21,1970-01-01 16:58:05,1970-01-01 09:27:44,1970-01-01 03:18:06,1970-01-01 06:09:38,van,54,154.08071994854953,22.949149568385483,"defaultdict(<class 'int'>, {7: 9, 6: 44, 5: 1})",hermes,m,6,94.0,0.0,0.010638297872340425,0.9893617021276596,1.0,0.5696969696969697,1.0,171.78,57.31802782086042,216.40102222222225,44.876022222222225,273.9740500430826,1.7407407407407407,False
freight_ups_30519_veh_cep_size_l_7_3,27044,59541,32497,16656,15841,1970-01-01 07:30:44,1970-01-01 16:32:21,1970-01-01 09:01:37,1970-01-01 04:37:36,1970-01-01 04:24:01,van,60,105.66471114770408,18.088340616907193,"defaultdict(<class 'int'>, {5: 2, 3: 54, 4: 4})",ups,l,3,133.0,0.0,0.7819548872180451,0.21804511278195488,1.0,0.5782608695652174,1.0,189.15,40.78657850301378,206.44621944444447,34.921219444444446,264.8577979474582,2.216666666666667,True
freight_hermes_31535_1_veh_cep_size_m_7_2,27021,59604,32583,9718,22865,1970-01-01 07:30:21,1970-01-01 16:33:24,1970-01-01 09:03:03,1970-01-01 02:41:58,1970-01-01 06:21:05,van,61,159.3809998720385,23.2199495056544,"defaultdict(<class 'int'>, {7: 14, 6: 47})",hermes,m,6,79.0,0.0,0.0,1.0,1.0,0.47878787878787876,1.0,171.78,59.28973195239832,206.99255833333336,35.467558333333336,266.5372902857317,1.2950819672131149,False
freight_ups_30519_veh_cep_size_l_7_2,27044,55575,28531,16211,12320,1970-01-01 07:30:44,1970-01-01 15:26:15,1970-01-01 07:55:31,1970-01-01 04:30:11,1970-01-01 03:25:20,van,38,80.29508456379361,18.37197717154462,"defaultdict(<class 'int'>, {5: 1, 3: 11, 4: 26})",ups,l,4,137.0,0.0,0.8467153284671532,0.15328467153284672,1.0,0.5956521739130435,1.0,189.15,30.993902641624334,181.2511027777778,9.726102777777779,229.87000541940213,3.6052631578947367,True
freight_hermes_31535_1_veh_cep_size_l_7_5,27021,56033,29012,9398,19614,1970-01-01 07:30:21,1970-01-01 15:33:53,1970-01-01 08:03:32,1970-01-01 02:36:38,1970-01-01 05:26:54,van,55,180.88051242634364,22.90909115804948,"defaultdict(<class 'int'>, {7: 47, 6: 8})",hermes,l,7,76.0,0.0,0.0,1.0,1.0,0.33043478260869563,1.0,189.15,69.81987779656865,184.30678888888892,12.78178888888889,271.75166668545756,1.3818181818181818,False
freight_ups_30519_veh_cep_size_l_7_1,27044,58729,31685,15316,16369,1970-01-01 07:30:44,1970-01-01 16:18:49,1970-01-01 08:48:05,1970-01-01 04:15:16,1970-01-01 04:32:49,van,46,105.51299405875163,18.250303328275418,"defaultdict(<class 'int'>, {5: 26, 4: 6, 3: 14})",ups,l,5,123.0,0.0,0.8536585365853658,0.14634146341463414,1.0,0.5347826086956522,1.0,189.15,40.72801570667813,201.28776388888892,29.76276388888889,259.64077959556704,2.6739130434782608,True
freight_gls_30938_veh_cep_size_m_7_2,27073,43750,16677,4804,11873,1970-01-01 07:31:13,1970-01-01 12:09:10,1970-01-01 04:37:57,1970-01-01 01:20:04,1970-01-01 03:17:53,van,28,109.64855735712456,29.30118326063173,"defaultdict(<class 'int'>, {6: 2, 7: 18, 8: 8})",gls,m,7,39.0,0.0,0.10256410256410256,0.8974358974358975,1.0,0.23636363636363636,1.0,171.78,40.78926333685033,105.94527500000001,0.0,212.56926333685033,1.3928571428571428,False
freight_hermes_31515_0_veh_cep_size_m_7_2,27033,59111,32078,12612,19466,1970-01-01 07:30:33,1970-01-01 16:25:11,1970-01-01 08:54:38,1970-01-01 03:30:12,1970-01-01 05:24:26,van,65,182.2558452075964,26.776271998372124,"defaultdict(<class 'int'>, {6: 43, 7: 20, 5: 2})",hermes,m,6,101.0,0.0,0.009900990099009901,0.9900990099009901,1.0,0.6121212121212121,1.0,171.78,67.79917441722586,203.78440555555557,32.25940555555556,271.8385799727814,1.5538461538461539,False
freight_gls_30938_veh_cep_size_l_7_3,27073,57048,29975,9972,20003,1970-01-01 07:31:13,1970-01-01 15:50:48,1970-01-01 08:19:35,1970-01-01 02:46:12,1970-01-01 05:33:23,van,55,191.87464706307495,30.70350755085149,"defaultdict(<class 'int'>, {6: 23, 7: 17, 8: 15})",gls,l,6,80.0,0.0,0.0625,0.9375,1.0,0.34782608695652173,1.0,189.15,74.06361376634693,190.4245138888889,18.89951388888889,282.11312765523587,1.4545454545454546,False
freight_hermes_30966_veh_cep_size_m_7_2,27071,59677,32606,17353,15253,1970-01-01 07:31:11,1970-01-01 16:34:37,1970-01-01 09:03:26,1970-01-01 04:49:13,1970-01-01 04:14:13,van,73,105.03355436548257,21.850270008359644,"defaultdict(<class 'int'>, {4: 71, 6: 2})",hermes,m,4,138.0,0.0,0.014492753623188406,0.9855072463768116,1.0,0.8363636363636363,1.0,171.78,39.07248222395952,207.13867222222225,35.61367222222223,246.46615444618175,1.8904109589041096,False
freight_gls_30419_veh_cep_size_m_7_2,27095,59465,32370,17248,15122,1970-01-01 07:31:35,1970-01-01 16:31:05,1970-01-01 08:59:30,1970-01-01 04:47:28,1970-01-01 04:12:02,van,77,107.78754738799276,19.90314494641117,"defaultdict(<class 'int'>, {5: 72, 6: 2, 3: 3})",gls,m,5,139.0,0.0,0.09352517985611511,0.9064748201438849,1.0,0.8424242424242424,1.0,171.78,40.0969676283333,205.63941666666668,34.11441666666667,245.991384295,1.8051948051948052,True
freight_dpd_30952_veh_cep_size_m_7_1,27110,58334,31224,13266,17958,1970-01-01 07:31:50,1970-01-01 16:12:14,1970-01-01 08:40:24,1970-01-01 03:41:06,1970-01-01 04:59:18,van,92,140.2788624947345,27.84949311853287,"defaultdict(<class 'int'>, {7: 28, 8: 8, 4: 56})",dpd,m,4,108.0,0.0,0.1388888888888889,0.8611111111111112,1.0,0.6545454545454545,1.0,171.78,52.183736848041235,198.35913333333335,26.834133333333337,250.79787018137458,1.173913043478261,False
freight_hermes_31275_1_veh_cep_size_m_7_3,27118,53663,26545,9980,16565,1970-01-01 07:31:58,1970-01-01 14:54:23,1970-01-01 07:22:25,1970-01-01 02:46:20,1970-01-01 04:36:05,van,73,161.85549783443537,27.242950291111107,"defaultdict(<class 'int'>, {6: 73})",hermes,m,6,82.0,0.0,0.0,1.0,1.0,0.49696969696969695,1.0,171.78,60.21024519440996,168.63448611111113,0.0,231.99024519440997,1.1232876712328768,False
freight_dpd_30453_veh_cep_size_m_7_1,27116,62966,35850,17641,18209,1970-01-01 07:31:56,1970-01-01 17:29:26,1970-01-01 09:57:30,1970-01-01 04:54:01,1970-01-01 05:03:29,van,101,124.35430069603045,23.51852907614199,"defaultdict(<class 'int'>, {4: 101})",dpd,m,4,144.0,0.0,0.19444444444444445,0.8055555555555556,1.0,0.8727272727272727,1.0,171.78,46.25979985892333,227.74708333333336,56.22208333333334,274.2618831922567,1.4257425742574257,True
freight_hermes_30966_veh_cep_size_m_7_3,27134,59600,32466,14807,17659,1970-01-01 07:32:14,1970-01-01 16:33:20,1970-01-01 09:01:06,1970-01-01 04:06:47,1970-01-01 04:54:19,van,93,127.41394673284427,21.172283243160315,"defaultdict(<class 'int'>, {4: 66, 6: 26, 8: 1})",hermes,m,4,121.0,0.0,0.049586776859504134,0.9504132231404959,1.0,0.7333333333333333,1.0,171.78,47.397988184618065,206.24928333333335,34.72428333333334,253.90227151795142,1.3010752688172043,False
freight_fedex_30519_veh_cep_size_l_7_1,27137,59696,32559,17483,15076,1970-01-01 07:32:17,1970-01-01 16:34:56,1970-01-01 09:02:39,1970-01-01 04:51:23,1970-01-01 04:11:16,van,59,107.87994927267597,20.424152486337224,"defaultdict(<class 'int'>, {5: 26, 3: 26, 4: 7})",fedex,l,5,142.0,0.0,0.9084507042253521,0.09154929577464789,1.0,0.6173913043478261,1.0,189.15,41.64166041925293,206.8400916666667,35.31509166666667,266.1067520859196,2.406779661016949,True
freight_dpd_30827_veh_cep_size_m_7_1,27141,56372,29231,13283,15948,1970-01-01 07:32:21,1970-01-01 15:39:32,1970-01-01 08:07:11,1970-01-01 03:41:23,1970-01-01 04:25:48,van,72,158.397330756988,29.29151406454591,"defaultdict(<class 'int'>, {6: 72})",dpd,m,6,107.0,0.0,0.205607476635514,0.794392523364486,1.0,0.6484848484848484,1.0,171.78,58.92380704159954,185.69804722222224,14.173047222222223,244.87685426382177,1.4861111111111112,False
freight_hermes_31319_veh_cep_size_m_7_4,27151,62270,35119,18118,17001,1970-01-01 07:32:31,1970-01-01 17:17:50,1970-01-01 09:45:19,1970-01-01 05:01:58,1970-01-01 04:43:21,van,108,155.18965741345815,24.71263344751889,"defaultdict(<class 'int'>, {6: 67, 8: 16, 7: 2, 5: 23})",hermes,m,6,147.0,0.0,0.0,1.0,1.0,0.8909090909090909,1.0,171.78,57.73055255780643,223.1032027777778,51.57820277777778,281.0887553355842,1.3611111111111112,False
freight_gls_30419_veh_cep_size_m_7_4,27154,49472,22318,9612,12706,1970-01-01 07:32:34,1970-01-01 13:44:32,1970-01-01 06:11:58,1970-01-01 02:40:12,1970-01-01 03:31:46,van,68,84.27864443055061,19.630068392834286,"defaultdict(<class 'int'>, {5: 12, 6: 15, 3: 41})",gls,m,3,79.0,0.0,0.05063291139240506,0.9493670886075949,1.0,0.47878787878787876,1.0,171.78,31.35165572816483,141.78129444444446,0.0,203.13165572816484,1.161764705882353,True
freight_gls_30419_veh_cep_size_m_7_3,27154,60005,32851,15398,17453,1970-01-01 07:32:34,1970-01-01 16:40:05,1970-01-01 09:07:31,1970-01-01 04:16:38,1970-01-01 04:50:53,van,85,110.67729728775143,18.81304651336069,"defaultdict(<class 'int'>, {5: 54, 6: 11, 3: 20})",gls,m,5,125.0,0.0,0.12,0.88,1.0,0.7575757575757576,1.0,171.78,41.17195459104353,208.6951027777778,37.17010277777778,250.12205736882132,1.4705882352941178,True
freight_hermes_31535_0_veh_cep_size_m_7_3,27163,59392,32229,11134,21095,1970-01-01 07:32:43,1970-01-01 16:29:52,1970-01-01 08:57:09,1970-01-01 03:05:34,1970-01-01 05:51:35,van,68,186.96948594921392,27.144723583140838,"defaultdict(<class 'int'>, {8: 23, 6: 20, 7: 24, 5: 1})",hermes,m,7,89.0,0.0,0.0,1.0,1.0,0.5393939393939394,1.0,171.78,69.55264877310758,204.74367500000002,33.218675000000005,274.5513237731076,1.3088235294117647,False
freight_hermes_30880_veh_cep_size_m_7_5,27178,59749,32571,15532,17039,1970-01-01 07:32:58,1970-01-01 16:35:49,1970-01-01 09:02:51,1970-01-01 04:18:52,1970-01-01 04:43:59,van,63,100.3921378207606,21.328912952433807,"defaultdict(<class 'int'>, {3: 46, 7: 12, 6: 5})",hermes,m,3,124.0,0.0,0.04838709677419355,0.9516129032258065,1.0,0.7515151515151515,1.0,171.78,37.34587526932294,206.91632500000003,35.391325,244.51720026932293,1.9682539682539681,False
freight_ups_30952_veh_cep_size_m_7_2,27189,58768,31579,16270,15309,1970-01-01 07:33:09,1970-01-01 16:19:28,1970-01-01 08:46:19,1970-01-01 04:31:10,1970-01-01 04:15:09,van,66,83.31887123098821,17.852747630748784,"defaultdict(<class 'int'>, {6: 66})",ups,m,6,130.0,0.0,0.8,0.2,1.0,0.7878787878787878,1.0,171.78,30.994620097927612,200.61436944444446,29.089369444444447,231.86398954237208,1.9696969696969697,False
freight_ups_30952_veh_cep_size_m_7_1,27189,56803,29614,11972,17642,1970-01-01 07:33:09,1970-01-01 15:46:43,1970-01-01 08:13:34,1970-01-01 03:19:32,1970-01-01 04:54:02,van,69,118.8211565435125,18.069561489184156,"defaultdict(<class 'int'>, {6: 3, 7: 11, 4: 46, 8: 9})",ups,m,4,96.0,0.0,0.8854166666666666,0.11458333333333333,1.0,0.5818181818181818,1.0,171.78,44.20147023418665,188.13116111111114,16.606161111111113,232.58763134529775,1.391304347826087,False
freight_hermes_30880_veh_cep_size_m_8_6,27200,55929,28729,11840,16889,1970-01-01 07:33:20,1970-01-01 15:32:09,1970-01-01 07:58:49,1970-01-01 03:17:20,1970-01-01 04:41:29,van,60,107.46797179892327,22.288847610887707,"defaultdict(<class 'int'>, {3: 15, 6: 44, 7: 1})",hermes,m,6,96.0,0.0,0.07291666666666667,0.9270833333333334,1.0,0.5818181818181818,1.0,171.78,39.97808550919946,182.5089527777778,10.983952777777779,222.74203828697725,1.6,False
freight_dpd_31515_veh_cep_size_m_7_4,27202,54379,27177,10941,16236,1970-01-01 07:33:22,1970-01-01 15:06:19,1970-01-01 07:32:57,1970-01-01 03:02:21,1970-01-01 04:30:36,van,57,187.6566260035384,40.094787779654006,"defaultdict(<class 'int'>, {6: 22, 7: 30, 8: 5})",dpd,m,7,87.0,0.0,0.12643678160919541,0.8735632183908046,1.0,0.5272727272727272,1.0,171.78,69.80826487331629,172.6494416666667,1.1244416666666668,242.71270653998295,1.5263157894736843,False
freight_ups_30559_veh_cep_size_m_7_1,27192,48875,21683,14270,7413,1970-01-01 07:33:12,1970-01-01 13:34:35,1970-01-01 06:01:23,1970-01-01 03:57:50,1970-01-01 02:03:33,van,10,50.338945699956014,17.779113014897558,"defaultdict(<class 'int'>, {6: 6, 4: 4})",ups,m,6,128.0,0.0,0.7890625,0.2109375,1.0,0.7757575757575758,1.0,171.78,18.726087800383638,137.74728055555556,0.0,190.50608780038363,12.8,True
freight_gls_30952_veh_cep_size_m_8_1,27210,58225,31015,14465,16550,1970-01-01 07:33:30,1970-01-01 16:10:25,1970-01-01 08:36:55,1970-01-01 04:01:05,1970-01-01 04:35:50,van,91,110.77216363365635,18.15958419859595,"defaultdict(<class 'int'>, {6: 62, 7: 23, 4: 6})",gls,m,6,117.0,0.0,0.10256410256410256,0.8974358974358975,1.0,0.7090909090909091,1.0,171.78,41.207244871720164,197.0314027777778,25.50640277777778,238.49364764949797,1.2857142857142858,False
freight_ups_30559_veh_cep_size_l_7_3,27192,62026,34834,15718,19116,1970-01-01 07:33:12,1970-01-01 17:13:46,1970-01-01 09:40:34,1970-01-01 04:21:58,1970-01-01 05:18:36,van,80,112.83291448033086,18.021398496289024,"defaultdict(<class 'int'>, {6: 3, 4: 64, 5: 13})",ups,l,4,127.0,0.0,0.8503937007874016,0.14960629921259844,1.0,0.5521739130434783,1.0,189.15,43.55350498940771,221.29266111111113,49.76766111111112,282.4711661005188,1.5875,True
freight_dpd_30455_veh_cep_size_m_7_1,27223,62577,35354,16505,18849,1970-01-01 07:33:43,1970-01-01 17:22:57,1970-01-01 09:49:14,1970-01-01 04:35:05,1970-01-01 05:14:09,van,96,120.18760272588172,23.524060033323153,"defaultdict(<class 'int'>, {4: 96})",dpd,m,4,134.0,0.0,0.20149253731343283,0.7985074626865671,1.0,0.8121212121212121,1.0,171.78,44.709788214028,224.59610555555557,53.07110555555556,269.5608937695836,1.3958333333333333,True
freight_fedex_30519_veh_cep_size_l_7_2,27224,58266,31042,20009,11033,1970-01-01 07:33:44,1970-01-01 16:11:06,1970-01-01 08:37:22,1970-01-01 05:33:29,1970-01-01 03:03:53,van,37,77.95245310390771,19.14581575929947,"defaultdict(<class 'int'>, {4: 23, 3: 14})",fedex,l,4,169.0,0.0,0.863905325443787,0.13609467455621302,1.0,0.7347826086956522,1.0,189.15,30.089646898108377,197.2029277777778,25.67792777777778,244.91757467588616,4.5675675675675675,True
freight_ups_30559_veh_cep_size_l_7_2,27192,51725,24533,15588,8945,1970-01-01 07:33:12,1970-01-01 14:22:05,1970-01-01 06:48:53,1970-01-01 04:19:48,1970-01-01 02:29:05,van,15,62.92395877193199,18.119364083778144,"defaultdict(<class 'int'>, {6: 3, 4: 10, 5: 2})",ups,l,4,213.0,0.0,0.8356807511737089,0.1643192488262911,1.0,0.9260869565217391,1.0,189.15,24.28864808596575,155.85269722222225,0.0,213.43864808596575,14.2,True
freight_fedex_30938_veh_cep_size_m_8_1,27229,59909,32680,15209,17471,1970-01-01 07:33:49,1970-01-01 16:38:29,1970-01-01 09:04:40,1970-01-01 04:13:29,1970-01-01 04:51:11,van,44,187.29982469389046,21.464547568844324,"defaultdict(<class 'int'>, {7: 19, 6: 17, 8: 8})",fedex,m,7,153.0,0.0,0.9084967320261438,0.0915032679738562,1.0,0.9272727272727272,1.0,171.78,69.67553478612724,207.6087777777778,36.08377777777778,277.539312563905,3.477272727272727,False
freight_ups_30449_veh_cep_size_m_7_1,27195,64177,36982,18070,18912,1970-01-01 07:33:15,1970-01-01 17:49:37,1970-01-01 10:16:22,1970-01-01 05:01:10,1970-01-01 05:15:12,van,71,123.02641385949872,15.896665250378149,"defaultdict(<class 'int'>, {3: 49, 4: 22})",ups,m,3,146.0,0.0,0.7945205479452054,0.2054794520547945,1.0,0.8848484848484849,1.0,171.78,45.765825955733526,234.9384277777778,63.413427777777784,280.95925373351133,2.056338028169014,True
freight_fedex_30916_veh_cep_size_m_7_2,27229,55397,28168,16552,11616,1970-01-01 07:33:49,1970-01-01 15:23:17,1970-01-01 07:49:28,1970-01-01 04:35:52,1970-01-01 03:13:36,van,42,91.85263142902632,13.58947522892326,"defaultdict(<class 'int'>, {6: 35, 8: 6, 7: 1})",fedex,m,6,136.0,0.0,0.9044117647058824,0.09558823529411764,1.0,0.8242424242424242,1.0,171.78,34.16917889159779,178.94504444444445,7.4200444444444456,213.36922333604224,3.238095238095238,False
freight_ups_31515_veh_cep_size_m_7_5,27222,53954,26732,10081,16651,1970-01-01 07:33:42,1970-01-01 14:59:14,1970-01-01 07:25:32,1970-01-01 02:48:01,1970-01-01 04:37:31,van,75,149.18385127622795,26.005320180955106,"defaultdict(<class 'int'>, {6: 72, 7: 3})",ups,m,6,83.0,0.0,0.7710843373493976,0.2289156626506024,1.0,0.503030303030303,1.0,171.78,55.4963926747568,169.82245555555556,0.0,227.2763926747568,1.1066666666666667,False
freight_hermes_30455_veh_cep_size_m_7_1,27247,58528,31281,16842,14439,1970-01-01 07:34:07,1970-01-01 16:15:28,1970-01-01 08:41:21,1970-01-01 04:40:42,1970-01-01 04:00:39,van,80,90.08273312893326,15.66276056492312,"defaultdict(<class 'int'>, {4: 79, 3: 1})",hermes,m,4,135.0,0.0,0.044444444444444446,0.9555555555555556,1.0,0.8181818181818182,1.0,171.78,33.51077672396317,198.72124166666669,27.19624166666667,232.48701839062986,1.6875,True
freight_fedex_30916_veh_cep_size_l_7_1,27229,55383,28154,15786,12368,1970-01-01 07:33:49,1970-01-01 15:23:03,1970-01-01 07:49:14,1970-01-01 04:23:06,1970-01-01 03:26:08,van,47,101.0508599809178,13.932443610351896,"defaultdict(<class 'int'>, {6: 41, 8: 6})",fedex,l,6,133.0,0.0,0.8947368421052632,0.10526315789473684,1.0,0.5782608695652174,1.0,189.15,39.005631952634275,178.85610555555556,7.331105555555556,235.48673750818983,2.8297872340425534,False
freight_hermes_30952_veh_cep_size_l_7_3,27248,58448,31200,13877,17323,1970-01-01 07:34:08,1970-01-01 16:14:08,1970-01-01 08:40:00,1970-01-01 03:51:17,1970-01-01 04:48:43,van,63,107.66824385621257,18.296467039637697,"defaultdict(<class 'int'>, {6: 32, 4: 31})",hermes,l,6,110.0,0.0,0.045454545454545456,0.9545454545454546,1.0,0.4782608695652174,1.0,189.15,41.55994212849805,198.20666666666668,26.68166666666667,257.3916087951647,1.746031746031746,False
freight_ups_31515_veh_cep_size_m_7_4,27222,56251,29029,13636,15393,1970-01-01 07:33:42,1970-01-01 15:37:31,1970-01-01 08:03:49,1970-01-01 03:47:16,1970-01-01 04:16:33,van,59,141.20981204673652,25.850657485639577,"defaultdict(<class 'int'>, {7: 9, 6: 50})",ups,m,6,108.0,0.0,0.8148148148148148,0.18518518518518517,1.0,0.6545454545454545,1.0,171.78,52.53005008138599,184.41478611111114,12.889786111111112,237.1998361924971,1.8305084745762712,False
freight_ups_31515_veh_cep_size_m_7_3,27222,58206,30984,15988,14996,1970-01-01 07:33:42,1970-01-01 16:10:06,1970-01-01 08:36:24,1970-01-01 04:26:28,1970-01-01 04:09:56,van,61,142.69502620472943,26.117243191479684,"defaultdict(<class 'int'>, {7: 1, 6: 57, 5: 3})",ups,m,6,129.0,0.0,0.8837209302325582,0.11627906976744186,1.0,0.7818181818181819,1.0,171.78,53.082549748159344,196.83446666666669,25.30946666666667,250.17201641482603,2.1147540983606556,False
freight_hermes_30539_veh_cep_size_m_7_1,27260,57504,30244,16081,14163,1970-01-01 07:34:20,1970-01-01 15:58:24,1970-01-01 08:24:04,1970-01-01 04:28:01,1970-01-01 03:56:03,van,78,99.73285472035872,21.491179141740055,"defaultdict(<class 'int'>, {7: 14, 4: 64})",hermes,m,4,130.0,0.0,0.07692307692307693,0.9230769230769231,1.0,0.7878787878787878,1.0,171.78,37.100621955973445,192.13341111111112,20.608411111111113,229.48903306708456,1.6666666666666667,True
freight_ups_31515_veh_cep_size_m_7_2,27222,58702,31480,18863,12617,1970-01-01 07:33:42,1970-01-01 16:18:22,1970-01-01 08:44:40,1970-01-01 05:14:23,1970-01-01 03:30:17,van,31,126.43881137457146,25.922284106798244,"defaultdict(<class 'int'>, {7: 3, 6: 28})",ups,m,6,150.0,0.0,0.8266666666666667,0.17333333333333334,1.0,0.9090909090909091,1.0,171.78,47.03523783134058,199.98544444444445,28.460444444444448,247.27568227578504,4.838709677419355,False
freight_hermes_31535_0_veh_cep_size_m_7_4,27275,58972,31697,12026,19671,1970-01-01 07:34:35,1970-01-01 16:22:52,1970-01-01 08:48:17,1970-01-01 03:20:26,1970-01-01 05:27:51,van,78,155.2424178078881,25.5406921876948,"defaultdict(<class 'int'>, {8: 15, 7: 45, 6: 18})",hermes,m,7,98.0,0.0,0.0,1.0,1.0,0.593939393939394,1.0,171.78,57.75017942453437,201.36399722222225,29.838997222222226,259.3691766467566,1.2564102564102564,False
freight_dpd_30900_veh_cep_size_l_7_1,27277,58052,30775,12561,18214,1970-01-01 07:34:37,1970-01-01 16:07:32,1970-01-01 08:32:55,1970-01-01 03:29:21,1970-01-01 05:03:34,van,91,187.78841412340097,31.920691044067283,"defaultdict(<class 'int'>, {8: 31, 7: 60})",dpd,l,7,102.0,0.0,0.0392156862745098,0.9607843137254902,1.0,0.4434782608695652,1.0,189.15,72.48632785163278,195.50673611111114,23.981736111111115,285.6180639627439,1.120879120879121,False
freight_hermes_30952_veh_cep_size_l_7_4,27278,56998,29720,12844,16876,1970-01-01 07:34:38,1970-01-01 15:49:58,1970-01-01 08:15:20,1970-01-01 03:34:04,1970-01-01 04:41:16,van,69,98.79633722085929,17.8830765038666,"defaultdict(<class 'int'>, {6: 69})",hermes,l,6,104.0,0.0,0.019230769230769232,0.9807692307692307,1.0,0.45217391304347826,1.0,189.15,38.13538616725169,188.80455555555557,17.279555555555557,244.56494172280725,1.5072463768115942,False
freight_dpd_30826_veh_cep_size_m_8_2,27282,57134,29852,15180,14672,1970-01-01 07:34:42,1970-01-01 15:52:14,1970-01-01 08:17:32,1970-01-01 04:13:00,1970-01-01 04:04:32,van,72,173.14257531519704,30.924464551959606,"defaultdict(<class 'int'>, {7: 49, 8: 22, 6: 1})",dpd,m,7,120.0,0.0,0.20833333333333334,0.7916666666666666,1.0,0.7272727272727273,1.0,171.78,64.4090380172533,189.64312222222225,18.118122222222222,254.3071602394755,1.6666666666666667,False
freight_gls_31303_veh_cep_size_l_7_2,27287,59061,31774,9998,21776,1970-01-01 07:34:47,1970-01-01 16:24:21,1970-01-01 08:49:34,1970-01-01 02:46:38,1970-01-01 06:02:56,van,62,178.14062433838177,29.64697803037258,"defaultdict(<class 'int'>, {4: 19, 7: 15, 8: 15, 6: 13})",gls,l,4,81.0,0.0,0.07407407407407407,0.9259259259259259,1.0,0.3521739130434783,1.0,189.15,68.76228099461537,201.85316111111112,30.328161111111115,288.24044210572646,1.3064516129032258,True
freight_dpd_31311_veh_cep_size_m_7_3,27286,55727,28441,12203,16238,1970-01-01 07:34:46,1970-01-01 15:28:47,1970-01-01 07:54:01,1970-01-01 03:23:23,1970-01-01 04:30:38,van,80,145.39570937035313,21.705446997579266,"defaultdict(<class 'int'>, {6: 1, 8: 9, 7: 70})",dpd,m,7,99.0,0.0,0.15151515151515152,0.8484848484848485,1.0,0.6,1.0,171.78,54.087203885771366,180.6793527777778,9.15435277777778,235.02155666354915,1.2375,False
freight_dpd_31311_veh_cep_size_m_7_2,27286,60495,33209,10594,22615,1970-01-01 07:34:46,1970-01-01 16:48:15,1970-01-01 09:13:29,1970-01-01 02:56:34,1970-01-01 06:16:55,van,74,164.39289802829538,21.835060994107128,"defaultdict(<class 'int'>, {6: 33, 8: 13, 7: 28})",dpd,m,6,86.0,0.0,0.18604651162790697,0.813953488372093,1.0,0.5212121212121212,1.0,171.78,61.15415806652588,210.96939722222226,39.44439722222223,272.3785552887481,1.162162162162162,False
freight_dpd_30900_veh_cep_size_m_7_2,27306,58987,31681,11190,20491,1970-01-01 07:35:06,1970-01-01 16:23:07,1970-01-01 08:48:01,1970-01-01 03:06:30,1970-01-01 05:41:31,van,69,218.21142765328756,32.81051928200382,"defaultdict(<class 'int'>, {8: 15, 7: 54})",dpd,m,7,89.0,0.0,0.14606741573033707,0.8539325842696629,1.0,0.5393939393939394,1.0,171.78,81.17465108702297,201.2623527777778,29.73735277777778,282.69200386480077,1.289855072463768,False
freight_dpd_30900_veh_cep_size_l_7_3,27322,57439,30117,10934,19183,1970-01-01 07:35:22,1970-01-01 15:57:19,1970-01-01 08:21:57,1970-01-01 03:02:14,1970-01-01 05:19:43,van,62,193.6497310711421,29.44140657090481,"defaultdict(<class 'int'>, {7: 30, 6: 13, 8: 17, 5: 2})",dpd,l,7,88.0,0.0,0.13636363636363635,0.8636363636363636,1.0,0.3826086956521739,1.0,189.15,74.74879619346085,191.32660833333335,19.801608333333334,283.70040452679416,1.4193548387096775,False
freight_gls_30916_veh_cep_size_m_7_3,27332,61137,33805,13035,20770,1970-01-01 07:35:32,1970-01-01 16:58:57,1970-01-01 09:23:25,1970-01-01 03:37:15,1970-01-01 05:46:10,van,79,135.21044913228357,21.81982844278341,"defaultdict(<class 'int'>, {6: 79})",gls,m,6,105.0,0.0,0.08571428571428572,0.9142857142857143,1.0,0.6363636363636364,1.0,171.78,50.29828707720949,214.7556527777778,43.230652777777784,265.3089398549873,1.3291139240506329,False
freight_dpd_30453_veh_cep_size_m_7_2,27333,59433,32100,14668,17432,1970-01-01 07:35:33,1970-01-01 16:30:33,1970-01-01 08:55:00,1970-01-01 04:04:28,1970-01-01 04:50:32,van,73,117.14760674414234,21.65926390895046,"defaultdict(<class 'int'>, {3: 12, 6: 40, 4: 6, 5: 15})",dpd,m,6,118.0,0.0,0.1864406779661017,0.8135593220338984,1.0,0.7151515151515152,1.0,171.78,43.57890970882095,203.92416666666668,32.39916666666667,247.75807637548763,1.6164383561643836,True
freight_gls_30916_veh_cep_size_m_7_2,27332,61207,33875,15445,18430,1970-01-01 07:35:32,1970-01-01 17:00:07,1970-01-01 09:24:35,1970-01-01 04:17:25,1970-01-01 05:07:10,van,67,152.00700055970034,21.811354567108705,"defaultdict(<class 'int'>, {6: 33, 8: 24, 7: 10})",gls,m,6,120.0,0.0,0.06666666666666667,0.9333333333333333,1.0,0.7272727272727273,1.0,171.78,56.54660420820853,215.20034722222223,43.67534722222223,272.0019514304307,1.791044776119403,False
freight_hermes_30989_veh_cep_size_m_7_2,27341,59993,32652,15428,17224,1970-01-01 07:35:41,1970-01-01 16:39:53,1970-01-01 09:04:12,1970-01-01 04:17:08,1970-01-01 04:47:04,van,72,138.49097209164233,21.74182733499066,"defaultdict(<class 'int'>, {8: 4, 4: 68})",hermes,m,4,124.0,0.0,0.04838709677419355,0.9516129032258065,1.0,0.7515151515151515,1.0,171.78,51.518641618090946,207.4309,35.9059,259.20454161809096,1.7222222222222223,False
freight_hermes_30519_veh_cep_size_m_7_4,27345,60960,33615,13542,20073,1970-01-01 07:35:45,1970-01-01 16:56:00,1970-01-01 09:20:15,1970-01-01 03:45:42,1970-01-01 05:34:33,van,80,138.0226427885616,18.39180084694936,"defaultdict(<class 'int'>, {4: 49, 3: 29, 2: 2})",hermes,m,4,110.0,0.0,0.045454545454545456,0.9545454545454546,1.0,0.6666666666666666,1.0,171.78,51.34442311734492,213.54862500000002,42.023625,265.1480481173449,1.375,True
freight_gls_30916_veh_cep_size_m_7_1,27332,62739,35407,14152,21255,1970-01-01 07:35:32,1970-01-01 17:25:39,1970-01-01 09:50:07,1970-01-01 03:55:52,1970-01-01 05:54:15,van,93,182.37146144092472,21.87295307323562,"defaultdict(<class 'int'>, {6: 38, 8: 35, 7: 20})",gls,m,6,115.0,0.0,0.11304347826086956,0.8869565217391304,1.0,0.696969696969697,1.0,171.78,67.84218365602399,224.9328027777778,53.40780277777778,293.02998643380175,1.2365591397849462,False
freight_dpd_30900_veh_cep_size_m_7_4,27355,59397,32042,10474,21568,1970-01-01 07:35:55,1970-01-01 16:29:57,1970-01-01 08:54:02,1970-01-01 02:54:34,1970-01-01 05:59:28,van,73,208.17180910184393,29.443495789770875,"defaultdict(<class 'int'>, {7: 56, 6: 8, 5: 8, 8: 1})",dpd,m,7,85.0,0.0,0.1411764705882353,0.8588235294117647,1.0,0.5151515151515151,1.0,171.78,77.43991298588594,203.55570555555556,32.030705555555556,281.2506185414415,1.1643835616438356,False
freight_gls_30952_veh_cep_size_m_7_2,27350,60366,33016,14706,18310,1970-01-01 07:35:50,1970-01-01 16:46:06,1970-01-01 09:10:16,1970-01-01 04:05:06,1970-01-01 05:05:10,van,76,108.04854445538842,17.17298392400048,"defaultdict(<class 'int'>, {6: 33, 4: 43})",gls,m,4,118.0,0.0,0.0847457627118644,0.9152542372881356,1.0,0.7151515151515152,1.0,171.78,40.194058537404494,209.74331111111113,38.21831111111111,250.1923696485156,1.5526315789473684,False
freight_hermes_30519_veh_cep_size_m_7_1,27345,59918,32573,16745,15828,1970-01-01 07:35:45,1970-01-01 16:38:38,1970-01-01 09:02:53,1970-01-01 04:39:05,1970-01-01 04:23:48,van,78,110.22774482182302,18.41937343770823,"defaultdict(<class 'int'>, {4: 5, 5: 51, 3: 22})",hermes,m,5,135.0,0.0,0.037037037037037035,0.9629629629629629,1.0,0.8181818181818182,1.0,171.78,41.004721073718166,206.92903055555558,35.40403055555556,248.18875162927372,1.7307692307692308,True
freight_dpd_31515_veh_cep_size_l_7_6,27356,49939,22583,10023,12560,1970-01-01 07:35:56,1970-01-01 13:52:19,1970-01-01 06:16:23,1970-01-01 02:47:03,1970-01-01 03:29:20,van,68,148.10822523380563,37.779668421718824,"defaultdict(<class 'int'>, {6: 66, 7: 2})",dpd,l,6,81.0,0.0,0.2716049382716049,0.7283950617283951,1.0,0.3521739130434783,1.0,189.15,57.16977494024897,143.46478055555556,0.0,246.31977494024898,1.1911764705882353,False
freight_hermes_30519_veh_cep_size_l_7_2,27345,58674,31329,18128,13201,1970-01-01 07:35:45,1970-01-01 16:17:54,1970-01-01 08:42:09,1970-01-01 05:02:08,1970-01-01 03:40:01,van,59,96.99553622672155,18.574809543522246,"defaultdict(<class 'int'>, {4: 4, 3: 55})",hermes,l,3,144.0,0.0,0.0763888888888889,0.9236111111111112,1.0,0.6260869565217392,1.0,189.15,37.44027698351452,199.02617500000002,27.501175000000003,254.0914519835145,2.440677966101695,True
freight_dpd_30855_0_veh_cep_size_l_7_6,27361,57005,29644,12064,17580,1970-01-01 07:36:01,1970-01-01 15:50:05,1970-01-01 08:14:04,1970-01-01 03:21:04,1970-01-01 04:53:00,van,60,157.98943378291403,24.41549709444565,"defaultdict(<class 'int'>, {4: 50, 6: 10})",dpd,l,4,98.0,0.0,0.11224489795918367,0.8877551020408163,1.0,0.4260869565217391,1.0,189.15,60.98392144020482,188.32174444444445,16.796744444444446,266.9306658846493,1.6333333333333333,False
freight_gls_31303_veh_cep_size_m_7_3,27377,60262,32885,14054,18831,1970-01-01 07:36:17,1970-01-01 16:44:22,1970-01-01 09:08:05,1970-01-01 03:54:14,1970-01-01 05:13:51,van,79,168.6658529840705,29.36543529703242,"defaultdict(<class 'int'>, {4: 69, 7: 2, 6: 2, 8: 6})",gls,m,4,113.0,0.0,0.10619469026548672,0.8938053097345132,1.0,0.6848484848484848,1.0,171.78,62.74369731007423,208.91109722222225,37.386097222222226,271.9097945322965,1.4303797468354431,True
freight_fedex_30938_veh_cep_size_m_8_3,27377,55986,28609,9812,18797,1970-01-01 07:36:17,1970-01-01 15:33:06,1970-01-01 07:56:49,1970-01-01 02:43:32,1970-01-01 05:13:17,van,47,143.40417976148402,18.37496468891725,"defaultdict(<class 'int'>, {7: 10, 6: 37})",fedex,m,6,79.0,0.0,0.8987341772151899,0.10126582278481013,1.0,0.47878787878787876,1.0,171.78,53.346354871272055,181.74661944444446,10.221619444444446,235.3479743157165,1.6808510638297873,False
freight_hermes_30989_veh_cep_size_l_7_3,27354,60630,33276,10087,23189,1970-01-01 07:35:54,1970-01-01 16:50:30,1970-01-01 09:14:36,1970-01-01 02:48:07,1970-01-01 06:26:29,van,64,210.91879698861638,23.823467179723558,"defaultdict(<class 'int'>, {4: 33, 8: 31})",hermes,l,4,82.0,0.0,0.0,1.0,1.0,0.3565217391304348,1.0,189.15,81.41465563760592,211.39503333333334,39.87003333333334,310.4346889709393,1.28125,False
freight_gls_30938_veh_cep_size_m_7_1,27379,62090,34711,11141,23570,1970-01-01 07:36:19,1970-01-01 17:14:50,1970-01-01 09:38:31,1970-01-01 03:05:41,1970-01-01 06:32:50,van,80,221.44378118651045,32.01165913488301,"defaultdict(<class 'int'>, {7: 77, 6: 3})",gls,m,7,91.0,0.0,0.02197802197802198,0.978021978021978,1.0,0.5515151515151515,1.0,171.78,82.37708660138189,220.51126944444445,48.986269444444446,303.1433560458263,1.1375,False
freight_hermes_30559_veh_cep_size_m_7_1,27388,60143,32755,17493,15262,1970-01-01 07:36:28,1970-01-01 16:42:23,1970-01-01 09:05:55,1970-01-01 04:51:33,1970-01-01 04:14:22,van,83,99.02411024840494,18.64463898565321,"defaultdict(<class 'int'>, {5: 1, 6: 81, 4: 1})",hermes,m,6,141.0,0.0,0.0425531914893617,0.9574468085106383,1.0,0.8545454545454545,1.0,171.78,36.836969012406634,208.08523611111113,36.56023611111112,245.17720512351775,1.6987951807228916,True
freight_hermes_30539_veh_cep_size_m_7_2,27398,61135,33737,17757,15980,1970-01-01 07:36:38,1970-01-01 16:58:55,1970-01-01 09:22:17,1970-01-01 04:55:57,1970-01-01 04:26:20,van,69,110.52729968686674,20.806460041452823,"defaultdict(<class 'int'>, {6: 1, 5: 17, 4: 51})",hermes,m,4,141.0,0.0,0.028368794326241134,0.9716312056737588,1.0,0.8545454545454545,1.0,171.78,41.116155483514426,214.32366388888892,42.798663888888896,255.69481937240334,2.0434782608695654,True
freight_ups_30916_veh_cep_size_l_7_1,27400,58810,31410,16857,14553,1970-01-01 07:36:40,1970-01-01 16:20:10,1970-01-01 08:43:30,1970-01-01 04:40:57,1970-01-01 04:02:33,van,54,121.71775011388121,15.586388637619807,"defaultdict(<class 'int'>, {6: 43, 8: 11})",ups,l,6,139.0,0.0,0.8633093525179856,0.1366906474820144,1.0,0.6043478260869565,1.0,189.15,46.98305154395815,199.54075000000003,28.015750000000004,264.14880154395814,2.574074074074074,False
freight_dpd_30855_0_veh_cep_size_m_7_2,27390,58086,30696,13758,16938,1970-01-01 07:36:30,1970-01-01 16:08:06,1970-01-01 08:31:36,1970-01-01 03:49:18,1970-01-01 04:42:18,van,42,152.41057769137572,23.026902741845138,"defaultdict(<class 'int'>, {4: 39, 6: 3})",dpd,m,4,105.0,0.0,0.19047619047619047,0.8095238095238095,1.0,0.6363636363636364,1.0,171.78,56.69673490119177,195.0048666666667,23.47986666666667,251.95660156785846,2.5,False
freight_hermes_31275_0_veh_cep_size_m_7_1,27400,53464,26064,13351,12713,1970-01-01 07:36:40,1970-01-01 14:51:04,1970-01-01 07:14:24,1970-01-01 03:42:31,1970-01-01 03:31:53,van,80,147.61680929118313,35.98065351314989,"defaultdict(<class 'int'>, {7: 53, 6: 27})",hermes,m,7,108.0,0.0,0.0,1.0,1.0,0.6545454545454545,1.0,171.78,54.91345305632012,165.57880000000003,0.0,226.69345305632012,1.35,False
freight_dpd_30952_veh_cep_size_m_7_2,27402,55921,28519,10268,18251,1970-01-01 07:36:42,1970-01-01 15:32:01,1970-01-01 07:55:19,1970-01-01 02:51:08,1970-01-01 05:04:11,van,51,140.75493643157682,25.31178710846723,"defaultdict(<class 'int'>, {4: 30, 6: 21})",dpd,m,4,81.0,0.0,0.19753086419753085,0.8024691358024691,1.0,0.4909090909090909,1.0,171.78,52.36083635254658,181.17486944444445,9.649869444444445,233.79070579699103,1.588235294117647,False
freight_fedex_30938_veh_cep_size_m_7_4,27412,53213,25801,14877,10924,1970-01-01 07:36:52,1970-01-01 14:46:53,1970-01-01 07:10:01,1970-01-01 04:07:57,1970-01-01 03:02:04,van,43,96.43681356501206,15.433883446498555,"defaultdict(<class 'int'>, {6: 42, 7: 1})",fedex,m,6,140.0,0.0,0.9071428571428571,0.09285714285714286,1.0,0.8484848484848485,1.0,171.78,35.87449464618449,163.90801944444445,0.0,207.6544946461845,3.255813953488372,False
freight_hermes_30966_veh_cep_size_m_7_4,27403,37485,10082,2882,7200,1970-01-01 07:36:43,1970-01-01 10:24:45,1970-01-01 02:48:02,1970-01-01 00:48:02,1970-01-01 02:00:00,van,19,53.53616005671935,19.192765844594025,"defaultdict(<class 'int'>, {4: 19})",hermes,m,4,23.0,0.0,0.043478260869565216,0.9565217391304348,1.0,0.1393939393939394,1.0,171.78,19.9154515410996,64.04870555555556,0.0,191.6954515410996,1.2105263157894737,False
freight_dpd_31515_veh_cep_size_m_7_7,27404,55927,28523,10196,18327,1970-01-01 07:36:44,1970-01-01 15:32:07,1970-01-01 07:55:23,1970-01-01 02:49:56,1970-01-01 05:05:27,van,80,187.68364843924468,41.17861627345715,"defaultdict(<class 'int'>, {6: 80})",dpd,m,6,84.0,0.0,0.05952380952380952,0.9404761904761905,1.0,0.509090909090909,1.0,171.78,69.81831721939902,181.20028055555557,9.675280555555556,251.27359777495457,1.05,False
freight_hermes_31319_veh_cep_size_m_8_2,27429,59030,31601,13958,17643,1970-01-01 07:37:09,1970-01-01 16:23:50,1970-01-01 08:46:41,1970-01-01 03:52:38,1970-01-01 04:54:03,van,79,126.89840447141393,28.89923654932133,"defaultdict(<class 'int'>, {8: 10, 6: 67, 5: 2})",hermes,m,6,113.0,0.0,0.0,1.0,1.0,0.6848484848484848,1.0,171.78,47.20620646336598,200.75413055555558,29.229130555555557,248.21533701892156,1.4303797468354431,False
freight_ups_30173_veh_cep_size_l_7_1,27430,59885,32455,19920,12535,1970-01-01 07:37:10,1970-01-01 16:38:05,1970-01-01 09:00:55,1970-01-01 05:32:00,1970-01-01 03:28:55,van,61,84.57611216857069,13.467507533318209,"defaultdict(<class 'int'>, {2: 55, 5: 6})",ups,l,2,161.0,0.0,0.8260869565217391,0.17391304347826086,1.0,0.7,1.0,189.15,32.646379297068286,206.1794027777778,34.65440277777778,256.4507820748461,2.639344262295082,True
freight_hermes_30559_veh_cep_size_m_7_2,27434,62107,34673,19655,15018,1970-01-01 07:37:14,1970-01-01 17:15:07,1970-01-01 09:37:53,1970-01-01 05:27:35,1970-01-01 04:10:18,van,52,105.23018429481584,18.78200855820699,"defaultdict(<class 'int'>, {6: 4, 4: 48})",hermes,m,4,155.0,0.0,0.04516129032258064,0.9548387096774194,1.0,0.9393939393939394,1.0,171.78,39.14562855767149,220.26986388888892,48.744863888888894,259.6704924465604,2.980769230769231,True
freight_ups_30173_veh_cep_size_m_7_2,27431,63893,36462,18323,18139,1970-01-01 07:37:11,1970-01-01 17:44:53,1970-01-01 10:07:42,1970-01-01 05:05:23,1970-01-01 05:02:19,van,57,100.80612740801425,14.211327253313755,"defaultdict(<class 'int'>, {5: 27, 2: 30})",ups,m,2,147.0,0.0,0.7414965986394558,0.2585034013605442,1.0,0.8909090909090909,1.0,171.78,37.4998793957813,231.63498333333337,60.10998333333334,269.38986272911467,2.5789473684210527,True
freight_gls_31303_veh_cep_size_m_7_4,27468,56231,28763,11856,16907,1970-01-01 07:37:48,1970-01-01 15:37:11,1970-01-01 07:59:23,1970-01-01 03:17:36,1970-01-01 04:41:47,van,96,150.64663505281015,29.01500337832741,"defaultdict(<class 'int'>, {4: 63, 6: 15, 8: 18})",gls,m,4,98.0,0.0,0.08163265306122448,0.9183673469387755,1.0,0.593939393939394,1.0,171.78,56.040548239645375,182.72494722222223,11.199947222222223,239.0204954618676,1.0208333333333333,True
freight_dhl_31311_1_veh_cep_size_m_7_4,27477,56821,29344,17235,12109,1970-01-01 07:37:57,1970-01-01 15:47:01,1970-01-01 08:09:04,1970-01-01 04:47:15,1970-01-01 03:21:49,van,48,86.26482881125798,11.019417028267966,"defaultdict(<class 'int'>, {7: 48})",dhl,m,7,154.0,0.0,0.12987012987012986,0.8701298701298701,1.0,0.9333333333333333,1.0,171.78,32.09051631778797,186.41591111111111,14.890911111111112,218.76142742889908,3.2083333333333335,False
freight_fedex_30827_veh_cep_size_m_7_2,27477,58574,31097,18848,12249,1970-01-01 07:37:57,1970-01-01 16:16:14,1970-01-01 08:38:17,1970-01-01 05:14:08,1970-01-01 03:24:09,van,59,111.8031345157789,15.08094833100042,"defaultdict(<class 'int'>, {8: 5, 4: 21, 6: 15, 7: 18})",fedex,m,4,152.0,0.0,0.9078947368421053,0.09210526315789473,1.0,0.9212121212121213,1.0,171.78,41.59076603986975,197.55233055555559,26.027330555555558,239.3980965954253,2.5762711864406778,False
freight_hermes_30559_veh_cep_size_m_7_3,27484,61689,34205,17025,17180,1970-01-01 07:38:04,1970-01-01 17:08:09,1970-01-01 09:30:05,1970-01-01 04:43:45,1970-01-01 04:46:20,van,80,112.85673493850562,18.711819082937293,"defaultdict(<class 'int'>, {6: 5, 5: 5, 4: 70})",hermes,m,4,137.0,0.0,0.06569343065693431,0.9343065693430657,1.0,0.8303030303030303,1.0,171.78,41.98270539712409,217.2967638888889,45.77176388888889,259.53446928601295,1.7125,True
freight_dhl_31311_1_veh_cep_size_m_7_3,27477,52811,25334,15325,10009,1970-01-01 07:37:57,1970-01-01 14:40:11,1970-01-01 07:02:14,1970-01-01 04:15:25,1970-01-01 02:46:49,van,46,76.13580044010621,11.122152052659763,"defaultdict(<class 'int'>, {7: 45, 8: 1})",dhl,m,7,122.0,0.0,0.12295081967213115,0.8770491803278688,1.0,0.7393939393939394,1.0,171.78,28.32251776371951,160.94127222222224,0.0,200.1025177637195,2.652173913043478,False
freight_ups_30916_veh_cep_size_l_7_2,27487,60974,33487,18414,15073,1970-01-01 07:38:07,1970-01-01 16:56:14,1970-01-01 09:18:07,1970-01-01 05:06:54,1970-01-01 04:11:13,van,60,98.39220833925961,11.097969435583527,"defaultdict(<class 'int'>, {6: 43, 8: 13, 7: 4})",ups,l,6,156.0,0.0,0.8205128205128205,0.1794871794871795,1.0,0.6782608695652174,1.0,189.15,37.97939241895421,212.73546944444448,41.21046944444445,268.33986186339865,2.6,False
freight_ups_30453_veh_cep_size_m_7_3,27495,58413,30918,16153,14765,1970-01-01 07:38:15,1970-01-01 16:13:33,1970-01-01 08:35:18,1970-01-01 04:29:13,1970-01-01 04:06:05,van,58,93.60119599671386,13.654317757692072,"defaultdict(<class 'int'>, {6: 13, 4: 32, 3: 11, 5: 2})",ups,m,4,129.0,0.0,0.7984496124031008,0.20155038759689922,1.0,0.7818181818181819,1.0,171.78,34.819644910777555,196.41518333333335,24.890183333333336,231.4898282441109,2.2241379310344827,True
freight_dhl_31311_1_veh_cep_size_m_7_2,27477,55038,27561,15280,12281,1970-01-01 07:37:57,1970-01-01 15:17:18,1970-01-01 07:39:21,1970-01-01 04:14:40,1970-01-01 03:24:41,van,59,93.03701321432806,11.069136941074849,"defaultdict(<class 'int'>, {7: 36, 8: 23})",dhl,m,7,123.0,0.0,0.07317073170731707,0.926829268292683,1.0,0.7454545454545455,1.0,171.78,34.60976891573004,175.08890833333334,3.5639083333333335,209.95367724906336,2.0847457627118646,False
freight_dhl_30938_1_veh_cep_size_l_7_1,27499,61024,33525,20078,13447,1970-01-01 07:38:19,1970-01-01 16:57:04,1970-01-01 09:18:45,1970-01-01 05:34:38,1970-01-01 03:44:07,van,70,116.25523007982886,12.051561081155068,"defaultdict(<class 'int'>, {7: 70})",dhl,l,7,160.0,0.0,0.05,0.95,1.0,0.6956521739130435,1.0,189.15,44.87451881081394,212.976875,41.451875,275.476393810814,2.2857142857142856,False
freight_dpd_30926_veh_cep_size_m_7_5,27500,54889,27389,6508,20881,1970-01-01 07:38:20,1970-01-01 15:14:49,1970-01-01 07:36:29,1970-01-01 01:48:28,1970-01-01 05:48:01,van,40,154.8486385235253,30.300290607299633,"defaultdict(<class 'int'>, {6: 27, 8: 4, 4: 9})",dpd,m,6,53.0,0.0,0.1509433962264151,0.8490566037735849,1.0,0.3212121212121212,1.0,171.78,57.60369353075141,173.99623055555557,2.4712305555555556,231.85492408630697,1.325,False
freight_dhl_31311_1_veh_cep_size_m_7_1,27477,55759,28282,17854,10428,1970-01-01 07:37:57,1970-01-01 15:29:19,1970-01-01 07:51:22,1970-01-01 04:57:34,1970-01-01 02:53:48,van,63,90.87025205864872,11.938500012474147,"defaultdict(<class 'int'>, {7: 63})",dhl,m,7,143.0,0.0,0.11888111888111888,0.8811188811188811,1.0,0.8666666666666667,1.0,171.78,33.80373376581732,179.66926111111113,8.144261111111112,213.72799487692845,2.2698412698412698,False
freight_hermes_30519_veh_cep_size_m_7_3,27505,59930,32425,13548,18877,1970-01-01 07:38:25,1970-01-01 16:38:50,1970-01-01 09:00:25,1970-01-01 03:45:48,1970-01-01 05:14:37,van,62,119.63638115939592,17.831216313789692,"defaultdict(<class 'int'>, {4: 27, 3: 35})",hermes,m,3,109.0,0.0,0.01834862385321101,0.981651376146789,1.0,0.6606060606060606,1.0,171.78,44.50473379129529,205.98881944444446,34.46381944444445,250.74855323573973,1.7580645161290323,True
freight_dpd_30926_veh_cep_size_m_7_4,27500,61314,33814,13978,19836,1970-01-01 07:38:20,1970-01-01 17:01:54,1970-01-01 09:23:34,1970-01-01 03:52:58,1970-01-01 05:30:36,van,88,131.213044776431,24.70621338356945,"defaultdict(<class 'int'>, {8: 19, 4: 56, 6: 13})",dpd,m,4,114.0,0.0,0.14912280701754385,0.8508771929824561,1.0,0.6909090909090909,1.0,171.78,48.81125265683233,214.81282777777778,43.287827777777785,263.8790804346101,1.2954545454545454,False
freight_gls_30952_veh_cep_size_m_8_3,27512,50826,23314,9214,14100,1970-01-01 07:38:32,1970-01-01 14:07:06,1970-01-01 06:28:34,1970-01-01 02:33:34,1970-01-01 03:55:00,van,65,98.81443189052885,17.36769795332755,"defaultdict(<class 'int'>, {6: 3, 4: 39, 8: 19, 7: 4})",gls,m,4,75.0,0.0,0.013333333333333334,0.9866666666666667,1.0,0.45454545454545453,1.0,171.78,36.75896866327673,148.10866111111113,0.0,208.53896866327673,1.1538461538461537,False
freight_dpd_30926_veh_cep_size_m_7_1,27500,61733,34233,13321,20912,1970-01-01 07:38:20,1970-01-01 17:08:53,1970-01-01 09:30:33,1970-01-01 03:42:01,1970-01-01 05:48:32,van,86,139.73360599585476,32.225826891315975,"defaultdict(<class 'int'>, {6: 23, 7: 47, 8: 16})",dpd,m,7,108.0,0.0,0.12962962962962962,0.8703703703703703,1.0,0.6545454545454545,1.0,171.78,51.98090143045797,217.47464166666668,45.94964166666667,269.7105430971246,1.255813953488372,False
freight_ups_30916_veh_cep_size_m_7_3,27519,54607,27088,17604,9484,1970-01-01 07:38:39,1970-01-01 15:10:07,1970-01-01 07:31:28,1970-01-01 04:53:24,1970-01-01 02:38:04,van,42,66.01041281616153,10.994740855221378,"defaultdict(<class 'int'>, {6: 41, 7: 1})",ups,m,6,141.0,0.0,0.7872340425531915,0.2127659574468085,1.0,0.8545454545454545,1.0,171.78,24.55587356761209,172.08404444444446,0.5590444444444445,196.89491801205654,3.357142857142857,False
freight_gls_31275_veh_cep_size_m_7_3,27525,59799,32274,15159,17115,1970-01-01 07:38:45,1970-01-01 16:36:39,1970-01-01 08:57:54,1970-01-01 04:12:39,1970-01-01 04:45:15,van,97,163.84116773714356,21.325108713119572,"defaultdict(<class 'int'>, {6: 93, 8: 4})",gls,m,6,123.0,0.0,0.07317073170731707,0.926829268292683,1.0,0.7454545454545455,1.0,171.78,60.948914398217404,205.02955000000003,33.50455,266.2334643982174,1.268041237113402,False
freight_dpd_30855_1_veh_cep_size_m_7_1,27500,59675,32175,19369,12806,1970-01-01 07:38:20,1970-01-01 16:34:35,1970-01-01 08:56:15,1970-01-01 05:22:49,1970-01-01 03:33:26,van,65,137.7051082946115,24.985381632891702,"defaultdict(<class 'int'>, {5: 3, 4: 62})",dpd,m,4,155.0,0.0,0.3225806451612903,0.6774193548387096,1.0,0.9393939393939394,1.0,171.78,51.22630028559548,204.40062500000002,32.87562500000001,255.88192528559549,2.3846153846153846,False
freight_fedex_30827_veh_cep_size_m_7_1,27532,59661,32129,15535,16594,1970-01-01 07:38:52,1970-01-01 16:34:21,1970-01-01 08:55:29,1970-01-01 04:18:55,1970-01-01 04:36:34,van,71,146.17280668168246,15.096077755603236,"defaultdict(<class 'int'>, {8: 17, 6: 8, 7: 16, 4: 30})",fedex,m,4,125.0,0.0,0.904,0.096,1.0,0.7575757575757576,1.0,171.78,54.37628408558587,204.10839722222224,32.583397222222224,258.7396813078081,1.7605633802816902,False
freight_ups_31832_veh_cep_size_m_7_2,27533,57094,29561,12782,16779,1970-01-01 07:38:53,1970-01-01 15:51:34,1970-01-01 08:12:41,1970-01-01 03:33:02,1970-01-01 04:39:39,van,55,137.56299772057739,33.090698856285066,"defaultdict(<class 'int'>, {8: 2, 7: 43, 6: 10})",ups,m,7,104.0,0.0,0.7596153846153846,0.2403846153846154,1.0,0.6303030303030303,1.0,171.78,51.173435152054786,187.7944638888889,16.26946388888889,239.22289904094367,1.8909090909090909,False
freight_ups_30938_veh_cep_size_m_7_3,27536,54714,27178,8217,18961,1970-01-01 07:38:56,1970-01-01 15:11:54,1970-01-01 07:32:58,1970-01-01 02:16:57,1970-01-01 05:16:01,van,45,158.47044297207358,14.782264165700283,"defaultdict(<class 'int'>, {7: 30, 6: 12, 8: 3})",ups,m,7,66.0,0.0,0.8939393939393939,0.10606060606060606,1.0,0.4,1.0,171.78,58.951004785611374,172.65579444444447,1.1307944444444447,231.86179923005582,1.4666666666666666,False
freight_ups_30449_veh_cep_size_m_7_2,27540,60379,32839,20180,12659,1970-01-01 07:39:00,1970-01-01 16:46:19,1970-01-01 09:07:19,1970-01-01 05:36:20,1970-01-01 03:30:59,van,43,68.62546356017745,13.543135581736609,"defaultdict(<class 'int'>, {3: 43})",ups,m,3,162.0,0.0,0.845679012345679,0.15432098765432098,1.0,0.9818181818181818,1.0,171.78,25.52867244438601,208.61886944444447,37.09386944444445,234.40254188883046,3.7674418604651163,True
freight_hermes_30455_veh_cep_size_m_7_2,27554,57012,29458,16669,12789,1970-01-01 07:39:14,1970-01-01 15:50:12,1970-01-01 08:10:58,1970-01-01 04:37:49,1970-01-01 03:33:09,van,59,83.59405337459056,15.011586293337068,"defaultdict(<class 'int'>, {4: 59})",hermes,m,4,132.0,0.0,0.05303030303030303,0.946969696969697,1.0,0.8,1.0,171.78,31.096987855347688,187.1401277777778,15.61512777777778,218.49211563312548,2.23728813559322,True
freight_fedex_30827_veh_cep_size_m_8_3,27572,55833,28261,19321,8940,1970-01-01 07:39:32,1970-01-01 15:30:33,1970-01-01 07:51:01,1970-01-01 05:22:01,1970-01-01 02:29:00,van,37,87.40536778141005,14.986287534005951,"defaultdict(<class 'int'>, {8: 1, 4: 4, 6: 25, 7: 7})",fedex,m,6,154.0,0.0,0.8766233766233766,0.12337662337662338,1.0,0.9333333333333333,1.0,171.78,32.51479681468454,179.5358527777778,8.010852777777778,212.30564959246232,4.162162162162162,False
freight_hermes_30453_veh_cep_size_m_7_1,27575,59354,31779,16727,15052,1970-01-01 07:39:35,1970-01-01 16:29:14,1970-01-01 08:49:39,1970-01-01 04:38:47,1970-01-01 04:10:52,van,86,101.73132827088321,13.364954711194617,"defaultdict(<class 'int'>, {6: 2, 4: 57, 3: 14, 5: 13})",hermes,m,4,135.0,0.0,0.044444444444444446,0.9555555555555556,1.0,0.8181818181818182,1.0,171.78,37.844054116768554,201.884925,30.359925000000004,239.98397911676855,1.569767441860465,True
freight_ups_30453_veh_cep_size_m_7_2,27581,59640,32059,18530,13529,1970-01-01 07:39:41,1970-01-01 16:34:00,1970-01-01 08:54:19,1970-01-01 05:08:50,1970-01-01 03:45:29,van,35,86.59752459428522,15.687672388404042,"defaultdict(<class 'int'>, {4: 14, 6: 3, 3: 9, 5: 9})",ups,m,4,148.0,0.0,0.8918918918918919,0.10810810810810811,1.0,0.896969696969697,1.0,171.78,32.2142791490741,203.6637027777778,32.13870277777778,236.13298192685187,4.228571428571429,True
freight_fedex_30827_veh_cep_size_m_7_4,27572,59017,31445,19195,12250,1970-01-01 07:39:32,1970-01-01 16:23:37,1970-01-01 08:44:05,1970-01-01 05:19:55,1970-01-01 03:24:10,van,55,105.30156660970192,14.433859185392393,"defaultdict(<class 'int'>, {8: 1, 4: 9, 6: 43, 7: 2})",fedex,m,6,152.0,0.0,0.8486842105263158,0.1513157894736842,1.0,0.9212121212121213,1.0,171.78,39.172182778809116,199.76309722222223,28.238097222222226,239.19028000103134,2.7636363636363637,False
freight_hermes_30916_veh_cep_size_m_7_3,27576,60601,33025,15003,18022,1970-01-01 07:39:36,1970-01-01 16:50:01,1970-01-01 09:10:25,1970-01-01 04:10:03,1970-01-01 05:00:22,van,74,113.49401378896921,12.98767636716352,"defaultdict(<class 'int'>, {8: 1, 6: 64, 7: 9})",hermes,m,6,120.0,0.0,0.06666666666666667,0.9333333333333333,1.0,0.7272727272727273,1.0,171.78,42.219773129496545,209.80048611111113,38.275486111111114,252.27525924060765,1.6216216216216217,False
freight_dpd_30952_veh_cep_size_l_7_3,27585,59092,31507,10350,21157,1970-01-01 07:39:45,1970-01-01 16:24:52,1970-01-01 08:45:07,1970-01-01 02:52:30,1970-01-01 05:52:37,van,64,161.7682066526093,23.656067587127485,"defaultdict(<class 'int'>, {6: 41, 8: 9, 4: 14})",dpd,l,6,83.0,0.0,0.21686746987951808,0.7831325301204819,1.0,0.36086956521739133,1.0,189.15,62.442527767907194,200.15696944444446,28.631969444444447,280.22449721235165,1.296875,False
freight_fedex_30419_veh_cep_size_m_7_2,27581,59938,32357,18393,13964,1970-01-01 07:39:41,1970-01-01 16:38:58,1970-01-01 08:59:17,1970-01-01 05:06:33,1970-01-01 03:52:44,van,53,129.12111224070895,12.643306914644487,"defaultdict(<class 'int'>, {3: 4, 5: 47, 6: 2})",fedex,m,5,148.0,0.0,0.8716216216216216,0.12837837837837837,1.0,0.896969696969697,1.0,171.78,48.03305375354373,205.55683055555556,34.03183055555556,253.84488430909929,2.792452830188679,True
freight_ups_30916_veh_cep_size_m_7_4,27592,56550,28958,17003,11955,1970-01-01 07:39:52,1970-01-01 15:42:30,1970-01-01 08:02:38,1970-01-01 04:43:23,1970-01-01 03:19:15,van,48,88.16711989223587,11.239206670719774,"defaultdict(<class 'int'>, {6: 27, 5: 1, 7: 17, 8: 3})",ups,m,6,134.0,0.0,0.8582089552238806,0.1417910447761194,1.0,0.8121212121212121,1.0,171.78,32.79816859991175,183.9637388888889,12.43873888888889,217.01690748880063,2.7916666666666665,False
freight_hermes_30916_veh_cep_size_l_7_4,27576,62385,34809,15256,19553,1970-01-01 07:39:36,1970-01-01 17:19:45,1970-01-01 09:40:09,1970-01-01 04:14:16,1970-01-01 05:25:53,van,91,160.1939252898516,14.242531378091753,"defaultdict(<class 'int'>, {6: 63, 8: 4, 7: 24})",hermes,l,6,123.0,0.0,0.008130081300813009,0.991869918699187,1.0,0.5347826086956522,1.0,189.15,61.834855161882714,221.13384166666668,49.60884166666667,300.59369682854935,1.3516483516483517,False
freight_dpd_30855_1_veh_cep_size_m_7_2,27596,57047,29451,19206,10245,1970-01-01 07:39:56,1970-01-01 15:50:47,1970-01-01 08:10:51,1970-01-01 05:20:06,1970-01-01 02:50:45,van,56,112.67301798433571,24.43628840291388,"defaultdict(<class 'int'>, {5: 18, 6: 30, 4: 8})",dpd,m,6,151.0,0.0,0.36423841059602646,0.6357615894039735,1.0,0.9151515151515152,1.0,171.78,41.91436269017289,187.09565833333335,15.570658333333334,229.26502102350622,2.6964285714285716,False
freight_fedex_30419_veh_cep_size_m_7_1,27581,61803,34222,14491,19731,1970-01-01 07:39:41,1970-01-01 17:10:03,1970-01-01 09:30:22,1970-01-01 04:01:31,1970-01-01 05:28:51,van,68,146.8099308464035,12.538810178750904,"defaultdict(<class 'int'>, {3: 12, 5: 55, 6: 1})",fedex,m,5,118.0,0.0,0.8898305084745762,0.11016949152542373,1.0,0.7151515151515152,1.0,171.78,54.6132942748621,217.40476111111113,45.879761111111115,272.27305538597324,1.7352941176470589,True
freight_hermes_30916_veh_cep_size_m_7_2,27577,65099,37522,17726,19796,1970-01-01 07:39:37,1970-01-01 18:04:59,1970-01-01 10:25:22,1970-01-01 04:55:26,1970-01-01 05:29:56,van,86,145.2769151078176,15.91859804978248,"defaultdict(<class 'int'>, {6: 44, 8: 41, 7: 1})",hermes,m,6,142.0,0.0,0.0,1.0,1.0,0.8606060606060606,1.0,171.78,54.04301242010814,238.3689277777778,66.84392777777778,292.66694019788594,1.6511627906976745,False
freight_dpd_31832_veh_cep_size_m_7_3,27607,59371,31764,11945,19819,1970-01-01 07:40:07,1970-01-01 16:29:31,1970-01-01 08:49:24,1970-01-01 03:19:05,1970-01-01 05:30:19,van,67,239.56387742734427,41.59101763489552,"defaultdict(<class 'int'>, {6: 39, 7: 19, 8: 9})",dpd,m,6,96.0,0.0,0.19791666666666666,0.8020833333333334,1.0,0.5818181818181818,1.0,171.78,89.11776240297206,201.78963333333334,30.264633333333336,291.16239573630537,1.4328358208955223,False
freight_hermes_31275_0_veh_cep_size_m_7_2,27593,64704,37111,10469,26642,1970-01-01 07:39:53,1970-01-01 17:58:24,1970-01-01 10:18:31,1970-01-01 02:54:29,1970-01-01 07:24:02,van,75,435.8200489260013,35.66611993385466,"defaultdict(<class 'int'>, {6: 15, 7: 15, 8: 45})",hermes,m,8,86.0,0.0,0.0,1.0,1.0,0.5212121212121212,1.0,171.78,162.12505820047247,235.75793611111112,64.23293611111112,398.1379943115836,1.1466666666666667,False
freight_dpd_30974_veh_cep_size_m_7_1,27619,60842,33223,12150,21073,1970-01-01 07:40:19,1970-01-01 16:54:02,1970-01-01 09:13:43,1970-01-01 03:22:30,1970-01-01 05:51:13,van,80,188.66670707372933,34.926138468639564,"defaultdict(<class 'int'>, {8: 25, 7: 55})",dpd,m,7,99.0,0.0,0.12121212121212122,0.8787878787878788,1.0,0.6,1.0,171.78,70.18401503142731,211.05833611111112,39.53333611111111,281.49735114253843,1.2375,False
freight_hermes_30916_veh_cep_size_m_7_1,27603,56707,29104,11436,17668,1970-01-01 07:40:03,1970-01-01 15:45:07,1970-01-01 08:05:04,1970-01-01 03:10:36,1970-01-01 04:54:28,van,69,122.94926131038325,17.182678825231786,"defaultdict(<class 'int'>, {8: 5, 6: 64})",hermes,m,6,92.0,0.0,0.043478260869565216,0.9565217391304348,1.0,0.5575757575757576,1.0,171.78,45.73712520746257,184.89124444444445,13.366244444444446,230.88336965190703,1.3333333333333333,False
freight_dpd_30159_veh_cep_size_m_7_1,27630,61189,33559,20148,13411,1970-01-01 07:40:30,1970-01-01 16:59:49,1970-01-01 09:19:19,1970-01-01 05:35:48,1970-01-01 03:43:31,van,69,76.06676789299051,18.37059593798817,"defaultdict(<class 'int'>, {1: 66, 3: 3})",dpd,m,1,162.0,0.0,0.4506172839506173,0.5493827160493827,1.0,0.9818181818181818,1.0,171.78,28.29683765619247,213.19286944444445,41.66786944444445,241.74470710063693,2.347826086956522,True
freight_ups_30449_veh_cep_size_m_7_3,27632,61947,34315,20315,14000,1970-01-01 07:40:32,1970-01-01 17:12:27,1970-01-01 09:31:55,1970-01-01 05:38:35,1970-01-01 03:53:20,van,63,69.34822576408821,13.36765611691994,"defaultdict(<class 'int'>, {3: 63})",ups,m,3,165.0,0.0,0.793939393939394,0.20606060606060606,1.0,1.0,1.0,171.78,25.797539984240814,217.99556944444447,46.47056944444445,244.04810942868528,2.619047619047619,True
freight_hermes_30900_veh_cep_size_m_7_2,27626,56096,28470,12133,16337,1970-01-01 07:40:26,1970-01-01 15:34:56,1970-01-01 07:54:30,1970-01-01 03:22:13,1970-01-01 04:32:17,van,81,153.5904811885769,18.933920697850933,"defaultdict(<class 'int'>, {6: 10, 7: 66, 8: 5})",hermes,m,7,99.0,0.0,0.0,1.0,1.0,0.6,1.0,171.78,57.135659002150604,180.86358333333334,9.338583333333334,238.25424233548395,1.2222222222222223,False
freight_gls_31515_veh_cep_size_m_8_6,27638,55710,28072,10913,17159,1970-01-01 07:40:38,1970-01-01 15:28:30,1970-01-01 07:47:52,1970-01-01 03:01:53,1970-01-01 04:45:59,van,66,138.07955549622196,33.4269889361888,"defaultdict(<class 'int'>, {6: 58, 7: 8})",gls,m,6,88.0,0.0,0.11363636363636363,0.8863636363636364,1.0,0.5333333333333333,1.0,171.78,51.365594644594566,178.3351777777778,6.8101777777777786,229.95577242237232,1.3333333333333333,False
freight_hermes_30625_veh_cep_size_m_7_1,27637,59778,32141,18807,13334,1970-01-01 07:40:37,1970-01-01 16:36:18,1970-01-01 08:55:41,1970-01-01 05:13:27,1970-01-01 03:42:14,van,89,90.09627406748663,14.987305780690361,"defaultdict(<class 'int'>, {3: 64, 4: 25})",hermes,m,3,152.0,0.0,0.046052631578947366,0.9539473684210527,1.0,0.9212121212121213,1.0,171.78,33.515813953105024,204.18463055555557,32.65963055555556,237.9554445086606,1.7078651685393258,True
freight_dpd_30880_veh_cep_size_m_7_4,27647,60004,32357,14174,18183,1970-01-01 07:40:47,1970-01-01 16:40:04,1970-01-01 08:59:17,1970-01-01 03:56:14,1970-01-01 05:03:03,van,92,113.08411399731645,17.53779031559971,"defaultdict(<class 'int'>, {6: 37, 3: 33, 7: 14, 4: 8})",dpd,m,6,116.0,0.0,0.27586206896551724,0.7241379310344828,1.0,0.703030303030303,1.0,171.78,42.06729040700172,205.55683055555556,34.03183055555556,247.87912096255727,1.2608695652173914,False
freight_gls_31515_veh_cep_size_m_8_2,27638,58823,31185,8852,22333,1970-01-01 07:40:38,1970-01-01 16:20:23,1970-01-01 08:39:45,1970-01-01 02:27:32,1970-01-01 06:12:13,van,57,206.00185963997274,41.490022029312286,"defaultdict(<class 'int'>, {6: 39, 7: 5, 8: 13})",gls,m,6,72.0,0.0,0.013888888888888888,0.9861111111111112,1.0,0.43636363636363634,1.0,171.78,76.63269178606986,198.111375,26.586375000000004,274.9990667860699,1.263157894736842,False
freight_hermes_30177_veh_cep_size_l_7_1,27648,59857,32209,20325,11884,1970-01-01 07:40:48,1970-01-01 16:37:37,1970-01-01 08:56:49,1970-01-01 05:38:45,1970-01-01 03:18:04,van,78,73.78660099153522,10.475229433414976,"defaultdict(<class 'int'>, {2: 77, 4: 1})",hermes,l,2,164.0,0.0,0.07317073170731707,0.926829268292683,1.0,0.7130434782608696,1.0,189.15,28.481627982732597,204.61661944444447,33.09161944444445,250.72324742717706,2.1025641025641026,True
freight_dpd_30880_veh_cep_size_m_7_2,27647,59698,32051,16562,15489,1970-01-01 07:40:47,1970-01-01 16:34:58,1970-01-01 08:54:11,1970-01-01 04:36:02,1970-01-01 04:18:09,van,56,102.54291757264623,17.58335177178863,"defaultdict(<class 'int'>, {6: 20, 3: 25, 4: 5, 7: 6})",dpd,m,3,130.0,0.0,0.23846153846153847,0.7615384615384615,1.0,0.7878787878787878,1.0,171.78,38.1459653370244,203.61288055555556,32.08788055555556,242.01384589257995,2.3214285714285716,False
freight_gls_31319_veh_cep_size_m_7_1,27647,63160,35513,17116,18397,1970-01-01 07:40:47,1970-01-01 17:32:40,1970-01-01 09:51:53,1970-01-01 04:45:16,1970-01-01 05:06:37,van,124,170.2781844721549,15.150704303126805,"defaultdict(<class 'int'>, {6: 84, 5: 11, 8: 29})",gls,m,6,140.0,0.0,0.07142857142857142,0.9285714285714286,1.0,0.8484848484848485,1.0,171.78,63.34348462364162,225.60619722222225,54.08119722222223,289.20468184586383,1.1290322580645162,False
freight_hermes_31275_0_veh_cep_size_m_7_3,27649,57642,29993,13135,16858,1970-01-01 07:40:49,1970-01-01 16:00:42,1970-01-01 08:19:53,1970-01-01 03:38:55,1970-01-01 04:40:58,van,83,198.53972325102774,35.912557923823236,"defaultdict(<class 'int'>, {6: 71, 7: 12})",hermes,m,6,107.0,0.0,0.018691588785046728,0.9813084112149533,1.0,0.6484848484848484,1.0,171.78,73.85677704938232,190.5388638888889,19.013863888888892,264.6506409382712,1.2891566265060241,False
freight_dpd_30880_veh_cep_size_m_7_1,27647,59211,31564,13902,17662,1970-01-01 07:40:47,1970-01-01 16:26:51,1970-01-01 08:46:04,1970-01-01 03:51:42,1970-01-01 04:54:22,van,86,114.23941634254287,17.67948490233972,"defaultdict(<class 'int'>, {6: 4, 7: 7, 4: 38, 8: 37})",dpd,m,4,112.0,0.0,0.14285714285714285,0.8571428571428571,1.0,0.6787878787878788,1.0,171.78,42.49706287942595,200.5190777777778,28.99407777777778,243.27114065720374,1.302325581395349,False
freight_hermes_30627_veh_cep_size_m_8_1,27649,55479,27830,16755,11075,1970-01-01 07:40:49,1970-01-01 15:24:39,1970-01-01 07:43:50,1970-01-01 04:39:15,1970-01-01 03:04:35,van,80,85.09097756995078,15.866841618384726,"defaultdict(<class 'int'>, {4: 80})",hermes,m,4,135.0,0.0,0.05185185185185185,0.9481481481481482,1.0,0.8181818181818182,1.0,171.78,31.65384365602169,176.79780555555558,5.272805555555556,208.70664921157723,1.6875,True
freight_fedex_30159_veh_cep_size_l_7_3,27673,56966,29293,24402,4891,1970-01-01 07:41:13,1970-01-01 15:49:26,1970-01-01 08:08:13,1970-01-01 06:46:42,1970-01-01 01:21:31,van,10,34.474639073774526,13.894153008881583,"defaultdict(<class 'int'>, {1: 10})",fedex,l,1,208.0,0.0,0.8173076923076923,0.18269230769230768,1.0,0.9043478260869565,1.0,189.15,13.307210682476967,186.09191944444447,14.566919444444446,217.02413012692142,20.8,True
freight_dpd_30880_veh_cep_size_l_7_3,27647,59727,32080,17436,14644,1970-01-01 07:40:47,1970-01-01 16:35:27,1970-01-01 08:54:40,1970-01-01 04:50:36,1970-01-01 04:04:04,van,60,100.27741809632366,16.703477090191384,"defaultdict(<class 'int'>, {6: 21, 3: 17, 7: 2, 4: 1, 8: 19})",dpd,l,6,138.0,0.0,0.2608695652173913,0.7391304347826086,1.0,0.6,1.0,189.15,38.70708338518093,203.79711111111112,32.272111111111116,260.12919449629203,2.3,False
freight_hermes_30449_veh_cep_size_m_7_1,27649,60368,32719,19770,12949,1970-01-01 07:40:49,1970-01-01 16:46:08,1970-01-01 09:05:19,1970-01-01 05:29:30,1970-01-01 03:35:49,van,81,74.99271788099185,13.236083050239436,"defaultdict(<class 'int'>, {3: 81})",hermes,m,3,159.0,0.0,0.06289308176100629,0.9371069182389937,1.0,0.9636363636363636,1.0,171.78,27.897291051728967,207.85653611111113,36.33153611111111,236.00882716284008,1.962962962962963,True
freight_fedex_30159_veh_cep_size_l_7_2,27673,56819,29146,24189,4957,1970-01-01 07:41:13,1970-01-01 15:46:59,1970-01-01 08:05:46,1970-01-01 06:43:09,1970-01-01 01:22:37,van,11,35.16092586625676,14.179044768299608,"defaultdict(<class 'int'>, {1: 11})",fedex,l,1,198.0,0.0,0.7474747474747475,0.25252525252525254,1.0,0.8608695652173913,1.0,189.15,13.57211738437511,185.15806111111112,13.633061111111113,216.35517849548623,18.0,True
freight_dpd_30966_veh_cep_size_m_7_1,27650,58312,30662,15594,15068,1970-01-01 07:40:50,1970-01-01 16:11:52,1970-01-01 08:31:02,1970-01-01 04:19:54,1970-01-01 04:11:08,van,94,129.50820320812775,21.057448783902075,"defaultdict(<class 'int'>, {6: 10, 4: 41, 8: 43})",dpd,m,8,126.0,0.0,0.11904761904761904,0.8809523809523809,1.0,0.7636363636363637,1.0,171.78,48.17705159342352,194.78887222222224,23.263872222222226,243.22092381564576,1.3404255319148937,False
freight_gls_31515_veh_cep_size_m_7_5,27691,56126,28435,10560,17875,1970-01-01 07:41:31,1970-01-01 15:35:26,1970-01-01 07:53:55,1970-01-01 02:56:00,1970-01-01 04:57:55,van,53,139.09933964835236,36.212224835427214,"defaultdict(<class 'int'>, {7: 9, 6: 44})",gls,m,6,83.0,0.0,0.07228915662650602,0.927710843373494,1.0,0.503030303030303,1.0,171.78,51.744954349187076,180.64123611111114,9.116236111111112,232.6411904602982,1.5660377358490567,False
freight_hermes_30559_veh_cep_size_l_7_4,27651,56825,29174,13969,15205,1970-01-01 07:40:51,1970-01-01 15:47:05,1970-01-01 08:06:14,1970-01-01 03:52:49,1970-01-01 04:13:25,van,86,98.9404654711115,16.57092636589333,"defaultdict(<class 'int'>, {4: 65, 5: 19, 6: 1, 3: 1})",hermes,l,4,114.0,0.0,0.043859649122807015,0.956140350877193,1.0,0.4956521739130435,1.0,189.15,38.19101967184904,185.3359388888889,13.81093888888889,241.15195856073794,1.3255813953488371,True
freight_fedex_30159_veh_cep_size_l_7_1,27673,57309,29636,23002,6634,1970-01-01 07:41:13,1970-01-01 15:55:09,1970-01-01 08:13:56,1970-01-01 06:23:22,1970-01-01 01:50:34,van,25,44.62897850575604,13.986133300132542,"defaultdict(<class 'int'>, {1: 23, 2: 1, 5: 1})",fedex,l,1,188.0,0.0,0.8457446808510638,0.15425531914893617,1.0,0.8173913043478261,1.0,189.15,17.226785703221832,188.27092222222225,16.745922222222223,223.12270792544405,7.52,True
freight_dpd_30163_veh_cep_size_m_8_2,27663,57168,29505,17407,12098,1970-01-01 07:41:03,1970-01-01 15:52:48,1970-01-01 08:11:45,1970-01-01 04:50:07,1970-01-01 03:21:38,van,69,83.04026150540498,18.378417529012577,"defaultdict(<class 'int'>, {2: 69})",dpd,m,2,141.0,0.0,0.23404255319148937,0.7659574468085106,1.0,0.8545454545454545,1.0,171.78,30.890977280010652,187.43870833333335,15.913708333333334,218.584685613344,2.0434782608695654,True
freight_dhl_30989_1_veh_cep_size_m_7_1,27695,55867,28172,20556,7616,1970-01-01 07:41:35,1970-01-01 15:31:07,1970-01-01 07:49:32,1970-01-01 05:42:36,1970-01-01 02:06:56,van,45,60.80023768754541,11.604047754291965,"defaultdict(<class 'int'>, {8: 2, 4: 43})",dhl,m,4,165.0,0.0,0.13333333333333333,0.8666666666666667,1.0,1.0,1.0,171.78,22.617688419766893,178.97045555555556,7.445455555555556,201.84314397532245,3.6666666666666665,False
freight_hermes_30629_veh_cep_size_m_7_1,27656,58347,30691,17549,13142,1970-01-01 07:40:56,1970-01-01 16:12:27,1970-01-01 08:31:31,1970-01-01 04:52:29,1970-01-01 03:39:02,van,94,98.79772556569047,14.706211110656408,"defaultdict(<class 'int'>, {4: 87, 5: 7})",hermes,m,4,141.0,0.0,0.05673758865248227,0.9432624113475178,1.0,0.8545454545454545,1.0,171.78,36.75275391043685,194.9731027777778,23.44810277777778,231.98085668821463,1.5,True
freight_fedex_30625_veh_cep_size_m_8_1,27677,60414,32737,18086,14651,1970-01-01 07:41:17,1970-01-01 16:46:54,1970-01-01 09:05:37,1970-01-01 05:01:26,1970-01-01 04:04:11,van,83,102.80937957973683,15.472600923982302,"defaultdict(<class 'int'>, {4: 35, 5: 1, 3: 47})",fedex,m,3,146.0,0.0,0.8561643835616438,0.14383561643835616,1.0,0.8848484848484849,1.0,171.78,38.2450892036621,207.97088611111113,36.445886111111115,246.47097531477323,1.7590361445783131,True
freight_dpd_30855_0_veh_cep_size_l_7_4,27694,53874,26180,14090,12090,1970-01-01 07:41:34,1970-01-01 14:57:54,1970-01-01 07:16:20,1970-01-01 03:54:50,1970-01-01 03:21:30,van,51,120.96219753199593,24.080093679272274,"defaultdict(<class 'int'>, {4: 25, 6: 26})",dpd,l,6,112.0,0.0,0.11607142857142858,0.8839285714285714,1.0,0.48695652173913045,1.0,189.15,46.69140824735043,166.31572222222223,0.0,235.84140824735044,2.196078431372549,False
freight_dhl_30916_1_veh_cep_size_m_7_1,27713,57884,30171,20211,9960,1970-01-01 07:41:53,1970-01-01 16:04:44,1970-01-01 08:22:51,1970-01-01 05:36:51,1970-01-01 02:46:00,van,45,70.00437642771486,11.850862767898919,"defaultdict(<class 'int'>, {7: 1, 8: 40, 6: 4})",dhl,m,8,162.0,0.0,0.05555555555555555,0.9444444444444444,1.0,0.9818181818181818,1.0,171.78,26.041628031109926,191.66965833333336,20.144658333333336,217.96628636444325,3.6,False
freight_dpd_30855_0_veh_cep_size_m_7_3,27717,56045,28328,16248,12080,1970-01-01 07:41:57,1970-01-01 15:34:05,1970-01-01 07:52:08,1970-01-01 04:30:48,1970-01-01 03:21:20,van,41,117.38433995448955,22.966017652912335,"defaultdict(<class 'int'>, {6: 28, 5: 1, 4: 12})",dpd,m,6,126.0,0.0,0.3888888888888889,0.6111111111111112,1.0,0.7636363636363637,1.0,171.78,43.66697446307011,179.9614888888889,8.43648888888889,223.88346335195902,3.073170731707317,False
freight_hermes_31275_0_veh_cep_size_m_7_4,27717,55052,27335,12650,14685,1970-01-01 07:41:57,1970-01-01 15:17:32,1970-01-01 07:35:35,1970-01-01 03:30:50,1970-01-01 04:04:45,van,74,142.48140772881783,25.16041503212672,"defaultdict(<class 'int'>, {6: 73, 7: 1})",hermes,m,6,103.0,0.0,0.038834951456310676,0.9611650485436893,1.0,0.6242424242424243,1.0,171.78,53.00308367512023,173.65318055555556,2.1281805555555557,226.91126423067578,1.3918918918918919,False
freight_fedex_30159_veh_cep_size_l_7_4,27722,57272,29550,23676,5874,1970-01-01 07:42:02,1970-01-01 15:54:32,1970-01-01 08:12:30,1970-01-01 06:34:36,1970-01-01 01:37:54,van,19,38.847060692015134,13.838974052038624,"defaultdict(<class 'int'>, {1: 19})",fedex,l,1,198.0,0.0,0.9343434343434344,0.06565656565656566,1.0,0.8608695652173913,1.0,189.15,14.994965427117842,187.72458333333336,16.199583333333337,220.34454876045118,10.421052631578947,True
freight_hermes_30926_veh_cep_size_l_7_2,27720,57723,30003,15030,14973,1970-01-01 07:42:00,1970-01-01 16:02:03,1970-01-01 08:20:03,1970-01-01 04:10:30,1970-01-01 04:09:33,van,93,107.06572846339985,15.676761477184733,"defaultdict(<class 'int'>, {6: 30, 7: 48, 8: 15})",hermes,l,7,123.0,0.0,0.0,1.0,1.0,0.5347826086956522,1.0,189.15,41.32737118687234,190.60239166666668,19.077391666666667,249.55476285353902,1.3225806451612903,False
freight_dhl_30916_2_veh_cep_size_m_7_1,27735,59957,32222,17102,15120,1970-01-01 07:42:15,1970-01-01 16:39:17,1970-01-01 08:57:02,1970-01-01 04:45:02,1970-01-01 04:12:00,van,53,91.2680678407138,12.931688603278362,"defaultdict(<class 'int'>, {5: 1, 6: 43, 8: 9})",dhl,m,6,135.0,0.0,0.06666666666666667,0.9333333333333333,1.0,0.8181818181818182,1.0,171.78,33.951721236745534,204.69920555555558,33.17420555555556,238.9059267923011,2.547169811320755,False
freight_dpd_30966_veh_cep_size_m_7_2,27736,60973,33237,16940,16297,1970-01-01 07:42:16,1970-01-01 16:56:13,1970-01-01 09:13:57,1970-01-01 04:42:20,1970-01-01 04:31:37,van,97,120.52367877780213,19.79580275619738,"defaultdict(<class 'int'>, {4: 78, 6: 16, 8: 3})",dpd,m,4,137.0,0.0,0.2116788321167883,0.7883211678832117,1.0,0.8303030303030303,1.0,171.78,44.834808505342394,211.147275,39.622275,256.2370835053424,1.4123711340206186,False
freight_ups_30167_veh_cep_size_m_7_3,27745,58137,30392,20064,10328,1970-01-01 07:42:25,1970-01-01 16:08:57,1970-01-01 08:26:32,1970-01-01 05:34:24,1970-01-01 02:52:08,van,50,68.01099068602338,10.655083918978459,"defaultdict(<class 'int'>, {3: 47, 1: 3})",ups,m,3,162.0,0.0,0.8148148148148148,0.18518518518518517,1.0,0.9818181818181818,1.0,171.78,25.300088535200697,193.07362222222224,21.548622222222225,218.62871075742294,3.24,True
freight_dhl_30890_2_veh_cep_size_l_7_1,27746,56651,28905,19711,9194,1970-01-01 07:42:26,1970-01-01 15:44:11,1970-01-01 08:01:45,1970-01-01 05:28:31,1970-01-01 02:33:14,van,37,67.02733469936015,13.22708825916065,"defaultdict(<class 'int'>, {5: 1, 4: 35, 7: 1})",dhl,l,4,171.0,0.0,0.1695906432748538,0.8304093567251462,1.0,0.7434782608695653,1.0,189.15,25.87255119395302,183.62704166666668,12.102041666666668,227.1245928606197,4.621621621621622,False
freight_dpd_30519_veh_cep_size_m_7_2,27752,57996,30244,19883,10361,1970-01-01 07:42:32,1970-01-01 16:06:36,1970-01-01 08:24:04,1970-01-01 05:31:23,1970-01-01 02:52:41,van,57,80.15762954350527,15.803734686515757,"defaultdict(<class 'int'>, {4: 17, 5: 11, 3: 27, 2: 2})",dpd,m,3,157.0,0.0,0.1910828025477707,0.8089171974522293,1.0,0.9515151515151515,1.0,171.78,29.818638190183957,192.13341111111112,20.608411111111113,222.20704930129506,2.754385964912281,True
freight_ups_30167_veh_cep_size_l_7_1,27745,60092,32347,20309,12038,1970-01-01 07:42:25,1970-01-01 16:41:32,1970-01-01 08:59:07,1970-01-01 05:38:29,1970-01-01 03:20:38,van,57,79.59228226846082,10.904883148192601,"defaultdict(<class 'int'>, {3: 56, 1: 1})",ups,l,3,164.0,0.0,0.8902439024390244,0.10975609756097561,1.0,0.7130434782608696,1.0,189.15,30.722620955625878,205.49330277777779,33.96830277777778,253.84092373340366,2.8771929824561404,True
freight_fedex_30159_veh_cep_size_m_8_6,27755,56298,28543,19405,9138,1970-01-01 07:42:35,1970-01-01 15:38:18,1970-01-01 07:55:43,1970-01-01 05:23:25,1970-01-01 02:32:18,van,51,57.84495962513535,13.932404167518769,"defaultdict(<class 'int'>, {1: 49, 3: 2})",fedex,m,1,165.0,0.0,0.9636363636363636,0.03636363636363636,1.0,1.0,1.0,171.78,21.51832498055035,181.32733611111112,9.802336111111112,203.10066109166146,3.235294117647059,True
freight_dpd_30519_veh_cep_size_m_7_1,27752,59983,32231,17747,14484,1970-01-01 07:42:32,1970-01-01 16:39:43,1970-01-01 08:57:11,1970-01-01 04:55:47,1970-01-01 04:01:24,van,102,103.10905888792567,16.25546880094998,"defaultdict(<class 'int'>, {4: 31, 3: 71})",dpd,m,3,144.0,0.0,0.20833333333333334,0.7916666666666666,1.0,0.8727272727272727,1.0,171.78,38.35656990630835,204.75638055555558,33.23138055555556,243.36795046186393,1.411764705882353,True
freight_dhl_30890_2_veh_cep_size_m_7_2,27761,55996,28235,20978,7257,1970-01-01 07:42:41,1970-01-01 15:33:16,1970-01-01 07:50:35,1970-01-01 05:49:38,1970-01-01 02:00:57,van,26,58.35169288823774,14.519398272952166,"defaultdict(<class 'int'>, {4: 24, 6: 1, 7: 1})",dhl,m,4,165.0,0.0,0.08484848484848485,0.9151515151515152,1.0,1.0,1.0,171.78,21.70682975442444,179.37068055555557,7.845680555555556,201.33251030998,6.346153846153846,False
freight_dhl_30453_veh_cep_size_m_7_9,27764,56697,28933,18066,10867,1970-01-01 07:42:44,1970-01-01 15:44:57,1970-01-01 08:02:13,1970-01-01 05:01:06,1970-01-01 03:01:07,van,39,78.70242785737015,7.951039895352252,"defaultdict(<class 'int'>, {4: 23, 3: 10, 5: 6})",dhl,m,4,145.0,0.0,0.12413793103448276,0.8758620689655172,1.0,0.8787878787878788,1.0,171.78,29.277303162941696,183.80491944444447,12.279919444444445,213.33722260738614,3.717948717948718,True
freight_ups_30161_veh_cep_size_l_7_1,27765,56520,28755,21869,6886,1970-01-01 07:42:45,1970-01-01 15:42:00,1970-01-01 07:59:15,1970-01-01 06:04:29,1970-01-01 01:54:46,van,45,44.94000527598502,10.540926984488156,"defaultdict(<class 'int'>, {2: 22, 1: 21, 4: 2})",ups,l,2,180.0,0.0,0.8833333333333333,0.11666666666666667,1.0,0.782608695652174,1.0,189.15,17.34684203653022,182.674125,11.149125000000002,217.6459670365302,4.0,True
freight_gls_31275_veh_cep_size_m_8_4,27767,56199,28432,14776,13656,1970-01-01 07:42:47,1970-01-01 15:36:39,1970-01-01 07:53:52,1970-01-01 04:06:16,1970-01-01 03:47:36,van,92,130.6410524383482,18.5475481145891,"defaultdict(<class 'int'>, {6: 92})",gls,m,6,120.0,0.0,0.11666666666666667,0.8833333333333333,1.0,0.7272727272727273,1.0,171.78,48.598471507065526,180.6221777777778,9.097177777777778,229.47564928484329,1.3043478260869565,False
freight_dhl_30880_2_veh_cep_size_m_7_2,27771,56545,28774,16415,12359,1970-01-01 07:42:51,1970-01-01 15:42:25,1970-01-01 07:59:34,1970-01-01 04:33:35,1970-01-01 03:25:59,van,69,78.46576003739793,11.79347127253492,"defaultdict(<class 'int'>, {8: 67, 4: 2})",dhl,m,8,132.0,0.0,0.045454545454545456,0.9545454545454546,1.0,0.8,1.0,171.78,29.189262733912027,182.79482777777778,11.26982777777778,212.2390905116898,1.9130434782608696,False
freight_dhl_30453_veh_cep_size_l_7_8,27764,55659,27895,19812,8083,1970-01-01 07:42:44,1970-01-01 15:27:39,1970-01-01 07:44:55,1970-01-01 05:30:12,1970-01-01 02:14:43,van,42,62.43831642681352,8.058517259436227,"defaultdict(<class 'int'>, {4: 2, 3: 15, 5: 25})",dhl,l,5,159.0,0.0,0.1761006289308176,0.8238993710691824,1.0,0.691304347826087,1.0,189.15,24.10119014075002,177.21073611111112,5.685736111111112,218.93692625186114,3.7857142857142856,True
freight_fedex_30179_veh_cep_size_l_7_1,27782,59219,31437,16408,15029,1970-01-01 07:43:02,1970-01-01 16:26:59,1970-01-01 08:43:57,1970-01-01 04:33:28,1970-01-01 04:10:29,van,51,110.96726401906298,10.149072559889495,"defaultdict(<class 'int'>, {3: 2, 5: 31, 4: 17, 6: 1})",fedex,l,5,133.0,0.0,0.8721804511278195,0.12781954887218044,1.0,0.5782608695652174,1.0,189.15,42.83336391135831,199.712275,28.187275000000003,260.1706389113583,2.607843137254902,True
freight_hermes_30926_veh_cep_size_m_7_3,27783,56946,29163,14882,14281,1970-01-01 07:43:03,1970-01-01 15:49:06,1970-01-01 08:06:03,1970-01-01 04:08:02,1970-01-01 03:58:01,van,86,99.00109747237673,13.854108157769021,"defaultdict(<class 'int'>, {6: 70, 7: 15, 4: 1})",hermes,m,6,121.0,0.0,0.03305785123966942,0.9669421487603306,1.0,0.7333333333333333,1.0,171.78,36.82840825972414,185.26605833333335,13.741058333333335,222.34946659305749,1.4069767441860466,False
freight_dhl_30453_veh_cep_size_l_7_3,27764,55402,27638,22514,5124,1970-01-01 07:42:44,1970-01-01 15:23:22,1970-01-01 07:40:38,1970-01-01 06:15:14,1970-01-01 01:25:24,van,32,35.758356147313926,7.856105367182457,"defaultdict(<class 'int'>, {4: 31, 3: 1})",dhl,l,4,183.0,0.0,0.10382513661202186,0.8961748633879781,1.0,0.7956521739130434,1.0,189.15,13.802725472863175,175.57807222222223,4.053072222222222,207.00579769508542,5.71875,True
freight_dhl_30890_1_veh_cep_size_m_7_1,27787,55352,27565,18568,8997,1970-01-01 07:43:07,1970-01-01 15:22:32,1970-01-01 07:39:25,1970-01-01 05:09:28,1970-01-01 02:29:57,van,60,66.2012320792605,8.844713479644552,"defaultdict(<class 'int'>, {4: 13, 6: 45, 8: 2})",dhl,m,6,147.0,0.0,0.05442176870748299,0.9455782312925171,1.0,0.8909090909090909,1.0,171.78,24.626858333484908,175.11431944444445,3.589319444444445,199.99617777792935,2.45,False
freight_ups_30900_veh_cep_size_m_8_2,27792,60682,32890,13801,19089,1970-01-01 07:43:12,1970-01-01 16:51:22,1970-01-01 09:08:10,1970-01-01 03:50:01,1970-01-01 05:18:09,van,68,146.53668336220528,13.12794397481172,"defaultdict(<class 'int'>, {8: 21, 7: 40, 5: 7})",ups,m,7,111.0,0.0,0.8378378378378378,0.16216216216216217,1.0,0.6727272727272727,1.0,171.78,54.511646210740366,208.94286111111114,37.417861111111115,263.7095073218515,1.6323529411764706,False
freight_hermes_30625_veh_cep_size_l_7_2,27785,60294,32509,17874,14635,1970-01-01 07:43:05,1970-01-01 16:44:54,1970-01-01 09:01:49,1970-01-01 04:57:54,1970-01-01 04:03:55,van,79,96.45739908175261,14.757652106997138,"defaultdict(<class 'int'>, {4: 31, 3: 48})",hermes,l,3,144.0,0.0,0.0625,0.9375,1.0,0.6260869565217392,1.0,189.15,37.23255604555651,206.5224527777778,34.99745277777778,261.38000882333426,1.8227848101265822,True
freight_dhl_30890_2_veh_cep_size_m_7_3,27793,55927,28134,18537,9597,1970-01-01 07:43:13,1970-01-01 15:32:07,1970-01-01 07:48:54,1970-01-01 05:08:57,1970-01-01 02:39:57,van,47,72.77830735231613,14.151586317251185,"defaultdict(<class 'int'>, {5: 1, 4: 44, 6: 2})",dhl,m,4,148.0,0.0,0.10135135135135136,0.8986486486486487,1.0,0.896969696969697,1.0,171.78,27.0735303350616,178.72905000000003,7.2040500000000005,206.0575803350616,3.148936170212766,False
freight_gls_30519_veh_cep_size_m_7_2,27793,60343,32550,18143,14407,1970-01-01 07:43:13,1970-01-01 16:45:43,1970-01-01 09:02:30,1970-01-01 05:02:23,1970-01-01 04:00:07,van,77,97.25557132489035,10.416194503662558,"defaultdict(<class 'int'>, {4: 3, 3: 66, 5: 8})",gls,m,3,145.0,0.0,0.1103448275862069,0.8896551724137931,1.0,0.8787878787878788,1.0,171.78,36.17907253285921,206.7829166666667,35.25791666666667,243.21698919952587,1.8831168831168832,True
freight_dhl_30453_veh_cep_size_l_7_2,27764,57259,29495,21933,7562,1970-01-01 07:42:44,1970-01-01 15:54:19,1970-01-01 08:11:35,1970-01-01 06:05:33,1970-01-01 02:06:02,van,52,56.14907857771092,8.300548042231828,"defaultdict(<class 'int'>, {4: 51, 6: 1})",dhl,l,4,178.0,0.0,0.056179775280898875,0.9438202247191011,1.0,0.7739130434782608,1.0,189.15,21.673544330996414,187.37518055555557,15.850180555555557,226.67372488655198,3.423076923076923,True
freight_ups_30900_veh_cep_size_m_8_1,27792,59944,32152,13013,19139,1970-01-01 07:43:12,1970-01-01 16:39:04,1970-01-01 08:55:52,1970-01-01 03:36:53,1970-01-01 05:18:59,van,73,183.20421796872077,13.333510612441783,"defaultdict(<class 'int'>, {8: 20, 7: 51, 6: 2})",ups,m,7,105.0,0.0,0.9238095238095239,0.0761904761904762,1.0,0.6363636363636364,1.0,171.78,68.15196908436413,204.25451111111113,32.729511111111115,272.66148019547524,1.4383561643835616,False
freight_hermes_30826_veh_cep_size_m_7_1,27799,56543,28744,7655,21089,1970-01-01 07:43:19,1970-01-01 15:42:23,1970-01-01 07:59:04,1970-01-01 02:07:35,1970-01-01 05:51:29,van,55,225.05162565457624,13.242456785775973,"defaultdict(<class 'int'>, {8: 27, 7: 28})",hermes,m,7,63.0,0.0,0.015873015873015872,0.9841269841269841,1.0,0.38181818181818183,1.0,171.78,83.71920474350236,182.60424444444448,11.079244444444445,266.57844918794683,1.1454545454545455,False
freight_gls_30519_veh_cep_size_m_7_1,27793,56474,28681,12239,16442,1970-01-01 07:43:13,1970-01-01 15:41:14,1970-01-01 07:58:01,1970-01-01 03:23:59,1970-01-01 04:34:02,van,62,114.67689824605861,10.192034337262209,"defaultdict(<class 'int'>, {4: 43, 3: 17, 2: 2})",gls,m,4,97.0,0.0,0.12371134020618557,0.8762886597938144,1.0,0.5878787878787879,1.0,171.78,42.65980614753381,182.20401944444447,10.679019444444446,225.11882559197824,1.564516129032258,True
freight_dhl_30519_1_veh_cep_size_m_7_2,27791,54321,26530,19160,7370,1970-01-01 07:43:11,1970-01-01 15:05:21,1970-01-01 07:22:10,1970-01-01 05:19:20,1970-01-01 02:02:50,van,25,47.9537591415544,10.076036480853203,"defaultdict(<class 'int'>, {4: 14, 5: 8, 3: 3})",dhl,m,4,152.0,0.0,0.19736842105263158,0.8026315789473685,1.0,0.9212121212121213,1.0,171.78,17.838798400658238,168.53919444444446,0.0,189.61879840065825,6.08,True
freight_ups_30163_veh_cep_size_m_7_1,27796,61248,33452,16638,16814,1970-01-01 07:43:16,1970-01-01 17:00:48,1970-01-01 09:17:32,1970-01-01 04:37:18,1970-01-01 04:40:14,van,68,101.44447897461025,10.13354130284994,"defaultdict(<class 'int'>, {2: 68})",ups,m,2,135.0,0.0,0.7777777777777778,0.2222222222222222,1.0,0.8181818181818182,1.0,171.78,37.737346178555015,212.51312222222225,40.98812222222222,250.50546840077723,1.9852941176470589,True
freight_gls_30519_veh_cep_size_l_7_3,27793,59507,31714,12973,18741,1970-01-01 07:43:13,1970-01-01 16:31:47,1970-01-01 08:48:34,1970-01-01 03:36:13,1970-01-01 05:12:21,van,84,128.10326625441326,10.051100783658487,"defaultdict(<class 'int'>, {4: 15, 5: 37, 3: 31, 6: 1})",gls,l,5,106.0,0.0,0.11320754716981132,0.8867924528301887,1.0,0.4608695652173913,1.0,189.15,49.44786077420352,201.47199444444448,29.946994444444446,268.54485521864797,1.2619047619047619,True
freight_dhl_30519_1_veh_cep_size_l_7_3,27791,55982,28191,17259,10932,1970-01-01 07:43:11,1970-01-01 15:33:02,1970-01-01 07:49:51,1970-01-01 04:47:39,1970-01-01 03:02:12,van,35,72.41397306070745,10.426759877813218,"defaultdict(<class 'int'>, {4: 20, 5: 10, 3: 5})",dhl,l,4,140.0,0.0,0.2571428571428571,0.7428571428571429,1.0,0.6086956521739131,1.0,189.15,27.951793601433074,179.09115833333334,7.566158333333334,224.66795193476642,4.0,True
freight_hermes_30826_veh_cep_size_m_7_2,27815,55223,27408,11337,16071,1970-01-01 07:43:35,1970-01-01 15:20:23,1970-01-01 07:36:48,1970-01-01 03:08:57,1970-01-01 04:27:51,van,70,132.72530533821282,15.255221636396325,"defaultdict(<class 'int'>, {7: 23, 8: 47})",hermes,m,8,91.0,0.0,0.0,1.0,1.0,0.5515151515151515,1.0,171.78,49.37381358581517,174.11693333333335,2.5919333333333334,223.7457469191485,1.3,False
freight_fedex_30453_veh_cep_size_m_7_1,27818,61359,33541,15597,17944,1970-01-01 07:43:38,1970-01-01 17:02:39,1970-01-01 09:19:01,1970-01-01 04:19:57,1970-01-01 04:59:04,van,70,118.22271370182084,16.906670886389616,"defaultdict(<class 'int'>, {4: 52, 5: 8, 3: 10})",fedex,m,4,125.0,0.0,0.88,0.12,1.0,0.7575757575757576,1.0,171.78,43.97884949707735,213.07851944444445,41.55351944444445,257.31236894152175,1.7857142857142858,True
freight_ups_30163_veh_cep_size_m_7_4,27805,61469,33664,18866,14798,1970-01-01 07:43:25,1970-01-01 17:04:29,1970-01-01 09:21:04,1970-01-01 05:14:26,1970-01-01 04:06:38,van,78,91.41417271067314,10.167570237948178,"defaultdict(<class 'int'>, {2: 43, 3: 34, 5: 1})",ups,m,2,153.0,0.0,0.8366013071895425,0.16339869281045752,1.0,0.9272727272727272,1.0,171.78,34.00607224837041,213.85991111111113,42.33491111111112,248.12098335948153,1.9615384615384615,True
freight_dpd_31275_veh_cep_size_l_7_1,27821,57981,30160,14136,16024,1970-01-01 07:43:41,1970-01-01 16:06:21,1970-01-01 08:22:40,1970-01-01 03:55:36,1970-01-01 04:27:04,van,105,152.60096258334568,15.544072765123131,"defaultdict(<class 'int'>, {7: 6, 6: 99})",dpd,l,6,116.0,0.0,0.14655172413793102,0.853448275862069,1.0,0.5043478260869565,1.0,189.15,58.90397155717143,191.5997777777778,20.07477777777778,268.12874933494925,1.1047619047619048,False
freight_gls_31275_veh_cep_size_m_8_5,27817,54245,26428,13181,13247,1970-01-01 07:43:37,1970-01-01 15:04:05,1970-01-01 07:20:28,1970-01-01 03:39:41,1970-01-01 03:40:47,van,96,118.00082936218531,18.18782822694653,"defaultdict(<class 'int'>, {6: 96})",gls,m,6,108.0,0.0,0.046296296296296294,0.9537037037037037,1.0,0.6545454545454545,1.0,171.78,43.89630852273294,167.89121111111112,0.0,215.67630852273294,1.125,False
freight_dhl_30453_veh_cep_size_l_7_4,27796,56944,29148,22181,6967,1970-01-01 07:43:16,1970-01-01 15:49:04,1970-01-01 08:05:48,1970-01-01 06:09:41,1970-01-01 01:56:07,van,53,44.44412871533926,7.2235051964301675,"defaultdict(<class 'int'>, {4: 50, 6: 2, 3: 1})",dhl,l,4,181.0,0.0,0.1270718232044199,0.8729281767955801,1.0,0.7869565217391304,1.0,189.15,17.155433684120954,185.17076666666668,13.645766666666669,219.95120035078764,3.4150943396226414,True
freight_ups_30163_veh_cep_size_m_7_3,27805,55831,28026,20256,7770,1970-01-01 07:43:25,1970-01-01 15:30:31,1970-01-01 07:47:06,1970-01-01 05:37:36,1970-01-01 02:09:30,van,50,47.23557933101245,10.167570237948178,"defaultdict(<class 'int'>, {2: 48, 3: 2})",ups,m,2,164.0,0.0,0.7439024390243902,0.25609756097560976,1.0,0.9939393939393939,1.0,171.78,17.57163551113663,178.04295000000002,6.517950000000001,195.86958551113665,3.28,True
freight_dpd_30900_veh_cep_size_l_7_5,27839,62743,34904,12447,22457,1970-01-01 07:43:59,1970-01-01 17:25:43,1970-01-01 09:41:44,1970-01-01 03:27:27,1970-01-01 06:14:17,van,93,180.64085406200377,25.633823108382654,"defaultdict(<class 'int'>, {7: 64, 8: 28, 6: 1})",dpd,l,7,102.0,0.0,0.12745098039215685,0.8725490196078431,1.0,0.4434782608695652,1.0,189.15,69.72736966793346,221.73735555555558,50.21235555555556,309.08972522348904,1.096774193548387,False
freight_ups_30161_veh_cep_size_l_7_2,27809,56409,28600,23569,5031,1970-01-01 07:43:29,1970-01-01 15:40:09,1970-01-01 07:56:40,1970-01-01 06:32:49,1970-01-01 01:23:51,van,16,31.606027110265032,10.250862058868213,"defaultdict(<class 'int'>, {2: 14, 1: 2})",ups,l,2,192.0,0.0,0.7291666666666666,0.2708333333333333,1.0,0.8347826086956521,1.0,189.15,12.199926464562303,181.68944444444446,10.164444444444445,211.51437090900677,12.0,True
freight_dhl_30938_0_veh_cep_size_m_7_3,27841,53299,25458,13406,12052,1970-01-01 07:44:01,1970-01-01 14:48:19,1970-01-01 07:04:18,1970-01-01 03:43:26,1970-01-01 03:20:52,van,32,110.43603838280328,11.35135147200249,"defaultdict(<class 'int'>, {7: 32})",dhl,m,7,103.0,0.0,0.07766990291262135,0.9223300970873787,1.0,0.6242424242424243,1.0,171.78,41.082206278402815,161.7290166666667,0.0,212.86220627840282,3.21875,False
freight_ups_30161_veh_cep_size_m_7_4,27822,54870,27048,20319,6729,1970-01-01 07:43:42,1970-01-01 15:14:30,1970-01-01 07:30:48,1970-01-01 05:38:39,1970-01-01 01:52:09,van,37,43.27782744957578,10.032036530602428,"defaultdict(<class 'int'>, {2: 32, 1: 1, 3: 4})",ups,m,2,165.0,0.0,0.7515151515151515,0.24848484848484848,1.0,1.0,1.0,171.78,16.09935181124219,171.82993333333334,0.3049333333333334,188.18428514457554,4.45945945945946,True
freight_dhl_30938_0_veh_cep_size_m_7_2,27841,50003,22162,9563,12599,1970-01-01 07:44:01,1970-01-01 13:53:23,1970-01-01 06:09:22,1970-01-01 02:39:23,1970-01-01 03:29:59,van,37,111.6631471478785,12.089671135483275,"defaultdict(<class 'int'>, {7: 37})",dhl,m,7,75.0,0.0,0.04,0.96,1.0,0.45454545454545453,1.0,171.78,41.538690739010804,140.79026111111114,0.0,213.3186907390108,2.027027027027027,False
freight_dhl_30625_veh_cep_size_m_8_1,27851,56962,29111,20535,8576,1970-01-01 07:44:11,1970-01-01 15:49:22,1970-01-01 08:05:11,1970-01-01 05:42:15,1970-01-01 02:22:56,van,48,53.540150923872716,9.282366927900705,"defaultdict(<class 'int'>, {4: 47, 3: 1})",dhl,m,4,165.0,0.0,0.13333333333333333,0.8666666666666667,1.0,1.0,1.0,171.78,19.91693614368065,184.9357138888889,13.41071388888889,205.10765003256955,3.4375,True
freight_dpd_30655_veh_cep_size_m_7_1,27858,58095,30237,16459,13778,1970-01-01 07:44:18,1970-01-01 16:08:15,1970-01-01 08:23:57,1970-01-01 04:34:19,1970-01-01 03:49:38,van,78,90.1825269587039,15.349328328600551,"defaultdict(<class 'int'>, {4: 57, 2: 21})",dpd,m,4,131.0,0.0,0.16793893129770993,0.8320610687022901,1.0,0.793939393939394,1.0,171.78,33.547900028637855,192.08894166666667,20.56394166666667,225.89184169530452,1.6794871794871795,True
freight_ups_30161_veh_cep_size_l_7_3,27822,56746,28924,21139,7785,1970-01-01 07:43:42,1970-01-01 15:45:46,1970-01-01 08:02:04,1970-01-01 05:52:19,1970-01-01 02:09:45,van,45,48.71411285345085,10.423422756629442,"defaultdict(<class 'int'>, {1: 2, 2: 42, 3: 1})",ups,l,2,171.0,0.0,0.8011695906432749,0.19883040935672514,1.0,0.7434782608695653,1.0,189.15,18.80364756143203,183.74774444444446,12.222744444444446,220.1763920058765,3.8,True
freight_dhl_30938_0_veh_cep_size_m_7_1,27841,52315,24474,10181,14293,1970-01-01 07:44:01,1970-01-01 14:31:55,1970-01-01 06:47:54,1970-01-01 02:49:41,1970-01-01 03:58:13,van,39,141.73550218430142,11.854263472014194,"defaultdict(<class 'int'>, {7: 36, 6: 3})",dhl,m,7,81.0,0.0,0.09876543209876543,0.9012345679012346,1.0,0.4909090909090909,1.0,171.78,52.72560681256013,155.47788333333335,0.0,224.50560681256013,2.076923076923077,False
freight_dhl_30455_veh_cep_size_l_7_1,27860,59454,31594,22885,8709,1970-01-01 07:44:20,1970-01-01 16:30:54,1970-01-01 08:46:34,1970-01-01 06:21:25,1970-01-01 02:25:09,van,52,55.80982451156801,6.201133829116441,"defaultdict(<class 'int'>, {4: 52})",dhl,l,4,182.0,0.0,0.08791208791208792,0.9120879120879121,1.0,0.7913043478260869,1.0,189.15,21.542592261465252,200.70966111111113,29.184661111111115,239.87725337257638,3.5,True
freight_hermes_30900_veh_cep_size_l_7_3,27860,59411,31551,13883,17668,1970-01-01 07:44:20,1970-01-01 16:30:11,1970-01-01 08:45:51,1970-01-01 03:51:23,1970-01-01 04:54:28,van,73,146.68736515997807,16.4030022741833,"defaultdict(<class 'int'>, {7: 29, 8: 34, 5: 10})",hermes,l,8,111.0,0.0,0.0,1.0,1.0,0.4826086956521739,1.0,189.15,56.62132295175154,200.43649166666668,28.91149166666667,274.6828146184182,1.5205479452054795,False
freight_fedex_30916_veh_cep_size_m_7_4,27864,59947,32083,18725,13358,1970-01-01 07:44:24,1970-01-01 16:39:07,1970-01-01 08:54:43,1970-01-01 05:12:05,1970-01-01 03:42:38,van,62,105.42459089780127,12.226245840944616,"defaultdict(<class 'int'>, {8: 3, 7: 28, 6: 31})",fedex,m,6,150.0,0.0,0.88,0.12,1.0,0.9090909090909091,1.0,171.78,39.21794781398207,203.81616944444445,32.29116944444445,243.28911725842653,2.4193548387096775,False
freight_dhl_30916_2_veh_cep_size_l_7_3,27865,58551,30686,21325,9361,1970-01-01 07:44:25,1970-01-01 16:15:51,1970-01-01 08:31:26,1970-01-01 05:55:25,1970-01-01 02:36:01,van,38,51.99558517436369,12.690615651503762,"defaultdict(<class 'int'>, {6: 38})",dhl,l,6,169.0,0.0,0.08875739644970414,0.9112426035502958,1.0,0.7347826086956522,1.0,189.15,20.070295877304385,194.9413388888889,23.41633888888889,232.63663476619328,4.447368421052632,False
freight_ups_30938_veh_cep_size_m_8_5,27829,53244,25415,14572,10843,1970-01-01 07:43:49,1970-01-01 14:47:24,1970-01-01 07:03:35,1970-01-01 04:02:52,1970-01-01 03:00:43,van,42,90.4476267757901,11.966537384515055,"defaultdict(<class 'int'>, {6: 42})",ups,m,6,144.0,0.0,0.7916666666666666,0.20833333333333334,1.0,0.8727272727272727,1.0,171.78,33.646517160593916,161.45584722222225,0.0,205.4265171605939,3.4285714285714284,False
freight_dhl_30455_veh_cep_size_l_7_3,27864,55773,27909,20484,7425,1970-01-01 07:44:24,1970-01-01 15:29:33,1970-01-01 07:45:09,1970-01-01 05:41:24,1970-01-01 02:03:45,van,47,40.29313169100261,6.291256329182112,"defaultdict(<class 'int'>, {4: 47})",dhl,l,4,165.0,0.0,0.10303030303030303,0.896969696969697,1.0,0.717391304347826,1.0,189.15,15.553148832727008,177.299675,5.774675,210.477823832727,3.5106382978723403,True
freight_hermes_30171_veh_cep_size_l_7_1,27862,60495,32633,22474,10159,1970-01-01 07:44:22,1970-01-01 16:48:15,1970-01-01 09:03:53,1970-01-01 06:14:34,1970-01-01 02:49:19,van,66,68.08764084126967,13.581849204421893,"defaultdict(<class 'int'>, {2: 66})",hermes,l,2,182.0,0.0,0.04945054945054945,0.9505494505494505,1.0,0.7913043478260869,1.0,189.15,26.281829364730093,207.31019722222223,35.78519722222222,251.21702658695233,2.757575757575758,True
freight_dhl_30853_veh_cep_size_m_7_1,27871,56161,28290,20403,7887,1970-01-01 07:44:31,1970-01-01 15:36:01,1970-01-01 07:51:30,1970-01-01 05:40:03,1970-01-01 02:11:27,van,55,59.2438711787934,9.037479338617153,"defaultdict(<class 'int'>, {6: 55})",dhl,m,6,165.0,0.0,0.05454545454545454,0.9454545454545454,1.0,1.0,1.0,171.78,22.038720078511144,179.72008333333335,8.195083333333335,202.0138034118445,3.0,False
freight_fedex_30916_veh_cep_size_m_7_3,27864,63309,35445,19199,16246,1970-01-01 07:44:24,1970-01-01 17:35:09,1970-01-01 09:50:45,1970-01-01 05:19:59,1970-01-01 04:30:46,van,62,116.71683379640685,14.581635752149294,"defaultdict(<class 'int'>, {7: 10, 6: 52})",fedex,m,6,154.0,0.0,0.8571428571428571,0.14285714285714285,1.0,0.9333333333333333,1.0,171.78,43.418662172263346,225.17420833333335,53.64920833333334,268.8478705055967,2.4838709677419355,False
freight_ups_30938_veh_cep_size_m_8_4,27829,51797,23968,12219,11749,1970-01-01 07:43:49,1970-01-01 14:23:17,1970-01-01 06:39:28,1970-01-01 03:23:39,1970-01-01 03:15:49,van,47,105.807021355611,12.321241233678709,"defaultdict(<class 'int'>, {6: 46, 7: 1})",ups,m,6,98.0,0.0,0.8979591836734694,0.10204081632653061,1.0,0.593939393939394,1.0,171.78,39.36021194428729,152.2633777777778,0.0,211.1402119442873,2.0851063829787235,False
freight_dhl_30453_veh_cep_size_l_7_5,27864,56873,29009,21708,7301,1970-01-01 07:44:24,1970-01-01 15:47:53,1970-01-01 08:03:29,1970-01-01 06:01:48,1970-01-01 02:01:41,van,36,46.427346105429365,6.431952026926101,"defaultdict(<class 'int'>, {4: 23, 6: 12, 3: 1})",dhl,l,4,177.0,0.0,0.0847457627118644,0.9152542372881356,1.0,0.7695652173913043,1.0,189.15,17.920955596695734,184.28773055555558,12.762730555555557,219.8336861522513,4.916666666666667,True
freight_hermes_30171_veh_cep_size_l_7_2,27871,58964,31093,22268,8825,1970-01-01 07:44:31,1970-01-01 16:22:44,1970-01-01 08:38:13,1970-01-01 06:11:08,1970-01-01 02:27:05,van,61,63.4425331204892,13.612102517816275,"defaultdict(<class 'int'>, {2: 58, 4: 2, 1: 1})",hermes,l,2,181.0,0.0,0.0718232044198895,0.9281767955801105,1.0,0.7869565217391304,1.0,189.15,24.488817784508832,197.52691944444447,26.001919444444447,239.64073722895327,2.9672131147540983,True
freight_dpd_30519_veh_cep_size_m_7_3,27885,60052,32167,16527,15640,1970-01-01 07:44:45,1970-01-01 16:40:52,1970-01-01 08:56:07,1970-01-01 04:35:27,1970-01-01 04:20:40,van,104,113.99860569913135,15.52761786683161,"defaultdict(<class 'int'>, {4: 31, 3: 37, 5: 36})",dpd,m,3,135.0,0.0,0.22962962962962963,0.7703703703703704,1.0,0.8181818181818182,1.0,171.78,42.40748132007686,204.3498027777778,32.82480277777778,247.01228409785466,1.2980769230769231,True
freight_gls_30989_veh_cep_size_m_7_1,27886,58969,31083,12601,18482,1970-01-01 07:44:46,1970-01-01 16:22:49,1970-01-01 08:38:03,1970-01-01 03:30:01,1970-01-01 05:08:02,van,92,137.5248440491075,21.786884413160244,"defaultdict(<class 'int'>, {8: 61, 4: 31})",gls,m,8,103.0,0.0,0.05825242718446602,0.941747572815534,1.0,0.6242424242424243,1.0,171.78,51.159241986267986,197.4633916666667,25.938391666666668,248.87763365293463,1.1195652173913044,False
freight_ups_30938_veh_cep_size_m_8_2,27829,52115,24286,14031,10255,1970-01-01 07:43:49,1970-01-01 14:28:35,1970-01-01 06:44:46,1970-01-01 03:53:51,1970-01-01 02:50:55,van,22,121.54161204058731,12.85049736468537,"defaultdict(<class 'int'>, {6: 11, 7: 3, 8: 8})",ups,m,6,161.0,0.0,0.7515527950310559,0.2484472049689441,1.0,0.9757575757575757,1.0,171.78,45.21347967909848,154.2835611111111,0.0,216.99347967909847,7.318181818181818,False
freight_hermes_30826_veh_cep_size_m_7_3,27877,56068,28191,13506,14685,1970-01-01 07:44:37,1970-01-01 15:34:28,1970-01-01 07:49:51,1970-01-01 03:45:06,1970-01-01 04:04:45,van,71,120.34770281970958,14.121406077513042,"defaultdict(<class 'int'>, {7: 66, 8: 5})",hermes,m,7,108.0,0.0,0.009259259259259259,0.9907407407407407,1.0,0.6545454545454545,1.0,171.78,44.769345448931965,179.09115833333334,7.566158333333334,224.1155037822653,1.5211267605633803,False
freight_dhl_30916_0_veh_cep_size_m_7_1,27893,53812,25919,19127,6792,1970-01-01 07:44:53,1970-01-01 14:56:52,1970-01-01 07:11:59,1970-01-01 05:18:47,1970-01-01 01:53:12,van,40,69.37339656502175,10.543749644227624,"defaultdict(<class 'int'>, {6: 1, 7: 25, 8: 14})",dhl,m,7,152.0,0.0,0.3092105263157895,0.6907894736842105,1.0,0.9212121212121213,1.0,171.78,25.80690352218809,164.65764722222224,0.0,197.5869035221881,3.8,False
freight_dhl_31515_0_veh_cep_size_m_7_3,27895,54638,26743,18312,8431,1970-01-01 07:44:55,1970-01-01 15:10:38,1970-01-01 07:25:43,1970-01-01 05:05:12,1970-01-01 02:20:31,van,41,75.09053322376083,10.691585990446473,"defaultdict(<class 'int'>, {7: 20, 8: 19, 6: 1, 5: 1})",dhl,m,7,145.0,0.0,0.06896551724137931,0.9310344827586207,1.0,0.8787878787878788,1.0,171.78,27.93367835923903,169.89233611111112,0.0,199.71367835923903,3.5365853658536586,False
freight_hermes_30171_veh_cep_size_m_8_3,27884,57098,29214,18428,10786,1970-01-01 07:44:44,1970-01-01 15:51:38,1970-01-01 08:06:54,1970-01-01 05:07:08,1970-01-01 02:59:46,van,97,74.99062127633901,13.190328002742145,"defaultdict(<class 'int'>, {2: 25, 1: 13, 4: 59})",hermes,m,4,150.0,0.0,0.06666666666666667,0.9333333333333333,1.0,0.9090909090909091,1.0,171.78,27.896511114798113,185.59005000000002,14.065050000000001,213.74156111479812,1.5463917525773196,True
freight_dhl_30519_1_veh_cep_size_m_7_4,27900,55722,27822,19889,7933,1970-01-01 07:45:00,1970-01-01 15:28:42,1970-01-01 07:43:42,1970-01-01 05:31:29,1970-01-01 02:12:13,van,31,54.18864103315852,10.577744282033573,"defaultdict(<class 'int'>, {5: 8, 4: 18, 3: 5})",dhl,m,4,158.0,0.0,0.13291139240506328,0.8670886075949367,1.0,0.9575757575757575,1.0,171.78,20.15817446433497,176.74698333333336,5.221983333333334,197.1601577976683,5.096774193548387,True
freight_fedex_30453_veh_cep_size_m_8_2,27903,59049,31146,19225,11921,1970-01-01 07:45:03,1970-01-01 16:24:09,1970-01-01 08:39:06,1970-01-01 05:20:25,1970-01-01 03:18:41,van,35,80.3588218002221,16.61495878779431,"defaultdict(<class 'int'>, {4: 16, 6: 3, 3: 12, 5: 4})",fedex,m,4,152.0,0.0,0.8881578947368421,0.1118421052631579,1.0,0.9212121212121213,1.0,171.78,29.89348170968262,197.86361666666667,26.33861666666667,228.0120983763493,4.3428571428571425,True
freight_dhl_31515_0_veh_cep_size_m_7_1,27895,55148,27253,12911,14342,1970-01-01 07:44:55,1970-01-01 15:19:08,1970-01-01 07:34:13,1970-01-01 03:35:11,1970-01-01 03:59:02,van,71,105.10553141061544,10.847121758134316,"defaultdict(<class 'int'>, {7: 63, 8: 8})",dhl,m,7,107.0,0.0,0.08411214953271028,0.9158878504672897,1.0,0.6484848484848484,1.0,171.78,39.09925768474894,173.1322527777778,1.6072527777777779,212.48651046252672,1.5070422535211268,False
freight_dhl_31275_0_veh_cep_size_m_7_3,27910,56643,28733,20297,8436,1970-01-01 07:45:10,1970-01-01 15:44:03,1970-01-01 07:58:53,1970-01-01 05:38:17,1970-01-01 02:20:36,van,42,83.8145622611153,11.964356268395028,"defaultdict(<class 'int'>, {7: 23, 6: 19})",dhl,m,7,160.0,0.0,0.06875,0.93125,1.0,0.9696969696969697,1.0,171.78,31.17901716113489,182.53436388888892,11.00936388888889,213.96838105002377,3.8095238095238093,False
freight_fedex_30161_veh_cep_size_l_7_1,27904,57565,29661,21385,8276,1970-01-01 07:45:04,1970-01-01 15:59:25,1970-01-01 08:14:21,1970-01-01 05:56:25,1970-01-01 02:17:56,van,56,61.14965941856356,12.336404606964033,"defaultdict(<class 'int'>, {2: 27, 1: 28, 4: 1})",fedex,l,1,176.0,0.0,0.9545454545454546,0.045454545454545456,1.0,0.7652173913043478,1.0,189.15,23.603768535565536,188.42974166666667,16.90474166666667,229.6585102022322,3.142857142857143,True
freight_dhl_31515_0_veh_cep_size_l_7_2,27895,55605,27710,21134,6576,1970-01-01 07:44:55,1970-01-01 15:26:45,1970-01-01 07:41:50,1970-01-01 05:52:14,1970-01-01 01:49:36,van,26,58.368608046509266,10.262191635687447,"defaultdict(<class 'int'>, {7: 24, 6: 1, 5: 1})",dhl,l,7,166.0,0.0,0.1144578313253012,0.8855421686746988,1.0,0.7217391304347827,1.0,189.15,22.530282705952576,176.03547222222224,4.510472222222223,216.1907549281748,6.384615384615385,False
freight_dhl_30655_veh_cep_size_m_7_1,27915,54158,26243,20089,6154,1970-01-01 07:45:15,1970-01-01 15:02:38,1970-01-01 07:17:23,1970-01-01 05:34:49,1970-01-01 01:42:34,van,37,34.92667809984743,7.972755954961291,"defaultdict(<class 'int'>, {4: 37})",dhl,m,4,165.0,0.0,0.10303030303030303,0.896969696969697,1.0,1.0,1.0,171.78,12.992724253143244,166.71594722222224,0.0,184.77272425314325,4.45945945945946,True
freight_dhl_31303_1_veh_cep_size_l_7_2,27916,46623,18707,10644,8063,1970-01-01 07:45:16,1970-01-01 12:57:03,1970-01-01 05:11:47,1970-01-01 02:57:24,1970-01-01 02:14:23,van,40,57.37198189821278,10.004186069827457,"defaultdict(<class 'int'>, {7: 39, 8: 1})",dhl,l,7,85.0,0.0,0.09411764705882353,0.9058823529411765,1.0,0.3695652173913043,1.0,189.15,22.145585012710132,118.8414138888889,0.0,211.29558501271015,2.125,True
freight_dpd_30855_1_veh_cep_size_l_7_4,27917,55591,27674,16809,10865,1970-01-01 07:45:17,1970-01-01 15:26:31,1970-01-01 07:41:14,1970-01-01 04:40:09,1970-01-01 03:01:05,van,77,96.27949482766131,21.977314789026067,"defaultdict(<class 'int'>, {5: 77})",dpd,l,5,135.0,0.0,0.2074074074074074,0.7925925925925926,1.0,0.5869565217391305,1.0,189.15,37.16388500347727,175.80677222222224,4.281772222222223,230.5956572256995,1.7532467532467533,False
freight_dhl_31275_0_veh_cep_size_m_7_2,27910,57402,29492,19758,9734,1970-01-01 07:45:10,1970-01-01 15:56:42,1970-01-01 08:11:32,1970-01-01 05:29:18,1970-01-01 02:42:14,van,55,91.82588838049058,12.192512768802349,"defaultdict(<class 'int'>, {7: 1, 6: 54})",dhl,m,6,159.0,0.0,0.12578616352201258,0.8742138364779874,1.0,0.9636363636363636,1.0,171.78,34.15923047754249,187.35612222222224,15.831122222222223,221.77035269976471,2.890909090909091,False
freight_fedex_30161_veh_cep_size_l_7_2,27911,56473,28562,22880,5682,1970-01-01 07:45:11,1970-01-01 15:41:13,1970-01-01 07:56:02,1970-01-01 06:21:20,1970-01-01 01:34:42,van,32,43.006371159235,11.750780291094342,"defaultdict(<class 'int'>, {2: 31, 3: 1})",fedex,l,2,187.0,0.0,0.8502673796791443,0.1497326203208556,1.0,0.8130434782608695,1.0,189.15,16.60045926746471,181.4480388888889,9.92303888888889,215.67349815635362,5.84375,True
freight_dhl_30890_0_veh_cep_size_m_7_1,27920,51918,23998,12896,11102,1970-01-01 07:45:20,1970-01-01 14:25:18,1970-01-01 06:39:58,1970-01-01 03:34:56,1970-01-01 03:05:02,van,50,77.38527571870372,13.918871972945626,"defaultdict(<class 'int'>, {4: 43, 8: 7})",dhl,m,4,103.0,0.0,0.07766990291262135,0.9223300970873787,1.0,0.6242424242424243,1.0,171.78,28.787322567357783,152.4539611111111,0.0,200.5673225673578,2.06,False
freight_dhl_31303_1_veh_cep_size_l_7_1,27916,54767,26851,16141,10710,1970-01-01 07:45:16,1970-01-01 15:12:47,1970-01-01 07:27:31,1970-01-01 04:29:01,1970-01-01 02:58:30,van,57,71.18646194754999,9.511144935654858,"defaultdict(<class 'int'>, {7: 57})",dhl,l,7,128.0,0.0,0.0625,0.9375,1.0,0.5565217391304348,1.0,189.15,27.477974311754295,170.57843611111113,0.0,216.62797431175431,2.245614035087719,True
freight_dhl_30880_2_veh_cep_size_m_7_4,27925,56276,28351,19638,8713,1970-01-01 07:45:25,1970-01-01 15:37:56,1970-01-01 07:52:31,1970-01-01 05:27:18,1970-01-01 02:25:13,van,33,58.168673322397076,8.813897129461557,"defaultdict(<class 'int'>, {4: 33})",dhl,m,4,156.0,0.0,0.07051282051282051,0.9294871794871795,1.0,0.9454545454545454,1.0,171.78,21.63874647593171,180.1076027777778,8.582602777777778,202.00134925370946,4.7272727272727275,False
freight_dhl_30989_1_veh_cep_size_m_7_2,27926,59885,31959,19807,12152,1970-01-01 07:45:26,1970-01-01 16:38:05,1970-01-01 08:52:39,1970-01-01 05:30:07,1970-01-01 03:22:32,van,69,85.32908306280902,11.804237097865037,"defaultdict(<class 'int'>, {8: 9, 4: 60})",dhl,m,4,157.0,0.0,0.05732484076433121,0.9426751592356688,1.0,0.9515151515151515,1.0,171.78,31.742418899364957,203.02842500000003,31.503425000000004,235.02584389936496,2.2753623188405796,False
freight_dhl_30880_2_veh_cep_size_m_7_3,27925,57161,29236,19829,9407,1970-01-01 07:45:25,1970-01-01 15:52:41,1970-01-01 08:07:16,1970-01-01 05:30:29,1970-01-01 02:36:47,van,54,70.44357923252134,8.672842650386551,"defaultdict(<class 'int'>, {4: 10, 8: 44})",dhl,m,8,159.0,0.0,0.025157232704402517,0.9748427672955975,1.0,0.9636363636363636,1.0,171.78,26.20501147449794,185.72981111111113,14.204811111111113,212.18982258560908,2.9444444444444446,False
freight_dhl_30657_veh_cep_size_l_7_1,27928,59658,31730,21228,10502,1970-01-01 07:45:28,1970-01-01 16:34:18,1970-01-01 08:48:50,1970-01-01 05:53:48,1970-01-01 02:55:02,van,43,76.9335393038402,10.186838892508524,"defaultdict(<class 'int'>, {8: 40, 4: 3})",dhl,l,8,170.0,0.0,0.041176470588235294,0.9588235294117647,1.0,0.7391304347826086,1.0,189.15,29.696346171282322,201.5736388888889,30.048638888888892,248.89498506017122,3.953488372093023,True
freight_dhl_31275_0_veh_cep_size_m_7_1,27910,55230,27320,19285,8035,1970-01-01 07:45:10,1970-01-01 15:20:30,1970-01-01 07:35:20,1970-01-01 05:21:25,1970-01-01 02:13:55,van,51,85.75326780704631,11.964356268395028,"defaultdict(<class 'int'>, {7: 1, 6: 50})",dhl,m,6,154.0,0.0,0.11688311688311688,0.8831168831168831,1.0,0.9333333333333333,1.0,171.78,31.90021562422123,173.5578888888889,2.032888888888889,205.71310451311012,3.019607843137255,False
freight_dpd_30855_1_veh_cep_size_m_7_3,27933,58219,30286,19358,10928,1970-01-01 07:45:33,1970-01-01 16:10:19,1970-01-01 08:24:46,1970-01-01 05:22:38,1970-01-01 03:02:08,van,45,119.70771053537716,22.569279906439316,"defaultdict(<class 'int'>, {5: 32, 6: 13})",dpd,m,5,150.0,0.0,0.38,0.62,1.0,0.9090909090909091,1.0,171.78,44.531268319160304,192.4002277777778,20.87522777777778,237.1864960969381,3.3333333333333335,False
freight_hermes_30657_veh_cep_size_m_7_2,27933,57943,30010,18379,11631,1970-01-01 07:45:33,1970-01-01 16:05:43,1970-01-01 08:20:10,1970-01-01 05:06:19,1970-01-01 03:13:51,van,51,89.53697495183606,12.02262099104266,"defaultdict(<class 'int'>, {8: 11, 4: 40})",hermes,m,4,146.0,0.0,0.03424657534246575,0.9657534246575342,1.0,0.8848484848484849,1.0,171.78,33.307754682083015,190.64686111111112,19.121861111111112,224.20961579319413,2.8627450980392157,True
freight_fedex_30173_veh_cep_size_m_8_2,27933,62739,34806,19979,14827,1970-01-01 07:45:33,1970-01-01 17:25:39,1970-01-01 09:40:06,1970-01-01 05:32:59,1970-01-01 04:07:07,van,71,90.7946665973005,14.506660180877137,"defaultdict(<class 'int'>, {1: 1, 2: 43, 5: 27})",fedex,m,2,161.0,0.0,0.8881987577639752,0.11180124223602485,1.0,0.9757575757575757,1.0,171.78,33.77561597419579,221.11478333333335,49.58978333333334,255.14539930752915,2.267605633802817,True
freight_dhl_30890_2_veh_cep_size_m_7_4,27926,58381,30455,14664,15791,1970-01-01 07:45:26,1970-01-01 16:13:01,1970-01-01 08:27:35,1970-01-01 04:04:24,1970-01-01 04:23:11,van,80,110.77062019775043,11.860932323876817,"defaultdict(<class 'int'>, {5: 13, 6: 3, 4: 64})",dhl,m,4,118.0,0.0,0.1016949152542373,0.8983050847457628,1.0,0.7151515151515152,1.0,171.78,41.20667071356316,193.47384722222225,21.948847222222224,234.93551793578538,1.475,False
freight_gls_30559_veh_cep_size_m_7_1,27936,59630,31694,16493,15201,1970-01-01 07:45:36,1970-01-01 16:33:50,1970-01-01 08:48:14,1970-01-01 04:34:53,1970-01-01 04:13:21,van,96,107.92379820057305,12.705604998271735,"defaultdict(<class 'int'>, {4: 3, 6: 70, 5: 23})",gls,m,6,133.0,0.0,0.10526315789473684,0.8947368421052632,1.0,0.806060606060606,1.0,171.78,40.14765293061317,201.34493888888892,29.819938888888892,241.74759181950205,1.3854166666666667,True
freight_dhl_31275_0_veh_cep_size_l_7_5,27910,58064,30154,15504,14650,1970-01-01 07:45:10,1970-01-01 16:07:44,1970-01-01 08:22:34,1970-01-01 04:18:24,1970-01-01 04:04:10,van,86,130.92718457305367,12.034045424175241,"defaultdict(<class 'int'>, {7: 18, 6: 68})",dhl,l,6,125.0,0.0,0.072,0.928,1.0,0.5434782608695652,1.0,189.15,50.53789324519872,191.56166111111114,20.036661111111112,259.72455435630985,1.4534883720930232,False
freight_dhl_30855_2_veh_cep_size_l_7_2,27940,55412,27472,21372,6100,1970-01-01 07:45:40,1970-01-01 15:23:32,1970-01-01 07:37:52,1970-01-01 05:56:12,1970-01-01 01:41:40,van,21,49.44266562130374,10.23815523603562,"defaultdict(<class 'int'>, {5: 11, 6: 9, 4: 1})",dhl,l,5,174.0,0.0,0.13218390804597702,0.867816091954023,1.0,0.7565217391304347,1.0,189.15,19.084868929823244,174.52351111111113,2.9985111111111116,211.23338004093435,8.285714285714286,False
freight_dpd_30855_0_veh_cep_size_m_8_5,27942,53590,25648,8238,17410,1970-01-01 07:45:42,1970-01-01 14:53:10,1970-01-01 07:07:28,1970-01-01 02:17:18,1970-01-01 04:50:10,van,49,150.86705290004318,22.076580775695554,"defaultdict(<class 'int'>, {6: 26, 4: 23})",dpd,m,6,67.0,0.0,0.16417910447761194,0.835820895522388,1.0,0.40606060606060607,1.0,171.78,56.122543678816065,162.93604444444446,0.0,227.90254367881607,1.3673469387755102,False
freight_fedex_30173_veh_cep_size_m_8_1,27933,60548,32615,20376,12239,1970-01-01 07:45:33,1970-01-01 16:49:08,1970-01-01 09:03:35,1970-01-01 05:39:36,1970-01-01 03:23:59,van,68,87.29263425130092,14.814608590720583,"defaultdict(<class 'int'>, {2: 58, 5: 9, 4: 1})",fedex,m,2,164.0,0.0,0.8902439024390244,0.10975609756097561,1.0,0.9939393939393939,1.0,171.78,32.47285994148395,207.19584722222226,35.67084722222223,239.92370716370618,2.411764705882353,True
freight_hermes_30657_veh_cep_size_l_7_1,27933,57571,29638,12327,17311,1970-01-01 07:45:33,1970-01-01 15:59:31,1970-01-01 08:13:58,1970-01-01 03:25:27,1970-01-01 04:48:31,van,67,127.04294628814097,11.841496197411244,"defaultdict(<class 'int'>, {8: 28, 4: 38, 2: 1})",hermes,l,4,99.0,0.0,0.0,1.0,1.0,0.43043478260869567,1.0,189.15,49.038577267222415,188.2836277777778,16.75862777777778,254.9472050450002,1.4776119402985075,True
freight_dhl_30855_2_veh_cep_size_l_7_1,27940,54117,26177,21709,4468,1970-01-01 07:45:40,1970-01-01 15:01:57,1970-01-01 07:16:17,1970-01-01 06:01:49,1970-01-01 01:14:28,van,17,43.39910197118538,9.939526861822213,"defaultdict(<class 'int'>, {5: 13, 6: 4})",dhl,l,5,173.0,0.0,0.3063583815028902,0.6936416184971098,1.0,0.7521739130434782,1.0,189.15,16.752053360877557,166.2966638888889,0.0,205.90205336087757,10.176470588235293,False
freight_hermes_30826_veh_cep_size_m_7_4,27937,53744,25807,12815,12992,1970-01-01 07:45:37,1970-01-01 14:55:44,1970-01-01 07:10:07,1970-01-01 03:33:35,1970-01-01 03:36:32,van,61,122.0626781403636,11.025842726951826,"defaultdict(<class 'int'>, {7: 52, 6: 3, 8: 6})",hermes,m,7,101.0,0.0,0.009900990099009901,0.9900990099009901,1.0,0.6121212121212121,1.0,171.78,45.40731626821526,163.94613611111112,0.0,217.18731626821526,1.6557377049180328,False
freight_fedex_30855_veh_cep_size_l_7_6,27937,56013,28076,20047,8029,1970-01-01 07:45:37,1970-01-01 15:33:33,1970-01-01 07:47:56,1970-01-01 05:34:07,1970-01-01 02:13:49,van,36,48.71820900401007,6.05138946738717,"defaultdict(<class 'int'>, {6: 8, 5: 27, 4: 1})",fedex,l,5,168.0,0.0,0.8333333333333334,0.16666666666666666,1.0,0.7304347826086957,1.0,189.15,18.805228675547887,178.3605888888889,6.835588888888889,214.79081756443676,4.666666666666667,False
freight_dhl_30519_1_veh_cep_size_m_7_7,27955,46728,18773,12831,5942,1970-01-01 07:45:55,1970-01-01 12:58:48,1970-01-01 05:12:53,1970-01-01 03:33:51,1970-01-01 01:39:02,van,28,43.859668248936224,9.821745386062512,"defaultdict(<class 'int'>, {5: 22, 3: 6})",dhl,m,5,104.0,0.0,0.04807692307692308,0.9519230769230769,1.0,0.6303030303030303,1.0,171.78,16.315796588604275,119.26069722222223,0.0,188.0957965886043,3.7142857142857144,True
freight_dhl_30916_1_veh_cep_size_m_7_5,27959,59200,31241,18876,12365,1970-01-01 07:45:59,1970-01-01 16:26:40,1970-01-01 08:40:41,1970-01-01 05:14:36,1970-01-01 03:26:05,van,61,106.33803277317534,11.824612789232145,"defaultdict(<class 'int'>, {7: 40, 6: 20, 8: 1})",dhl,m,7,153.0,0.0,0.0915032679738562,0.9084967320261438,1.0,0.9272727272727272,1.0,171.78,39.55774819162123,198.46713055555557,26.942130555555558,238.2798787471768,2.5081967213114753,False
freight_hermes_30419_veh_cep_size_m_7_1,27939,61807,33868,17500,16368,1970-01-01 07:45:39,1970-01-01 17:10:07,1970-01-01 09:24:28,1970-01-01 04:51:40,1970-01-01 04:32:48,van,72,111.48402909398209,10.333957772597053,"defaultdict(<class 'int'>, {5: 57, 3: 15})",hermes,m,5,139.0,0.0,0.07194244604316546,0.9280575539568345,1.0,0.8424242424242424,1.0,171.78,41.47205882296134,215.1558777777778,43.63087777777778,256.88293660073913,1.9305555555555556,True
freight_fedex_30855_veh_cep_size_l_7_5,27937,58233,30296,18695,11601,1970-01-01 07:45:37,1970-01-01 16:10:33,1970-01-01 08:24:56,1970-01-01 05:11:35,1970-01-01 03:13:21,van,26,91.37393985571407,5.862501631608207,"defaultdict(<class 'int'>, {6: 3, 4: 20, 5: 3})",fedex,l,4,155.0,0.0,0.8516129032258064,0.14838709677419354,1.0,0.6739130434782609,1.0,189.15,35.27034078430563,192.46375555555557,20.938755555555556,245.3590963398612,5.961538461538462,False
freight_dhl_30453_veh_cep_size_l_7_6,27959,57230,29271,22875,6396,1970-01-01 07:45:59,1970-01-01 15:53:50,1970-01-01 08:07:51,1970-01-01 06:21:15,1970-01-01 01:46:36,van,35,35.13334329797566,6.598091426562599,"defaultdict(<class 'int'>, {4: 3, 6: 31, 3: 1})",dhl,l,6,202.0,0.0,0.0891089108910891,0.9108910891089109,1.0,0.8782608695652174,1.0,189.15,13.561470513018604,185.95215833333336,14.427158333333335,217.13862884635193,5.771428571428571,True
freight_dhl_30916_1_veh_cep_size_m_7_4,27959,58108,30149,20242,9907,1970-01-01 07:45:59,1970-01-01 16:08:28,1970-01-01 08:22:29,1970-01-01 05:37:22,1970-01-01 02:45:07,van,49,82.725042437314,11.701687036026485,"defaultdict(<class 'int'>, {7: 5, 6: 44})",dhl,m,6,161.0,0.0,0.11801242236024845,0.8819875776397516,1.0,0.9757575757575757,1.0,171.78,30.773715786680807,191.52989722222225,20.004897222222223,222.55861300890302,3.2857142857142856,False
freight_hermes_30419_veh_cep_size_l_7_2,27945,57691,29746,20919,8827,1970-01-01 07:45:45,1970-01-01 16:01:31,1970-01-01 08:15:46,1970-01-01 05:48:39,1970-01-01 02:27:07,van,55,62.80454214990566,9.48384127559708,"defaultdict(<class 'int'>, {3: 29, 6: 11, 5: 15})",hermes,l,3,166.0,0.0,0.04216867469879518,0.9578313253012049,1.0,0.7217391304347827,1.0,189.15,24.242553269863585,188.9697277777778,17.44472777777778,230.83728104764137,3.018181818181818,True
freight_fedex_30855_veh_cep_size_l_7_4,27937,55889,27952,21835,6117,1970-01-01 07:45:37,1970-01-01 15:31:29,1970-01-01 07:45:52,1970-01-01 06:03:55,1970-01-01 01:41:57,van,30,50.278535519824366,5.666729747734281,"defaultdict(<class 'int'>, {6: 18, 4: 1, 5: 11})",fedex,l,6,177.0,0.0,0.8248587570621468,0.1751412429378531,1.0,0.7695652173913043,1.0,189.15,19.407514710652205,177.57284444444446,6.047844444444445,214.60535915509666,5.9,False
freight_dhl_30916_0_veh_cep_size_l_7_2,27973,56507,28534,22471,6063,1970-01-01 07:46:13,1970-01-01 15:41:47,1970-01-01 07:55:34,1970-01-01 06:14:31,1970-01-01 01:41:03,van,30,56.97604541562226,10.652337453657319,"defaultdict(<class 'int'>, {6: 20, 8: 1, 7: 9})",dhl,l,6,179.0,0.0,0.27932960893854747,0.7206703910614525,1.0,0.7782608695652173,1.0,189.15,21.992753530430193,181.27016111111112,9.745161111111113,220.8879146415413,5.966666666666667,False
freight_dhl_30938_1_veh_cep_size_l_7_2,27965,57044,29079,21692,7387,1970-01-01 07:46:05,1970-01-01 15:50:44,1970-01-01 08:04:39,1970-01-01 06:01:32,1970-01-01 02:03:07,van,35,68.61332776869183,11.321309682109604,"defaultdict(<class 'int'>, {7: 15, 6: 20})",dhl,l,6,198.0,0.0,0.35858585858585856,0.6414141414141414,1.0,0.8608695652173913,1.0,189.15,26.484744518715047,184.732425,13.207425,228.84216951871505,5.6571428571428575,False
freight_hermes_30453_veh_cep_size_m_8_2,27974,60061,32087,17848,14239,1970-01-01 07:46:14,1970-01-01 16:41:01,1970-01-01 08:54:47,1970-01-01 04:57:28,1970-01-01 03:57:19,van,73,93.79884163629667,13.146970111581867,"defaultdict(<class 'int'>, {6: 40, 4: 33})",hermes,m,6,143.0,0.0,0.08391608391608392,0.916083916083916,1.0,0.8666666666666667,1.0,171.78,34.893169088702365,203.84158055555557,32.31658055555556,238.98974964425793,1.9589041095890412,True
freight_fedex_30855_veh_cep_size_l_7_3,27937,55277,27340,22639,4701,1970-01-01 07:45:37,1970-01-01 15:21:17,1970-01-01 07:35:40,1970-01-01 06:17:19,1970-01-01 01:18:21,van,25,41.25062387341463,5.42256977478057,"defaultdict(<class 'int'>, {6: 18, 5: 7})",fedex,l,6,210.0,0.0,0.8952380952380953,0.10476190476190476,1.0,0.9130434782608695,1.0,189.15,15.922740815138049,173.68494444444445,2.1599444444444447,207.2326852595825,8.4,False
freight_dhl_30890_0_veh_cep_size_l_7_3,27988,55674,27686,18620,9066,1970-01-01 07:46:28,1970-01-01 15:27:54,1970-01-01 07:41:26,1970-01-01 05:10:20,1970-01-01 02:31:06,van,51,70.63295536327274,13.801518890301148,"defaultdict(<class 'int'>, {8: 41, 7: 3, 5: 2, 4: 5})",dhl,l,8,148.0,0.0,0.10810810810810811,0.8918918918918919,1.0,0.6434782608695652,1.0,189.15,27.26432077022328,175.88300555555557,4.358005555555556,220.77232632577886,2.9019607843137254,False
freight_hermes_30419_veh_cep_size_m_7_3,27976,58939,30963,18379,12584,1970-01-01 07:46:16,1970-01-01 16:22:19,1970-01-01 08:36:03,1970-01-01 05:06:19,1970-01-01 03:29:44,van,112,94.97015747072258,8.72700674913368,"defaultdict(<class 'int'>, {6: 8, 5: 72, 3: 32})",hermes,m,5,150.0,0.0,0.05333333333333334,0.9466666666666667,1.0,0.9090909090909091,1.0,171.78,35.3288985791088,196.70105833333335,25.176058333333337,232.28495691244214,1.3392857142857142,True
freight_fedex_30855_veh_cep_size_l_7_1,27937,56351,28414,20430,7984,1970-01-01 07:45:37,1970-01-01 15:39:11,1970-01-01 07:53:34,1970-01-01 05:40:30,1970-01-01 02:13:04,van,47,67.38655415197849,6.255742543705642,"defaultdict(<class 'int'>, {6: 2, 4: 44, 5: 1})",fedex,l,4,204.0,0.0,0.9264705882352942,0.07352941176470588,1.0,0.8869565217391304,1.0,189.15,26.011209902663698,180.5078277777778,8.982827777777779,224.14403768044147,4.340425531914893,False
freight_dpd_30916_veh_cep_size_m_7_1,27995,61099,33104,14920,18184,1970-01-01 07:46:35,1970-01-01 16:58:19,1970-01-01 09:11:44,1970-01-01 04:08:40,1970-01-01 05:03:04,van,80,147.38042796633732,14.366016966011978,"defaultdict(<class 'int'>, {6: 62, 7: 13, 8: 5})",dpd,m,6,118.0,0.0,0.23728813559322035,0.7627118644067796,1.0,0.7151515151515152,1.0,171.78,54.825519203477484,210.30235555555558,38.77735555555556,265.38287475903303,1.475,False
freight_dhl_30989_1_veh_cep_size_m_7_4,27997,54351,26354,17750,8604,1970-01-01 07:46:37,1970-01-01 15:05:51,1970-01-01 07:19:14,1970-01-01 04:55:50,1970-01-01 02:23:24,van,72,63.02206071017137,8.638886680706914,"defaultdict(<class 'int'>, {8: 72})",dhl,m,8,142.0,0.0,0.07746478873239436,0.9225352112676056,1.0,0.8606060606060606,1.0,171.78,23.44420658418375,167.42110555555558,0.0,195.22420658418375,1.9722222222222223,False
freight_ups_30900_veh_cep_size_m_8_3,27999,61784,33785,16606,17179,1970-01-01 07:46:39,1970-01-01 17:09:44,1970-01-01 09:23:05,1970-01-01 04:36:46,1970-01-01 04:46:19,van,86,131.0275252777787,9.320697824668418,"defaultdict(<class 'int'>, {6: 6, 7: 80})",ups,m,7,134.0,0.0,0.7388059701492538,0.26119402985074625,1.0,0.8121212121212121,1.0,171.78,48.74223940333367,214.62859722222225,43.10359722222223,263.6258366255559,1.558139534883721,False
freight_dhl_31832_0_veh_cep_size_m_7_1,28000,55972,27972,16073,11899,1970-01-01 07:46:40,1970-01-01 15:32:52,1970-01-01 07:46:12,1970-01-01 04:27:53,1970-01-01 03:18:19,van,63,88.61624106175577,13.359787351944538,"defaultdict(<class 'int'>, {7: 57, 8: 6})",dhl,m,7,129.0,0.0,0.046511627906976744,0.9534883720930233,1.0,0.7818181818181819,1.0,171.78,32.96524167497315,177.6999,6.174900000000001,210.92014167497317,2.0476190476190474,False
freight_hermes_30823_veh_cep_size_m_7_1,27991,57805,29814,16708,13106,1970-01-01 07:46:31,1970-01-01 16:03:25,1970-01-01 08:16:54,1970-01-01 04:38:28,1970-01-01 03:38:26,van,92,112.27240236996354,11.966380113878438,"defaultdict(<class 'int'>, {4: 76, 6: 1, 8: 15})",hermes,m,4,136.0,0.0,0.051470588235294115,0.9485294117647058,1.0,0.8242424242424242,1.0,171.78,41.76533368162644,189.4017166666667,17.876716666666667,231.4220503482931,1.4782608695652173,False
freight_fedex_30161_veh_cep_size_l_7_3,27951,56223,28272,22580,5692,1970-01-01 07:45:51,1970-01-01 15:37:03,1970-01-01 07:51:12,1970-01-01 06:16:20,1970-01-01 01:34:52,van,30,42.804461296923805,12.226834680301222,"defaultdict(<class 'int'>, {2: 28, 3: 2})",fedex,l,2,185.0,0.0,0.8702702702702703,0.12972972972972974,1.0,0.8043478260869565,1.0,189.15,16.522522060612587,179.60573333333335,8.080733333333335,213.75325539394595,6.166666666666667,True
freight_dhl_30855_1_veh_cep_size_l_7_7,28004,56074,28070,21126,6944,1970-01-01 07:46:44,1970-01-01 15:34:34,1970-01-01 07:47:50,1970-01-01 05:52:06,1970-01-01 01:55:44,van,39,55.708015205301855,8.065364295231179,"defaultdict(<class 'int'>, {6: 22, 5: 17})",dhl,l,6,173.0,0.0,0.1676300578034682,0.8323699421965318,1.0,0.7521739130434782,1.0,189.15,21.503293869246516,178.32247222222225,6.797472222222223,217.45076609146872,4.435897435897436,False
freight_dhl_30855_2_veh_cep_size_l_7_3,28005,52357,24352,20247,4105,1970-01-01 07:46:45,1970-01-01 14:32:37,1970-01-01 06:45:52,1970-01-01 05:37:27,1970-01-01 01:08:25,van,10,40.222967704825656,9.417470442820925,"defaultdict(<class 'int'>, {5: 5, 6: 4, 4: 1})",dhl,l,5,173.0,0.0,0.41040462427745666,0.5895953757225434,1.0,0.7521739130434782,1.0,189.15,15.526065534062704,154.70284444444445,0.0,204.6760655340627,17.3,False
freight_dhl_30989_1_veh_cep_size_l_7_3,27997,54442,26445,16639,9806,1970-01-01 07:46:37,1970-01-01 15:07:22,1970-01-01 07:20:45,1970-01-01 04:37:19,1970-01-01 02:43:26,van,58,70.40532399770026,8.52048089846156,"defaultdict(<class 'int'>, {8: 57, 4: 1})",dhl,l,8,134.0,0.0,0.05970149253731343,0.9402985074626866,1.0,0.5826086956521739,1.0,189.15,27.176455063112304,167.99920833333334,0.0,216.32645506311232,2.310344827586207,False
freight_dpd_30916_veh_cep_size_m_7_5,28010,60663,32653,13288,19365,1970-01-01 07:46:50,1970-01-01 16:51:03,1970-01-01 09:04:13,1970-01-01 03:41:28,1970-01-01 05:22:45,van,74,138.5291932313996,13.797176875987079,"defaultdict(<class 'int'>, {6: 74})",dpd,m,6,107.0,0.0,0.14953271028037382,0.8504672897196262,1.0,0.6484848484848484,1.0,171.78,51.53285988208065,207.4372527777778,35.91225277777778,259.22511265985844,1.445945945945946,False
freight_hermes_30900_veh_cep_size_l_7_5,28011,57324,29313,10936,18377,1970-01-01 07:46:51,1970-01-01 15:55:24,1970-01-01 08:08:33,1970-01-01 03:02:16,1970-01-01 05:06:17,van,77,147.53338536997074,13.795865843409308,"defaultdict(<class 'int'>, {7: 48, 8: 16, 6: 13})",hermes,l,7,89.0,0.0,0.0,1.0,1.0,0.3869565217391304,1.0,189.15,56.94788675280871,186.21897500000003,14.693975000000002,260.7918617528087,1.155844155844156,False
freight_fedex_30163_veh_cep_size_m_7_2,27954,58343,30389,20511,9878,1970-01-01 07:45:54,1970-01-01 16:12:23,1970-01-01 08:26:29,1970-01-01 05:41:51,1970-01-01 02:44:38,van,51,69.52321978752812,12.145830878633152,"defaultdict(<class 'int'>, {2: 39, 3: 11, 5: 1})",fedex,m,2,165.0,0.0,0.9151515151515152,0.08484848484848485,1.0,1.0,1.0,171.78,25.86263776096046,193.0545638888889,21.52956388888889,219.17220164984937,3.235294117647059,True
freight_dhl_30855_1_veh_cep_size_l_7_6,28004,56232,28228,22914,5314,1970-01-01 07:46:44,1970-01-01 15:37:12,1970-01-01 07:50:28,1970-01-01 06:21:54,1970-01-01 01:28:34,van,23,41.3154100302355,7.963115189634561,"defaultdict(<class 'int'>, {6: 2, 5: 21})",dhl,l,5,185.0,0.0,0.06486486486486487,0.9351351351351351,1.0,0.8043478260869565,1.0,189.15,15.947748271670903,179.32621111111112,7.801211111111112,212.89895938278204,8.043478260869565,False
freight_dhl_30657_veh_cep_size_l_7_2,28014,58427,30413,23083,7330,1970-01-01 07:46:54,1970-01-01 16:13:47,1970-01-01 08:26:53,1970-01-01 06:24:43,1970-01-01 02:02:10,van,24,44.488354999203025,9.845723814944263,"defaultdict(<class 'int'>, {8: 18, 4: 6})",dhl,l,8,226.0,0.0,0.23893805309734514,0.7610619469026548,1.0,0.9826086956521739,1.0,189.15,17.172505029692367,193.20703055555558,21.682030555555556,228.00453558524794,9.416666666666666,True
freight_dpd_30916_veh_cep_size_m_7_4,28010,52968,24958,11706,13252,1970-01-01 07:46:50,1970-01-01 14:42:48,1970-01-01 06:55:58,1970-01-01 03:15:06,1970-01-01 03:40:52,van,53,96.20075647584734,14.176287538300294,"defaultdict(<class 'int'>, {6: 53})",dpd,m,6,93.0,0.0,0.3333333333333333,0.6666666666666666,1.0,0.5636363636363636,1.0,171.78,35.78668140901521,158.5526277777778,0.0,207.56668140901522,1.7547169811320755,False
freight_fedex_30163_veh_cep_size_m_7_1,27954,61835,33881,19548,14333,1970-01-01 07:45:54,1970-01-01 17:10:35,1970-01-01 09:24:41,1970-01-01 05:25:48,1970-01-01 03:58:53,van,74,89.09262982824009,11.877432357974874,"defaultdict(<class 'int'>, {2: 74})",fedex,m,2,159.0,0.0,0.8553459119496856,0.14465408805031446,1.0,0.9636363636363636,1.0,171.78,33.14245829610532,215.2384638888889,43.713463888888896,248.63592218499423,2.1486486486486487,True
freight_dhl_30952_1_veh_cep_size_m_7_3,28023,55531,27508,19619,7889,1970-01-01 07:47:03,1970-01-01 15:25:31,1970-01-01 07:38:28,1970-01-01 05:26:59,1970-01-01 02:11:29,van,50,47.168318065819825,4.99298975318273,"defaultdict(<class 'int'>, {6: 50})",dhl,m,6,158.0,0.0,0.10126582278481013,0.8987341772151899,1.0,0.9575757575757575,1.0,171.78,17.546614320484974,174.75221111111114,3.2272111111111115,192.55382543159607,3.16,False
freight_dhl_30855_1_veh_cep_size_l_7_5,28004,56534,28530,22972,5558,1970-01-01 07:46:44,1970-01-01 15:42:14,1970-01-01 07:55:30,1970-01-01 06:22:52,1970-01-01 01:32:38,van,25,43.180079651628674,7.9898050239478815,"defaultdict(<class 'int'>, {6: 1, 5: 24})",dhl,l,5,188.0,0.0,0.0797872340425532,0.9202127659574468,1.0,0.8173913043478261,1.0,189.15,16.66751074552867,181.24475,9.719750000000001,215.53726074552867,7.52,False
freight_dhl_31515_0_veh_cep_size_m_7_5,28024,57520,29496,19957,9539,1970-01-01 07:47:04,1970-01-01 15:58:40,1970-01-01 08:11:36,1970-01-01 05:32:37,1970-01-01 02:38:59,van,34,87.01242570326328,11.849125889647583,"defaultdict(<class 'int'>, {8: 7, 6: 23, 7: 4})",dhl,m,6,158.0,0.0,0.08227848101265822,0.9177215189873418,1.0,0.9575757575757575,1.0,171.78,32.36862236161394,187.38153333333335,15.856533333333335,220.0051556949473,4.647058823529412,False
freight_hermes_30926_veh_cep_size_m_7_4,28025,55768,27743,16931,10812,1970-01-01 07:47:05,1970-01-01 15:29:28,1970-01-01 07:42:23,1970-01-01 04:42:11,1970-01-01 03:00:12,van,79,80.7687976053852,11.500508458201486,"defaultdict(<class 'int'>, {4: 24, 6: 55})",hermes,m,6,137.0,0.0,0.051094890510948905,0.948905109489051,1.0,0.8303030303030303,1.0,171.78,30.045992709203293,176.2451138888889,4.720113888888889,206.5461065980922,1.7341772151898733,False
freight_dpd_30161_veh_cep_size_m_8_3,28024,59379,31355,18711,12644,1970-01-01 07:47:04,1970-01-01 16:29:39,1970-01-01 08:42:35,1970-01-01 05:11:51,1970-01-01 03:30:44,van,76,92.2986850144473,18.197192879087925,"defaultdict(<class 'int'>, {2: 55, 1: 19, 4: 2})",dpd,m,2,151.0,0.0,0.304635761589404,0.695364238410596,1.0,0.9151515151515152,1.0,171.78,34.33511082537439,199.19134722222225,27.666347222222225,233.7814580475966,1.986842105263158,True
freight_fedex_30179_veh_cep_size_m_7_3,27955,59772,31817,17421,14396,1970-01-01 07:45:55,1970-01-01 16:36:12,1970-01-01 08:50:17,1970-01-01 04:50:21,1970-01-01 03:59:56,van,56,112.44227647172576,19.27466738151395,"defaultdict(<class 'int'>, {5: 13, 6: 42, 4: 1})",fedex,m,6,142.0,0.0,0.8450704225352113,0.15492957746478872,1.0,0.8606060606060606,1.0,171.78,41.82852684748198,202.12633055555557,30.60133055555556,244.20985740303755,2.5357142857142856,True
freight_dhl_30952_1_veh_cep_size_l_7_2,28023,55622,27599,21091,6508,1970-01-01 07:47:03,1970-01-01 15:27:02,1970-01-01 07:39:59,1970-01-01 05:51:31,1970-01-01 01:48:28,van,29,38.324006322490575,5.062819713700878,"defaultdict(<class 'int'>, {6: 24, 4: 5})",dhl,l,6,168.0,0.0,0.10119047619047619,0.8988095238095238,1.0,0.7304347826086957,1.0,189.15,14.793066440481363,175.3303138888889,3.805313888888889,207.74838032937026,5.793103448275862,False
freight_dhl_31515_0_veh_cep_size_m_7_4,28024,54676,26652,16771,9881,1970-01-01 07:47:04,1970-01-01 15:11:16,1970-01-01 07:24:12,1970-01-01 04:39:31,1970-01-01 02:44:41,van,47,75.76350193420691,11.375135365733104,"defaultdict(<class 'int'>, {8: 7, 7: 39, 6: 1})",dhl,m,7,133.0,0.0,0.14285714285714285,0.8571428571428571,1.0,0.806060606060606,1.0,171.78,28.18402271952497,169.31423333333336,0.0,199.96402271952496,2.8297872340425534,False
freight_dhl_30855_1_veh_cep_size_l_7_4,28004,56152,28148,23505,4643,1970-01-01 07:46:44,1970-01-01 15:35:52,1970-01-01 07:49:08,1970-01-01 06:31:45,1970-01-01 01:17:23,van,18,36.24527456041978,7.67691186607321,"defaultdict(<class 'int'>, {6: 2, 5: 16})",dhl,l,5,191.0,0.0,0.07853403141361257,0.9214659685863874,1.0,0.8304347826086956,1.0,189.15,13.990675980322035,178.81798888888892,7.29298888888889,210.43366486921093,10.61111111111111,False
freight_hermes_30659_veh_cep_size_l_7_1,28026,61753,33727,17155,16572,1970-01-01 07:47:06,1970-01-01 17:09:13,1970-01-01 09:22:07,1970-01-01 04:45:55,1970-01-01 04:36:12,van,79,130.64811303754755,11.28873079484019,"defaultdict(<class 'int'>, {4: 55, 5: 24})",hermes,l,4,137.0,0.0,0.08759124087591241,0.9124087591240876,1.0,0.5956521739130435,1.0,189.15,50.430171632493355,214.26013611111114,42.73513611111112,282.3153077436045,1.7341772151898733,True
freight_dhl_30855_2_veh_cep_size_l_7_9,28035,56253,28218,23388,4830,1970-01-01 07:47:15,1970-01-01 15:37:33,1970-01-01 07:50:18,1970-01-01 06:29:48,1970-01-01 01:20:30,van,27,37.516442084993365,8.198991935288786,"defaultdict(<class 'int'>, {6: 1, 4: 26})",dhl,l,4,189.0,0.0,0.12698412698412698,0.873015873015873,1.0,0.8217391304347826,1.0,189.15,14.48134664480744,179.26268333333334,7.737683333333334,211.3690299781408,7.0,False
freight_dhl_30916_0_veh_cep_size_m_7_6,28036,54712,26676,12226,14450,1970-01-01 07:47:16,1970-01-01 15:11:52,1970-01-01 07:24:36,1970-01-01 03:23:46,1970-01-01 04:00:50,van,63,87.05668430084026,7.8275557440344015,"defaultdict(<class 'int'>, {6: 63})",dhl,m,6,99.0,0.0,0.030303030303030304,0.9696969696969697,1.0,0.6,1.0,171.78,32.38508655991258,169.4667,0.0,204.1650865599126,1.5714285714285714,False
freight_dpd_31832_veh_cep_size_m_7_2,28038,59788,31750,6301,25449,1970-01-01 07:47:18,1970-01-01 16:36:28,1970-01-01 08:49:10,1970-01-01 01:45:01,1970-01-01 07:04:09,van,39,377.5926639759043,41.767300096867274,"defaultdict(<class 'int'>, {6: 24, 7: 12, 8: 3})",dpd,m,6,51.0,0.0,0.3137254901960784,0.6862745098039216,1.0,0.3090909090909091,1.0,171.78,140.4644709990364,201.70069444444445,30.175694444444446,342.4201654434808,1.3076923076923077,False
freight_dhl_31535_1_veh_cep_size_m_7_1,28038,57985,29947,14331,15616,1970-01-01 07:47:18,1970-01-01 16:06:25,1970-01-01 08:19:07,1970-01-01 03:58:51,1970-01-01 04:20:16,van,57,100.87424416408653,11.119222235377503,"defaultdict(<class 'int'>, {7: 4, 8: 53})",dhl,m,8,113.0,0.0,0.04424778761061947,0.9557522123893806,1.0,0.6848484848484848,1.0,171.78,37.52521882904019,190.24663611111112,18.721636111111113,228.0268549401513,1.9824561403508771,False
freight_fedex_30179_veh_cep_size_m_7_2,27955,58876,30921,16430,14491,1970-01-01 07:45:55,1970-01-01 16:21:16,1970-01-01 08:35:21,1970-01-01 04:33:50,1970-01-01 04:01:31,van,60,104.1696730226335,8.300599207265808,"defaultdict(<class 'int'>, {6: 37, 5: 22, 3: 1})",fedex,m,6,133.0,0.0,0.9172932330827067,0.08270676691729323,1.0,0.806060606060606,1.0,171.78,38.75111836441966,196.43424166666668,24.90924166666667,235.44036003108633,2.216666666666667,True
freight_dhl_31311_1_veh_cep_size_m_7_5,28042,59188,31146,15335,15811,1970-01-01 07:47:22,1970-01-01 16:26:28,1970-01-01 08:39:06,1970-01-01 04:15:35,1970-01-01 04:23:31,van,70,127.13974187171053,7.608478240540504,"defaultdict(<class 'int'>, {8: 33, 7: 37})",dhl,m,7,124.0,0.0,0.0967741935483871,0.9032258064516129,1.0,0.7515151515151515,1.0,171.78,47.29598397627632,197.86361666666667,26.33861666666667,245.414600642943,1.7714285714285714,False
freight_dhl_30952_1_veh_cep_size_l_7_1,28023,62185,34162,20781,13381,1970-01-01 07:47:03,1970-01-01 17:16:25,1970-01-01 09:29:22,1970-01-01 05:46:21,1970-01-01 03:43:01,van,69,84.6829983450307,5.2386399389823675,"defaultdict(<class 'int'>, {6: 3, 4: 6, 7: 60})",dhl,l,7,166.0,0.0,0.10240963855421686,0.8975903614457831,1.0,0.7217391304347827,1.0,189.15,32.68763736118185,217.02359444444446,45.49859444444445,267.3362318056263,2.4057971014492754,False
freight_dhl_30855_1_veh_cep_size_l_7_3,28004,56383,28379,23341,5038,1970-01-01 07:46:44,1970-01-01 15:39:43,1970-01-01 07:52:59,1970-01-01 06:29:01,1970-01-01 01:23:58,van,21,37.49038564202946,7.442524248514948,"defaultdict(<class 'int'>, {6: 2, 5: 19})",dhl,l,5,187.0,0.0,0.11229946524064172,0.8877005347593583,1.0,0.8130434782608695,1.0,189.15,14.471288857823371,180.28548055555558,8.760480555555556,212.38176941337892,8.904761904761905,False
freight_dhl_30855_2_veh_cep_size_l_7_8,28035,55433,27398,22821,4577,1970-01-01 07:47:15,1970-01-01 15:23:53,1970-01-01 07:36:38,1970-01-01 06:20:21,1970-01-01 01:16:17,van,30,38.539326334683345,8.46765621979766,"defaultdict(<class 'int'>, {6: 1, 4: 29})",dhl,l,4,191.0,0.0,0.09947643979057591,0.900523560209424,1.0,0.8304347826086956,1.0,189.15,14.876179965187772,174.05340555555557,2.5284055555555556,206.55458552074333,6.366666666666666,False
freight_dhl_30916_0_veh_cep_size_m_7_4,28036,58076,30040,19775,10265,1970-01-01 07:47:16,1970-01-01 16:07:56,1970-01-01 08:20:40,1970-01-01 05:29:35,1970-01-01 02:51:05,van,33,69.444203969389,6.92237874515008,"defaultdict(<class 'int'>, {6: 26, 8: 7})",dhl,m,6,153.0,0.0,0.0915032679738562,0.9084967320261438,1.0,0.9272727272727272,1.0,171.78,25.833243876612705,190.83744444444446,19.312444444444445,216.92568832105715,4.636363636363637,False
freight_fedex_30900_veh_cep_size_l_8_2,28042,56289,28247,13027,15220,1970-01-01 07:47:22,1970-01-01 15:38:09,1970-01-01 07:50:47,1970-01-01 03:37:07,1970-01-01 04:13:40,van,70,121.75871153437433,14.485160313889839,"defaultdict(<class 'int'>, {8: 10, 7: 60})",fedex,l,7,105.0,0.0,0.9333333333333333,0.06666666666666667,1.0,0.45652173913043476,1.0,189.15,46.99886265226849,179.4469138888889,7.92191388888889,244.0707765411574,1.5,False
freight_dhl_30455_veh_cep_size_l_7_4,28049,55038,26989,21461,5528,1970-01-01 07:47:29,1970-01-01 15:17:18,1970-01-01 07:29:49,1970-01-01 05:57:41,1970-01-01 01:32:08,van,38,32.92440751368219,5.029997874120892,"defaultdict(<class 'int'>, {4: 38})",dhl,l,4,171.0,0.0,0.05847953216374269,0.9415204678362573,1.0,0.7434782608695653,1.0,189.15,12.708821300281326,171.45511944444445,0.0,201.85882130028133,4.5,True
freight_dhl_30989_0_veh_cep_size_m_7_1,28053,56279,28226,19023,9203,1970-01-01 07:47:33,1970-01-01 15:37:59,1970-01-01 07:50:26,1970-01-01 05:17:03,1970-01-01 02:33:23,van,58,69.9248878315593,5.7503605934681765,"defaultdict(<class 'int'>, {8: 2, 4: 56})",dhl,m,4,153.0,0.0,0.1503267973856209,0.8496732026143791,1.0,0.9272727272727272,1.0,171.78,26.01205827334006,179.31350555555557,7.788505555555556,205.5805638288956,2.6379310344827585,False
freight_dhl_30855_1_veh_cep_size_l_7_2,28004,57584,29580,23244,6336,1970-01-01 07:46:44,1970-01-01 15:59:44,1970-01-01 08:13:00,1970-01-01 06:27:24,1970-01-01 01:45:36,van,27,41.74281226645844,7.314332280297342,"defaultdict(<class 'int'>, {6: 1, 5: 26})",dhl,l,5,190.0,0.0,0.17894736842105263,0.8210526315789474,1.0,0.8260869565217391,1.0,189.15,16.112725534852956,187.9151666666667,16.39016666666667,221.65289220151962,7.037037037037037,False
freight_dhl_30855_2_veh_cep_size_l_7_7,28035,56335,28300,22996,5304,1970-01-01 07:47:15,1970-01-01 15:38:55,1970-01-01 07:51:40,1970-01-01 06:23:16,1970-01-01 01:28:24,van,16,52.738985584496106,8.127497734461654,"defaultdict(<class 'int'>, {4: 12, 6: 1, 5: 3})",dhl,l,4,190.0,0.0,0.08421052631578947,0.9157894736842105,1.0,0.8260869565217391,1.0,189.15,20.357248435615496,179.78361111111113,8.258611111111112,217.76585954672663,11.875,False
freight_dhl_30916_0_veh_cep_size_l_7_3,28036,56457,28421,22010,6411,1970-01-01 07:47:16,1970-01-01 15:40:57,1970-01-01 07:53:41,1970-01-01 06:06:50,1970-01-01 01:46:51,van,29,54.04736064078228,8.633412785488419,"defaultdict(<class 'int'>, {6: 7, 8: 22})",dhl,l,8,176.0,0.0,0.13068181818181818,0.8693181818181818,1.0,0.7652173913043478,1.0,189.15,20.86228120734196,180.55229722222225,9.027297222222224,219.0395784295642,6.068965517241379,False
freight_dhl_30855_1_veh_cep_size_l_7_1,28004,54471,26467,22277,4190,1970-01-01 07:46:44,1970-01-01 15:07:51,1970-01-01 07:21:07,1970-01-01 06:11:17,1970-01-01 01:09:50,van,20,47.19369959712788,7.218713750931245,"defaultdict(<class 'int'>, {6: 2, 5: 18})",dhl,l,5,182.0,0.0,0.510989010989011,0.489010989010989,1.0,0.7913043478260869,1.0,189.15,18.216768044491364,168.13896944444446,0.0,207.36676804449138,9.1,False
freight_dhl_30855_2_veh_cep_size_l_7_11,28035,45688,17653,13648,4005,1970-01-01 07:47:15,1970-01-01 12:41:28,1970-01-01 04:54:13,1970-01-01 03:47:28,1970-01-01 01:06:45,van,14,34.72804465353966,8.373118895318246,"defaultdict(<class 'int'>, {6: 12, 5: 2})",dhl,l,6,114.0,0.0,0.22807017543859648,0.7719298245614035,1.0,0.4956521739130435,1.0,189.15,13.40502523626631,112.14558611111111,0.0,202.55502523626632,8.142857142857142,False
freight_hermes_30823_veh_cep_size_m_7_2,28066,60578,32512,17916,14596,1970-01-01 07:47:46,1970-01-01 16:49:38,1970-01-01 09:01:52,1970-01-01 04:58:36,1970-01-01 04:03:16,van,74,115.68828620989207,10.198987258451425,"defaultdict(<class 'int'>, {6: 16, 4: 50, 8: 8})",hermes,m,4,143.0,0.0,0.03496503496503497,0.965034965034965,1.0,0.8666666666666667,1.0,171.78,43.03604247007985,206.54151111111113,35.016511111111114,249.83255358119095,1.9324324324324325,False
freight_gls_31319_veh_cep_size_m_8_2,28070,61775,33705,16945,16760,1970-01-01 07:47:50,1970-01-01 17:09:35,1970-01-01 09:21:45,1970-01-01 04:42:25,1970-01-01 04:39:20,van,107,133.03114348980424,14.665429822640139,"defaultdict(<class 'int'>, {6: 55, 7: 23, 8: 18, 5: 11})",gls,m,6,137.0,0.0,0.072992700729927,0.927007299270073,1.0,0.8303030303030303,1.0,171.78,49.48758537820718,214.12037500000002,42.595375000000004,263.86296037820716,1.280373831775701,False
freight_dhl_30519_1_veh_cep_size_l_7_6,28071,59090,31019,22160,8859,1970-01-01 07:47:51,1970-01-01 16:24:50,1970-01-01 08:36:59,1970-01-01 06:09:20,1970-01-01 02:27:39,van,43,59.09835835314653,8.76742551992935,"defaultdict(<class 'int'>, {3: 40, 4: 3})",dhl,l,3,197.0,0.0,0.19289340101522842,0.8071065989847716,1.0,0.8565217391304348,1.0,189.15,22.81196632431456,197.0568138888889,25.53181388888889,237.49378021320348,4.5813953488372094,True
freight_dhl_30853_veh_cep_size_l_7_5,28071,55031,26960,17753,9207,1970-01-01 07:47:51,1970-01-01 15:17:11,1970-01-01 07:29:20,1970-01-01 04:55:53,1970-01-01 02:33:27,van,38,74.19991711399335,8.07448923570263,"defaultdict(<class 'int'>, {6: 38})",dhl,l,6,142.0,0.0,0.2112676056338028,0.7887323943661971,1.0,0.6173913043478261,1.0,189.15,28.641168006001433,171.2708888888889,0.0,217.79116800600144,3.736842105263158,False
freight_dhl_30890_1_veh_cep_size_m_7_5,28053,54700,26647,18808,7839,1970-01-01 07:47:33,1970-01-01 15:11:40,1970-01-01 07:24:07,1970-01-01 05:13:28,1970-01-01 02:10:39,van,65,55.723969240884706,5.960095814630134,"defaultdict(<class 'int'>, {8: 65})",dhl,m,8,150.0,0.0,0.06666666666666667,0.9333333333333333,1.0,0.9090909090909091,1.0,171.78,20.72931655760911,169.28246944444447,0.0,192.5093165576091,2.3076923076923075,False
freight_dhl_31275_0_veh_cep_size_l_7_4,28072,57978,29906,19413,10493,1970-01-01 07:47:52,1970-01-01 16:06:18,1970-01-01 08:18:26,1970-01-01 05:23:33,1970-01-01 02:54:53,van,59,94.69997391337999,11.882729380743243,"defaultdict(<class 'int'>, {7: 10, 6: 46, 8: 3})",dhl,l,6,156.0,0.0,0.05128205128205128,0.9487179487179487,1.0,0.6782608695652174,1.0,189.15,36.554189930564675,189.98617222222225,18.461172222222224,244.16536215278688,2.6440677966101696,False
freight_dhl_30855_2_veh_cep_size_l_7_10,28035,57852,29817,21553,8264,1970-01-01 07:47:15,1970-01-01 16:04:12,1970-01-01 08:16:57,1970-01-01 05:59:13,1970-01-01 02:17:44,van,43,67.27326602162898,8.228538537836883,"defaultdict(<class 'int'>, {6: 2, 4: 41})",dhl,l,4,176.0,0.0,0.09659090909090909,0.9034090909090909,1.0,0.7652173913043478,1.0,189.15,25.96748068434879,189.42077500000002,17.895775,233.0132556843488,4.093023255813954,False
freight_hermes_30659_veh_cep_size_m_8_2,28077,58600,30523,19321,11202,1970-01-01 07:47:57,1970-01-01 16:16:40,1970-01-01 08:28:43,1970-01-01 05:22:01,1970-01-01 03:06:42,van,76,83.37127397367856,11.530459920179435,"defaultdict(<class 'int'>, {4: 76})",hermes,m,4,154.0,0.0,0.03896103896103896,0.961038961038961,1.0,0.9333333333333333,1.0,171.78,31.014113918208423,193.90583611111114,22.380836111111112,225.17495002931955,2.026315789473684,True
freight_dhl_30890_0_veh_cep_size_m_7_4,28080,57007,28927,17270,11657,1970-01-01 07:48:00,1970-01-01 15:50:07,1970-01-01 08:02:07,1970-01-01 04:47:50,1970-01-01 03:14:17,van,47,93.02342856655802,13.621120773051782,"defaultdict(<class 'int'>, {4: 4, 7: 4, 8: 18, 5: 21})",dhl,m,5,135.0,0.0,0.07407407407407407,0.9259259259259259,1.0,0.8181818181818182,1.0,171.78,34.60471542675958,183.7668027777778,12.241802777777778,218.62651820453738,2.872340425531915,False
freight_dhl_30853_veh_cep_size_l_7_4,28071,57635,29564,22590,6974,1970-01-01 07:47:51,1970-01-01 16:00:35,1970-01-01 08:12:44,1970-01-01 06:16:30,1970-01-01 01:56:14,van,31,48.51366586698808,8.170249264605498,"defaultdict(<class 'int'>, {6: 31})",dhl,l,6,183.0,0.0,0.18579234972677597,0.8142076502732241,1.0,0.7956521739130434,1.0,189.15,18.726275024657397,187.81352222222225,16.288522222222223,224.1647972468796,5.903225806451613,False
freight_dhl_30519_0_veh_cep_size_l_7_3,28071,56715,28644,21689,6955,1970-01-01 07:47:51,1970-01-01 15:45:15,1970-01-01 07:57:24,1970-01-01 06:01:29,1970-01-01 01:55:55,van,46,47.43381337689187,8.797569288434204,"defaultdict(<class 'int'>, {3: 14, 4: 32})",dhl,l,4,176.0,0.0,0.06818181818181818,0.9318181818181818,1.0,0.7652173913043478,1.0,189.15,18.309451963480264,181.9689666666667,10.443966666666668,217.90341863014692,3.8260869565217392,True
freight_ups_30627_veh_cep_size_m_7_1,28086,57308,29222,15673,13549,1970-01-01 07:48:06,1970-01-01 15:55:08,1970-01-01 08:07:02,1970-01-01 04:21:13,1970-01-01 03:45:49,van,63,101.63136011409472,13.007006595090527,"defaultdict(<class 'int'>, {4: 60, 5: 3})",ups,m,4,126.0,0.0,0.8571428571428571,0.14285714285714285,1.0,0.7636363636363637,1.0,171.78,37.80686596244323,185.64087222222224,14.115872222222224,223.70273818466546,2.0,True
freight_dhl_30519_1_veh_cep_size_l_8_5,28085,55202,27117,18958,8159,1970-01-01 07:48:05,1970-01-01 15:20:02,1970-01-01 07:31:57,1970-01-01 05:15:58,1970-01-01 02:15:59,van,39,56.28032069166929,10.506566939309314,"defaultdict(<class 'int'>, {5: 7, 3: 12, 4: 20})",dhl,l,4,153.0,0.0,0.1568627450980392,0.8431372549019608,1.0,0.6652173913043479,1.0,189.15,21.724203786984347,172.26827500000002,0.743275,211.61747878698438,3.923076923076923,True
freight_dhl_30853_veh_cep_size_l_7_2,28071,56079,28008,23012,4996,1970-01-01 07:47:51,1970-01-01 15:34:39,1970-01-01 07:46:48,1970-01-01 06:23:32,1970-01-01 01:23:16,van,19,37.50101321822135,7.6127458799913414,"defaultdict(<class 'int'>, {6: 19})",dhl,l,6,199.0,0.0,0.16080402010050251,0.8391959798994975,1.0,0.8652173913043478,1.0,189.15,14.475391102233443,177.92860000000002,6.403600000000001,210.02899110223345,10.473684210526315,False
freight_dhl_30890_1_veh_cep_size_m_7_2,28053,54739,26686,17656,9030,1970-01-01 07:47:33,1970-01-01 15:12:19,1970-01-01 07:24:46,1970-01-01 04:54:16,1970-01-01 02:30:30,van,49,64.87268668367682,6.071375773047925,"defaultdict(<class 'int'>, {8: 31, 6: 18})",dhl,m,8,141.0,0.0,0.07092198581560284,0.9290780141843972,1.0,0.8545454545454545,1.0,171.78,24.132639446327776,169.53022777777778,0.0,195.91263944632777,2.877551020408163,False
freight_hermes_30823_veh_cep_size_l_7_3,28092,59276,31184,16638,14546,1970-01-01 07:48:12,1970-01-01 16:27:56,1970-01-01 08:39:44,1970-01-01 04:37:18,1970-01-01 04:02:26,van,101,101.42281345743723,10.136951555587478,"defaultdict(<class 'int'>, {6: 32, 4: 30, 8: 39})",hermes,l,8,136.0,0.0,0.03676470588235294,0.9632352941176471,1.0,0.591304347826087,1.0,189.15,39.14920599457077,198.10502222222223,26.580022222222226,254.879228216793,1.3465346534653466,False
freight_dhl_30625_veh_cep_size_m_8_5,28095,61079,32984,20266,12718,1970-01-01 07:48:15,1970-01-01 16:57:59,1970-01-01 09:09:44,1970-01-01 05:37:46,1970-01-01 03:31:58,van,53,75.64937797325177,8.23430098537967,"defaultdict(<class 'int'>, {3: 33, 4: 20})",dhl,m,3,162.0,0.0,0.09876543209876543,0.9012345679012346,1.0,0.9818181818181818,1.0,171.78,28.14156860604966,209.54002222222223,38.01502222222223,237.9365908282719,3.056603773584906,True
freight_dhl_30625_veh_cep_size_l_7_3,28095,56295,28200,22132,6068,1970-01-01 07:48:15,1970-01-01 15:38:15,1970-01-01 07:50:00,1970-01-01 06:08:52,1970-01-01 01:41:08,van,23,37.34202948294985,7.861122082161418,"defaultdict(<class 'int'>, {3: 13, 4: 10})",dhl,l,3,177.0,0.0,0.0847457627118644,0.9152542372881356,1.0,0.7695652173913043,1.0,189.15,14.41402338041864,179.14833333333334,7.623333333333334,211.18735671375197,7.695652173913044,True
freight_dhl_30519_1_veh_cep_size_l_8_1,28085,58422,30337,19787,10550,1970-01-01 07:48:05,1970-01-01 16:13:42,1970-01-01 08:25:37,1970-01-01 05:29:47,1970-01-01 02:55:50,van,44,69.7370081029181,9.643067668058897,"defaultdict(<class 'int'>, {5: 41, 4: 2, 6: 1})",dhl,l,5,159.0,0.0,0.11320754716981132,0.8867924528301887,1.0,0.691304347826087,1.0,189.15,26.918485127726385,192.72421944444446,21.199219444444445,237.26770457217083,3.6136363636363638,True
freight_dhl_30655_veh_cep_size_l_7_5,28078,56031,27953,21369,6584,1970-01-01 07:47:58,1970-01-01 15:33:51,1970-01-01 07:45:53,1970-01-01 05:56:09,1970-01-01 01:49:44,van,37,41.9797375320577,7.959404835467516,"defaultdict(<class 'int'>, {4: 37})",dhl,l,4,189.0,0.0,0.14285714285714285,0.8571428571428571,1.0,0.8217391304347826,1.0,189.15,16.20417868737427,177.57919722222223,6.054197222222223,211.40837590959651,5.108108108108108,True
freight_dhl_30890_0_veh_cep_size_m_7_5,28101,53942,25841,14739,11102,1970-01-01 07:48:21,1970-01-01 14:59:02,1970-01-01 07:10:41,1970-01-01 04:05:39,1970-01-01 03:05:02,van,64,82.91014267720261,12.477683314373436,"defaultdict(<class 'int'>, {4: 39, 5: 24, 7: 1})",dhl,m,4,119.0,0.0,0.13445378151260504,0.865546218487395,1.0,0.7212121212121212,1.0,171.78,30.842573075919372,164.16213055555556,0.0,202.62257307591938,1.859375,False
freight_gls_30559_veh_cep_size_m_8_2,28103,64439,36336,18062,18274,1970-01-01 07:48:23,1970-01-01 17:53:59,1970-01-01 10:05:36,1970-01-01 05:01:02,1970-01-01 05:04:34,van,96,115.61850602324535,12.351956439878917,"defaultdict(<class 'int'>, {4: 80, 6: 16})",gls,m,4,145.0,0.0,0.10344827586206896,0.896551724137931,1.0,0.8787878787878788,1.0,171.78,43.01008424064727,230.83453333333335,59.30953333333334,274.0996175739806,1.5104166666666667,True
freight_hermes_30161_veh_cep_size_m_7_1,28103,56769,28666,20408,8258,1970-01-01 07:48:23,1970-01-01 15:46:09,1970-01-01 07:57:46,1970-01-01 05:40:08,1970-01-01 02:17:38,van,65,62.9624180625739,11.463403019914207,"defaultdict(<class 'int'>, {2: 61, 1: 4})",hermes,m,2,165.0,0.0,0.08484848484848485,0.9151515151515152,1.0,1.0,1.0,171.78,23.42201951927749,182.1087277777778,10.58372777777778,205.78574729705525,2.5384615384615383,True
freight_dhl_30880_2_veh_cep_size_m_7_5,28104,57725,29621,19884,9737,1970-01-01 07:48:24,1970-01-01 16:02:05,1970-01-01 08:13:41,1970-01-01 05:31:24,1970-01-01 02:42:17,van,38,55.36978860172536,8.013408499671122,"defaultdict(<class 'int'>, {4: 23, 6: 15})",dhl,m,4,159.0,0.0,0.03773584905660377,0.9622641509433962,1.0,0.9636363636363636,1.0,171.78,20.597561359841833,188.17563055555559,16.65063055555556,209.02819191539737,4.184210526315789,False
freight_dhl_31319_1_veh_cep_size_l_7_1,28110,57524,29414,20098,9316,1970-01-01 07:48:30,1970-01-01 15:58:44,1970-01-01 08:10:14,1970-01-01 05:34:58,1970-01-01 02:35:16,van,88,70.0824397052362,5.557725994574744,"defaultdict(<class 'int'>, {8: 83, 6: 5})",dhl,l,8,161.0,0.0,0.08074534161490683,0.9192546583850931,1.0,0.7,1.0,189.15,27.051821726221174,186.86060555555557,15.335605555555556,231.53742728177673,1.8295454545454546,False
freight_dhl_30655_veh_cep_size_l_7_3,28078,56506,28428,23681,4747,1970-01-01 07:47:58,1970-01-01 15:41:46,1970-01-01 07:53:48,1970-01-01 06:34:41,1970-01-01 01:19:07,van,17,29.703534783323715,7.100168408112718,"defaultdict(<class 'int'>, {4: 17})",dhl,l,4,196.0,0.0,0.05612244897959184,0.9438775510204082,1.0,0.8521739130434782,1.0,189.15,11.465564426362954,180.5967666666667,9.071766666666667,209.68733109302963,11.529411764705882,True
freight_fedex_30880_veh_cep_size_m_8_6,28110,65655,37545,14896,22649,1970-01-01 07:48:30,1970-01-01 18:14:15,1970-01-01 10:25:45,1970-01-01 04:08:16,1970-01-01 06:17:29,van,71,137.46976271703986,21.41348943520422,"defaultdict(<class 'int'>, {6: 41, 3: 15, 7: 15})",fedex,m,6,120.0,0.0,0.95,0.05,1.0,0.7272727272727273,1.0,171.78,51.138751730738825,238.5150416666667,66.99004166666667,289.9087933974055,1.6901408450704225,False
freight_dhl_30974_0_veh_cep_size_m_7_1,28074,55182,27108,19285,7823,1970-01-01 07:47:54,1970-01-01 15:19:42,1970-01-01 07:31:48,1970-01-01 05:21:25,1970-01-01 02:10:23,van,53,78.52469948157635,6.101012449848875,"defaultdict(<class 'int'>, {8: 14, 7: 39})",dhl,m,7,155.0,0.0,0.23225806451612904,0.7677419354838709,1.0,0.9393939393939394,1.0,171.78,29.211188207146403,172.21110000000002,0.6861,201.6772882071464,2.9245283018867925,False
freight_dhl_30539_veh_cep_size_l_7_1,28111,55869,27758,20576,7182,1970-01-01 07:48:31,1970-01-01 15:31:09,1970-01-01 07:42:38,1970-01-01 05:42:56,1970-01-01 01:59:42,van,52,51.92545534658507,10.279681220373426,"defaultdict(<class 'int'>, {4: 17, 5: 12, 7: 23})",dhl,l,7,218.0,0.0,0.38073394495412843,0.6192660550458715,1.0,0.9478260869565217,1.0,189.15,20.043225763781837,176.34040555555558,4.815405555555556,214.00863131933738,4.1923076923076925,True
freight_dhl_31515_0_veh_cep_size_m_7_6,28116,55649,27533,14583,12950,1970-01-01 07:48:36,1970-01-01 15:27:29,1970-01-01 07:38:53,1970-01-01 04:03:03,1970-01-01 03:35:50,van,59,117.84644601318503,10.096285834102837,"defaultdict(<class 'int'>, {6: 57, 7: 2})",dhl,m,6,119.0,0.0,0.03361344537815126,0.9663865546218487,1.0,0.7212121212121212,1.0,171.78,43.83887791690483,174.91103055555558,3.3860305555555557,219.0049084724604,2.016949152542373,False
freight_dhl_30655_veh_cep_size_l_7_2,28078,58779,30701,21425,9276,1970-01-01 07:47:58,1970-01-01 16:19:39,1970-01-01 08:31:41,1970-01-01 05:57:05,1970-01-01 02:34:36,van,45,51.603858732342715,7.481419472886523,"defaultdict(<class 'int'>, {4: 44, 2: 1})",dhl,l,4,173.0,0.0,0.011560693641618497,0.9884393063583815,1.0,0.7521739130434782,1.0,189.15,19.919089470684288,195.03663055555558,23.51163055555556,232.58072002623987,3.8444444444444446,True
freight_dhl_31832_0_veh_cep_size_m_7_4,28120,56392,28272,16899,11373,1970-01-01 07:48:40,1970-01-01 15:39:52,1970-01-01 07:51:12,1970-01-01 04:41:39,1970-01-01 03:09:33,van,72,92.80693660516978,11.784962714897446,"defaultdict(<class 'int'>, {8: 39, 7: 33})",dhl,m,8,136.0,0.0,0.08823529411764706,0.9117647058823529,1.0,0.8242424242424242,1.0,171.78,34.524180417123155,179.60573333333335,8.080733333333335,214.3849137504565,1.8888888888888888,False
freight_dhl_30926_1_veh_cep_size_m_7_1,28122,56087,27965,19139,8826,1970-01-01 07:48:42,1970-01-01 15:34:47,1970-01-01 07:46:05,1970-01-01 05:18:59,1970-01-01 02:27:06,van,63,60.648987237155815,6.7351446864530535,"defaultdict(<class 'int'>, {8: 37, 4: 26})",dhl,m,8,153.0,0.0,0.05228758169934641,0.9477124183006536,1.0,0.9272727272727272,1.0,171.78,22.561423252221964,177.65543055555557,6.130430555555556,200.47185380777753,2.4285714285714284,False
freight_hermes_30161_veh_cep_size_l_7_2,28123,57173,29050,21622,7428,1970-01-01 07:48:43,1970-01-01 15:52:53,1970-01-01 08:04:10,1970-01-01 06:00:22,1970-01-01 02:03:48,van,64,53.78987114847207,10.827258245998253,"defaultdict(<class 'int'>, {2: 42, 3: 11, 1: 11})",hermes,l,2,175.0,0.0,0.04,0.96,1.0,0.7608695652173914,1.0,189.15,20.762890263310222,184.54819444444445,13.023194444444446,222.93608470775467,2.734375,True
freight_dhl_31832_0_veh_cep_size_m_7_3,28120,54088,25968,15472,10496,1970-01-01 07:48:40,1970-01-01 15:01:28,1970-01-01 07:12:48,1970-01-01 04:17:52,1970-01-01 02:54:56,van,55,83.3103187301163,11.795260155525183,"defaultdict(<class 'int'>, {8: 1, 7: 54})",dhl,m,7,123.0,0.0,0.11382113821138211,0.8861788617886179,1.0,0.7454545454545455,1.0,171.78,30.99143856760326,164.96893333333335,0.0,202.77143856760327,2.2363636363636363,False
freight_dhl_30659_veh_cep_size_m_7_1,28099,59687,31588,20752,10836,1970-01-01 07:48:19,1970-01-01 16:34:47,1970-01-01 08:46:28,1970-01-01 05:45:52,1970-01-01 03:00:36,van,32,79.35221181101639,8.992591895233573,"defaultdict(<class 'int'>, {5: 25, 4: 7})",dhl,m,5,164.0,0.0,0.2073170731707317,0.7926829268292683,1.0,0.9939393939393939,1.0,171.78,29.519022793698095,200.67154444444446,29.146544444444448,230.44556723814256,5.125,True
freight_dpd_30559_veh_cep_size_l_7_2,28131,62791,34660,16888,17772,1970-01-01 07:48:51,1970-01-01 17:26:31,1970-01-01 09:37:40,1970-01-01 04:41:28,1970-01-01 04:56:12,van,70,111.03297094307904,11.91480748488008,"defaultdict(<class 'int'>, {4: 41, 5: 20, 6: 9})",dpd,l,4,134.0,0.0,0.23134328358208955,0.7686567164179104,1.0,0.5826086956521739,1.0,189.15,42.85872678402851,220.1872777777778,48.66227777777778,280.6710045618063,1.9142857142857144,True
freight_hermes_30855_0_veh_cep_size_m_8_1,28128,54606,26478,10544,15934,1970-01-01 07:48:48,1970-01-01 15:10:06,1970-01-01 07:21:18,1970-01-01 02:55:44,1970-01-01 04:25:34,van,49,117.32373697928938,8.118694004841512,"defaultdict(<class 'int'>, {6: 18, 4: 31})",hermes,m,4,86.0,0.0,0.05813953488372093,0.9418604651162791,1.0,0.5212121212121212,1.0,171.78,43.64443015629565,168.20885,0.0,215.42443015629564,1.7551020408163265,False
freight_dhl_30900_0_veh_cep_size_m_7_1,28139,59534,31395,18920,12475,1970-01-01 07:48:59,1970-01-01 16:32:14,1970-01-01 08:43:15,1970-01-01 05:15:20,1970-01-01 03:27:55,van,71,103.67263799926478,11.379786666199387,"defaultdict(<class 'int'>, {7: 65, 8: 5, 6: 1})",dhl,m,7,149.0,0.0,0.0738255033557047,0.9261744966442953,1.0,0.9030303030303031,1.0,171.78,38.566221335726496,199.44545833333336,27.920458333333336,238.26667966905984,2.0985915492957745,False
freight_dhl_30851_veh_cep_size_m_8_4,28102,56622,28520,20463,8057,1970-01-01 07:48:22,1970-01-01 15:43:42,1970-01-01 07:55:20,1970-01-01 05:41:03,1970-01-01 02:14:17,van,47,54.27055700238148,7.153948213924598,"defaultdict(<class 'int'>, {6: 47})",dhl,m,6,165.0,0.0,0.10303030303030303,0.896969696969697,1.0,1.0,1.0,171.78,20.18864720488591,181.18122222222223,9.656222222222222,201.62486942710814,3.5106382978723403,False
freight_dhl_30916_2_veh_cep_size_m_8_5,28146,64450,36304,17418,18886,1970-01-01 07:49:06,1970-01-01 17:54:10,1970-01-01 10:05:04,1970-01-01 04:50:18,1970-01-01 05:14:46,van,77,98.44095940141433,12.119094211272559,"defaultdict(<class 'int'>, {6: 77})",dhl,m,6,141.0,0.0,0.09219858156028368,0.9078014184397163,1.0,0.8545454545454545,1.0,171.78,36.62003689732613,230.63124444444446,59.10624444444445,267.50628134177055,1.8311688311688312,False
freight_dhl_30916_2_veh_cep_size_m_8_2,28146,55400,27254,20949,6305,1970-01-01 07:49:06,1970-01-01 15:23:20,1970-01-01 07:34:14,1970-01-01 05:49:09,1970-01-01 01:45:05,van,20,44.09681644019073,12.859922291399894,"defaultdict(<class 'int'>, {6: 19, 8: 1})",dhl,m,6,165.0,0.0,0.18787878787878787,0.8121212121212121,1.0,1.0,1.0,171.78,16.40401571575095,173.13860555555559,1.6136055555555557,189.7976212713065,8.25,False
freight_dhl_30455_veh_cep_size_l_7_6,28149,56836,28687,23325,5362,1970-01-01 07:49:09,1970-01-01 15:47:16,1970-01-01 07:58:07,1970-01-01 06:28:45,1970-01-01 01:29:22,van,33,31.893292978591674,4.13204254149441,"defaultdict(<class 'int'>, {4: 33})",dhl,l,4,222.0,0.0,0.04054054054054054,0.9594594594594594,1.0,0.9652173913043478,1.0,189.15,12.310811089736386,182.24213611111114,10.717136111111111,212.17794720084748,6.7272727272727275,True
freight_dhl_30851_veh_cep_size_m_8_2,28102,54171,26069,20446,5623,1970-01-01 07:48:22,1970-01-01 15:02:51,1970-01-01 07:14:29,1970-01-01 05:40:46,1970-01-01 01:33:43,van,32,38.75134493654308,7.098359480435335,"defaultdict(<class 'int'>, {6: 32})",dhl,m,6,165.0,0.0,0.15757575757575756,0.8424242424242424,1.0,1.0,1.0,171.78,14.415500316394025,165.6105638888889,0.0,186.19550031639403,5.15625,False
freight_fedex_30855_veh_cep_size_l_7_9,28153,56314,28161,17157,11004,1970-01-01 07:49:13,1970-01-01 15:38:34,1970-01-01 07:49:21,1970-01-01 04:45:57,1970-01-01 03:03:24,van,32,93.30134888630492,5.333869642674491,"defaultdict(<class 'int'>, {4: 19, 6: 8, 5: 5})",fedex,l,4,163.0,0.0,0.9079754601226994,0.09202453987730061,1.0,0.7086956521739131,1.0,189.15,36.0143206701137,178.900575,7.375575,232.5398956701137,5.09375,False
freight_dhl_30855_1_veh_cep_size_l_7_11,28156,53971,25815,21159,4656,1970-01-01 07:49:16,1970-01-01 14:59:31,1970-01-01 07:10:15,1970-01-01 05:52:39,1970-01-01 01:17:36,van,24,39.677333281722,4.117548147389792,"defaultdict(<class 'int'>, {4: 4, 6: 20})",dhl,l,6,170.0,0.0,0.13529411764705881,0.8647058823529412,1.0,0.7391304347826086,1.0,189.15,15.315450646744692,163.99695833333334,0.0,204.4654506467447,7.083333333333333,False
freight_hermes_30926_veh_cep_size_m_7_5,28158,54366,26208,16309,9899,1970-01-01 07:49:18,1970-01-01 15:06:06,1970-01-01 07:16:48,1970-01-01 04:31:49,1970-01-01 02:44:59,van,78,68.80368767145372,10.50334983134002,"defaultdict(<class 'int'>, {4: 78})",hermes,m,4,131.0,0.0,0.030534351145038167,0.9694656488549618,1.0,0.793939393939394,1.0,171.78,25.59497181378078,166.49360000000001,0.0,197.37497181378077,1.6794871794871795,False
freight_dhl_30519_0_veh_cep_size_l_7_5,28150,56121,27971,24291,3680,1970-01-01 07:49:10,1970-01-01 15:35:21,1970-01-01 07:46:11,1970-01-01 06:44:51,1970-01-01 01:01:20,van,25,26.34097463167016,7.762428728416531,"defaultdict(<class 'int'>, {3: 24, 4: 1})",dhl,l,3,199.0,0.0,0.05527638190954774,0.9447236180904522,1.0,0.8652173913043478,1.0,189.15,10.167616207824683,177.69354722222224,6.168547222222223,205.48616343004693,7.96,True
freight_dhl_30659_veh_cep_size_l_7_2,28106,57867,29761,22735,7026,1970-01-01 07:48:26,1970-01-01 16:04:27,1970-01-01 08:16:01,1970-01-01 06:18:55,1970-01-01 01:57:06,van,43,48.585414039471466,9.266110550651481,"defaultdict(<class 'int'>, {4: 43})",dhl,l,4,183.0,0.0,0.060109289617486336,0.9398907103825137,1.0,0.7956521739130434,1.0,189.15,18.753969819235987,189.06501944444446,17.540019444444447,225.44398926368044,4.255813953488372,True
freight_fedex_30855_veh_cep_size_l_7_10,28153,57759,29606,22557,7049,1970-01-01 07:49:13,1970-01-01 16:02:39,1970-01-01 08:13:26,1970-01-01 06:15:57,1970-01-01 01:57:29,van,27,60.212153259285536,6.751620913793389,"defaultdict(<class 'int'>, {4: 2, 6: 23, 5: 2})",fedex,l,6,184.0,0.0,0.8858695652173914,0.11413043478260869,1.0,0.8,1.0,189.15,23.24189115808422,188.08033888888892,16.55533888888889,228.94723004697312,6.814814814814815,False
freight_dhl_30539_veh_cep_size_l_7_3,28165,56540,28375,22412,5963,1970-01-01 07:49:25,1970-01-01 15:42:20,1970-01-01 07:52:55,1970-01-01 06:13:32,1970-01-01 01:39:23,van,42,42.36129710155699,8.783228124702545,"defaultdict(<class 'int'>, {4: 34, 5: 8})",dhl,l,4,181.0,0.0,0.027624309392265192,0.9723756906077348,1.0,0.7869565217391304,1.0,189.15,16.351460681201,180.26006944444447,8.735069444444445,214.23653012564543,4.309523809523809,True
freight_dhl_30855_0_veh_cep_size_m_7_9,28156,56672,28516,20096,8420,1970-01-01 07:49:16,1970-01-01 15:44:32,1970-01-01 07:55:16,1970-01-01 05:34:56,1970-01-01 02:20:20,van,20,59.855966435025366,7.660726984467459,"defaultdict(<class 'int'>, {4: 18, 6: 2})",dhl,m,4,165.0,0.0,0.048484848484848485,0.9515151515151515,1.0,1.0,1.0,171.78,22.266419513829437,181.15581111111112,9.630811111111113,203.67723062494056,8.25,False
freight_dhl_30519_0_veh_cep_size_l_7_4,28150,58288,30138,22666,7472,1970-01-01 07:49:10,1970-01-01 16:11:28,1970-01-01 08:22:18,1970-01-01 06:17:46,1970-01-01 02:04:32,van,43,45.23573855488152,7.967098477623459,"defaultdict(<class 'int'>, {3: 37, 4: 6})",dhl,l,3,185.0,0.0,0.0972972972972973,0.9027027027027027,1.0,0.8043478260869565,1.0,189.15,17.46099508218427,191.4600166666667,19.93501666666667,226.54601174885096,4.3023255813953485,True
freight_dhl_31275_0_veh_cep_size_m_7_7,28169,57889,29720,17381,12339,1970-01-01 07:49:29,1970-01-01 16:04:49,1970-01-01 08:15:20,1970-01-01 04:49:41,1970-01-01 03:25:39,van,72,111.96451701425482,4.069945510599217,"defaultdict(<class 'int'>, {6: 5, 7: 3, 8: 64})",dhl,m,8,138.0,0.0,0.07246376811594203,0.927536231884058,1.0,0.8363636363636363,1.0,171.78,41.6508003293028,188.80455555555557,17.279555555555557,230.71035588485836,1.9166666666666667,False
freight_dhl_30659_veh_cep_size_m_7_3,28117,57912,29795,20428,9367,1970-01-01 07:48:37,1970-01-01 16:05:12,1970-01-01 08:16:35,1970-01-01 05:40:28,1970-01-01 02:36:07,van,29,65.53900664933086,8.87630279829764,"defaultdict(<class 'int'>, {5: 14, 4: 15})",dhl,m,4,163.0,0.0,0.12269938650306748,0.8773006134969326,1.0,0.9878787878787879,1.0,171.78,24.38051047355108,189.2810138888889,17.75601388888889,213.91652436244,5.620689655172414,True
freight_hermes_30827_veh_cep_size_m_7_1,28174,55410,27236,14218,13018,1970-01-01 07:49:34,1970-01-01 15:23:30,1970-01-01 07:33:56,1970-01-01 03:56:58,1970-01-01 03:36:58,van,72,106.14835632754554,8.88893826744273,"defaultdict(<class 'int'>, {6: 72})",hermes,m,6,115.0,0.0,0.034782608695652174,0.9652173913043478,1.0,0.696969696969697,1.0,171.78,39.48718855384694,173.02425555555558,1.4992555555555558,212.7664441094025,1.5972222222222223,False
freight_dhl_30855_0_veh_cep_size_m_7_8,28156,58251,30095,15143,14952,1970-01-01 07:49:16,1970-01-01 16:10:51,1970-01-01 08:21:35,1970-01-01 04:12:23,1970-01-01 04:09:12,van,35,108.5800144825399,7.393289447620617,"defaultdict(<class 'int'>, {4: 35})",dhl,m,4,123.0,0.0,0.008130081300813009,0.991869918699187,1.0,0.7454545454545455,1.0,171.78,40.39176538750484,191.18684722222224,19.661847222222224,231.83361260972708,3.5142857142857142,False
freight_dhl_30449_veh_cep_size_l_7_5,28171,58316,30145,24038,6107,1970-01-01 07:49:31,1970-01-01 16:11:56,1970-01-01 08:22:25,1970-01-01 06:40:38,1970-01-01 01:41:47,van,40,28.834410508987666,4.1462001695864785,"defaultdict(<class 'int'>, {3: 40})",dhl,l,3,195.0,0.0,0.06153846153846154,0.9384615384615385,1.0,0.8478260869565217,1.0,189.15,11.130082456469239,191.50448611111113,19.979486111111115,220.25956856758035,4.875,True
freight_dhl_31275_0_veh_cep_size_m_7_6,28169,56003,27834,16176,11658,1970-01-01 07:49:29,1970-01-01 15:33:23,1970-01-01 07:43:54,1970-01-01 04:29:36,1970-01-01 03:14:18,van,80,99.99258138317694,4.519680206447499,"defaultdict(<class 'int'>, {6: 3, 8: 19, 7: 58})",dhl,m,7,131.0,0.0,0.06870229007633588,0.9312977099236641,1.0,0.793939393939394,1.0,171.78,37.19724027454182,176.8232166666667,5.298216666666667,214.2754569412085,1.6375,False
freight_dhl_30657_veh_cep_size_l_7_6,28151,56385,28234,24480,3754,1970-01-01 07:49:11,1970-01-01 15:39:45,1970-01-01 07:50:34,1970-01-01 06:48:00,1970-01-01 01:02:34,van,15,25.33464760994974,6.753998386912564,"defaultdict(<class 'int'>, {4: 15})",dhl,l,4,224.0,0.0,0.15178571428571427,0.8482142857142857,1.0,0.9739130434782609,1.0,189.15,9.7791739774406,179.3643277777778,7.839327777777778,206.76850175521838,14.933333333333334,True
freight_dhl_31515_0_veh_cep_size_m_7_7,28181,58190,30009,18123,11886,1970-01-01 07:49:41,1970-01-01 16:09:50,1970-01-01 08:20:09,1970-01-01 05:02:03,1970-01-01 03:18:06,van,60,108.96028371052083,8.281644399517706,"defaultdict(<class 'int'>, {8: 22, 7: 16, 6: 21, 5: 1})",dhl,m,8,143.0,0.0,0.09090909090909091,0.9090909090909091,1.0,0.8666666666666667,1.0,171.78,40.533225540313744,190.64050833333334,19.115508333333334,231.42873387364708,2.3833333333333333,False
freight_hermes_30855_0_veh_cep_size_m_8_4,28183,57230,29047,19796,9251,1970-01-01 07:49:43,1970-01-01 15:53:50,1970-01-01 08:04:07,1970-01-01 05:29:56,1970-01-01 02:34:11,van,57,73.92202848352657,7.772515491781916,"defaultdict(<class 'int'>, {6: 6, 4: 51})",hermes,m,4,160.0,0.0,0.05625,0.94375,1.0,0.9696969696969697,1.0,171.78,27.498994595871885,184.52913611111111,13.004136111111112,212.283130706983,2.807017543859649,False
freight_dhl_31832_0_veh_cep_size_m_7_6,28184,59177,30993,17949,13044,1970-01-01 07:49:44,1970-01-01 16:26:17,1970-01-01 08:36:33,1970-01-01 04:59:09,1970-01-01 03:37:24,van,77,99.4726878772231,9.918674379636862,"defaultdict(<class 'int'>, {7: 70, 8: 7})",dhl,m,7,144.0,0.0,0.08333333333333333,0.9166666666666666,1.0,0.8727272727272727,1.0,171.78,37.003839890326994,196.8916416666667,25.36664166666667,234.15048155699367,1.87012987012987,False
freight_dhl_30855_0_veh_cep_size_l_7_6,28156,55729,27573,22033,5540,1970-01-01 07:49:16,1970-01-01 15:28:49,1970-01-01 07:39:33,1970-01-01 06:07:13,1970-01-01 01:32:20,van,33,44.25238026052189,7.316029823588889,"defaultdict(<class 'int'>, {4: 33})",dhl,l,4,185.0,0.0,0.04864864864864865,0.9513513513513514,1.0,0.8043478260869565,1.0,189.15,17.08141878056145,175.16514166666667,3.640141666666667,209.87156044722812,5.606060606060606,False
freight_dhl_30625_veh_cep_size_l_7_6,28188,59299,31111,23188,7923,1970-01-01 07:49:48,1970-01-01 16:28:19,1970-01-01 08:38:31,1970-01-01 06:26:28,1970-01-01 02:12:03,van,44,43.17371709436734,9.481085746499534,"defaultdict(<class 'int'>, {3: 43, 4: 1})",dhl,l,3,188.0,0.0,0.07446808510638298,0.925531914893617,1.0,0.8173913043478261,1.0,189.15,16.665054798425793,197.64126944444448,26.11626944444445,231.93132424287023,4.2727272727272725,True
freight_dhl_30455_veh_cep_size_l_7_7,28184,59065,30881,21037,9844,1970-01-01 07:49:44,1970-01-01 16:24:25,1970-01-01 08:34:41,1970-01-01 05:50:37,1970-01-01 02:44:04,van,68,56.004833387191546,5.152549656742941,"defaultdict(<class 'int'>, {4: 68})",dhl,l,4,170.0,0.0,0.06470588235294118,0.9352941176470588,1.0,0.7391304347826086,1.0,189.15,21.617865687455936,196.18013055555556,24.65513055555556,235.4229962430115,2.5,True
freight_dhl_30179_veh_cep_size_l_7_3,28153,56843,28690,22867,5823,1970-01-01 07:49:13,1970-01-01 15:47:23,1970-01-01 07:58:10,1970-01-01 06:21:07,1970-01-01 01:37:03,van,26,38.40104620281593,6.204522035158575,"defaultdict(<class 'int'>, {4: 8, 5: 18})",dhl,l,5,194.0,0.0,0.1958762886597938,0.8041237113402062,1.0,0.8434782608695652,1.0,189.15,14.822803834286947,182.26119444444447,10.736194444444445,214.7089982787314,7.461538461538462,True
freight_fedex_30451_veh_cep_size_l_7_1,28189,59708,31519,19709,11810,1970-01-01 07:49:49,1970-01-01 16:35:08,1970-01-01 08:45:19,1970-01-01 05:28:29,1970-01-01 03:16:50,van,56,70.36545411658237,15.135138633899556,"defaultdict(<class 'int'>, {2: 49, 6: 5, 3: 2})",fedex,l,2,161.0,0.0,0.906832298136646,0.09316770186335403,1.0,0.7,1.0,189.15,27.161065289000796,200.2332027777778,28.70820277777778,245.01926806677858,2.875,True
freight_hermes_30855_0_veh_cep_size_l_7_6,28183,40106,11923,7754,4169,1970-01-01 07:49:43,1970-01-01 11:08:26,1970-01-01 03:18:43,1970-01-01 02:09:14,1970-01-01 01:09:29,van,24,37.11625435058921,8.424424573872383,"defaultdict(<class 'int'>, {4: 15, 6: 9})",hermes,l,4,62.0,0.0,0.06451612903225806,0.9354838709677419,1.0,0.26956521739130435,1.0,189.15,14.326874179327435,75.74416944444445,0.0,203.47687417932744,2.5833333333333335,False
freight_dhl_31832_0_veh_cep_size_m_7_5,28184,57883,29699,19837,9862,1970-01-01 07:49:44,1970-01-01 16:04:43,1970-01-01 08:14:59,1970-01-01 05:30:37,1970-01-01 02:44:22,van,50,90.49253126451949,9.674006999125792,"defaultdict(<class 'int'>, {7: 50})",dhl,m,7,159.0,0.0,0.07547169811320754,0.9245283018867925,1.0,0.9636363636363636,1.0,171.78,33.663221630401246,188.67114722222223,17.146147222222226,222.58936885262347,3.18,False
freight_dhl_30855_0_veh_cep_size_l_7_3,28156,54567,26411,22245,4166,1970-01-01 07:49:16,1970-01-01 15:09:27,1970-01-01 07:20:11,1970-01-01 06:10:45,1970-01-01 01:09:26,van,21,35.64819811307363,4.117548147389792,"defaultdict(<class 'int'>, {4: 21})",dhl,l,4,180.0,0.0,0.011111111111111112,0.9888888888888889,1.0,0.782608695652174,1.0,189.15,13.760204471646423,167.7832138888889,0.0,202.91020447164644,8.571428571428571,False
freight_dhl_30453_veh_cep_size_l_7_7,28184,57425,29241,19148,10093,1970-01-01 07:49:44,1970-01-01 15:57:05,1970-01-01 08:07:21,1970-01-01 05:19:08,1970-01-01 02:48:13,van,49,53.12809787180178,4.300012578529221,"defaultdict(<class 'int'>, {3: 17, 4: 4, 6: 28})",dhl,l,6,156.0,0.0,0.10897435897435898,0.8910256410256411,1.0,0.6782608695652174,1.0,189.15,20.507445778515486,185.76157500000002,14.236575000000002,223.89402077851548,3.183673469387755,True
freight_dhl_30853_veh_cep_size_l_7_6,28158,56558,28400,17539,10861,1970-01-01 07:49:18,1970-01-01 15:42:38,1970-01-01 07:53:20,1970-01-01 04:52:19,1970-01-01 03:01:01,van,60,88.67999503990083,7.900135193138657,"defaultdict(<class 'int'>, {6: 60})",dhl,l,6,142.0,0.0,0.11971830985915492,0.8802816901408451,1.0,0.6173913043478261,1.0,189.15,34.23047808540172,180.41888888888892,8.89388888888889,232.27436697429061,2.3666666666666667,False
freight_hermes_30855_0_veh_cep_size_l_7_2,28183,54330,26147,13824,12323,1970-01-01 07:49:43,1970-01-01 15:05:30,1970-01-01 07:15:47,1970-01-01 03:50:24,1970-01-01 03:25:23,van,33,94.61344553046631,8.67662184407289,"defaultdict(<class 'int'>, {4: 22, 6: 11})",hermes,l,4,108.0,0.0,0.037037037037037035,0.9629629629629629,1.0,0.46956521739130436,1.0,189.15,36.52078997475999,166.10608055555556,0.0,225.67078997476,3.272727272727273,False
freight_dhl_30855_0_veh_cep_size_l_7_2,28156,56249,28093,23647,4446,1970-01-01 07:49:16,1970-01-01 15:37:29,1970-01-01 07:48:13,1970-01-01 06:34:07,1970-01-01 01:14:06,van,18,37.70732273699102,7.686725339844371,"defaultdict(<class 'int'>, {4: 17, 6: 1})",dhl,l,4,201.0,0.0,0.06467661691542288,0.9353233830845771,1.0,0.8739130434782608,1.0,189.15,14.555026576478532,178.46858611111114,6.943586111111112,210.64861268758963,11.166666666666666,False
freight_dhl_30519_0_veh_cep_size_l_7_6,28192,56610,28418,22967,5451,1970-01-01 07:49:52,1970-01-01 15:43:30,1970-01-01 07:53:38,1970-01-01 06:22:47,1970-01-01 01:30:51,van,49,38.05293245184272,7.84116267575202,"defaultdict(<class 'int'>, {3: 21, 4: 28})",dhl,l,4,185.0,0.0,0.10270270270270271,0.8972972972972973,1.0,0.8043478260869565,1.0,189.15,14.68843192641129,180.53323888888892,9.00823888888889,212.84667081530017,3.7755102040816326,True
freight_dhl_30851_veh_cep_size_m_7_6,28158,58543,30385,19772,10613,1970-01-01 07:49:18,1970-01-01 16:15:43,1970-01-01 08:26:25,1970-01-01 05:29:32,1970-01-01 02:56:53,van,71,81.75857483144328,7.214939270848051,"defaultdict(<class 'int'>, {6: 70, 5: 1})",dhl,m,6,161.0,0.0,0.062111801242236024,0.937888198757764,1.0,0.9757575757575757,1.0,171.78,30.414189837296902,193.0291527777778,21.50415277777778,223.6983426150747,2.267605633802817,False
freight_dhl_30926_0_veh_cep_size_m_7_1,28211,57510,29299,15875,13424,1970-01-01 07:50:11,1970-01-01 15:58:30,1970-01-01 08:08:19,1970-01-01 04:24:35,1970-01-01 03:43:44,van,66,91.75875655370403,6.4017488939991685,"defaultdict(<class 'int'>, {8: 2, 7: 64})",dhl,m,7,127.0,0.0,0.07086614173228346,0.9291338582677166,1.0,0.7696969696969697,1.0,171.78,34.1342574379779,186.13003611111114,14.605036111111113,220.519293549089,1.9242424242424243,False
freight_hermes_30419_veh_cep_size_m_7_4,28199,57833,29634,18010,11624,1970-01-01 07:49:59,1970-01-01 16:03:53,1970-01-01 08:13:54,1970-01-01 05:00:10,1970-01-01 03:13:44,van,94,92.06994928017082,7.194063603646652,"defaultdict(<class 'int'>, {5: 84, 6: 10})",hermes,m,5,146.0,0.0,0.02054794520547945,0.9794520547945206,1.0,0.8848484848484849,1.0,171.78,34.250021132223544,188.2582166666667,16.733216666666667,222.7632377988902,1.553191489361702,True
freight_dhl_30855_0_veh_cep_size_l_7_10,28156,56086,27930,23397,4533,1970-01-01 07:49:16,1970-01-01 15:34:46,1970-01-01 07:45:30,1970-01-01 06:29:57,1970-01-01 01:15:33,van,25,36.39533466003674,5.90362682124527,"defaultdict(<class 'int'>, {4: 22, 6: 3})",dhl,l,4,200.0,0.0,0.07,0.93,1.0,0.8695652173913043,1.0,189.15,14.04859917877418,177.43308333333334,5.908083333333334,209.1066825121075,8.0,False
freight_dhl_31535_1_veh_cep_size_m_8_3,28217,55520,27303,15844,11459,1970-01-01 07:50:17,1970-01-01 15:25:20,1970-01-01 07:35:03,1970-01-01 04:24:04,1970-01-01 03:10:59,van,45,97.5738155070358,14.124455169838033,"defaultdict(<class 'int'>, {8: 18, 7: 27})",dhl,m,7,125.0,0.0,0.04,0.96,1.0,0.7575757575757576,1.0,171.78,36.29745936861732,173.44989166666667,1.924891666666667,210.002351035284,2.7777777777777777,False
freight_dhl_30952_0_veh_cep_size_l_7_1,28217,56358,28141,20987,7154,1970-01-01 07:50:17,1970-01-01 15:39:18,1970-01-01 07:49:01,1970-01-01 05:49:47,1970-01-01 01:59:14,van,52,55.229393592845,5.9174602560287,"defaultdict(<class 'int'>, {4: 28, 7: 5, 8: 19})",dhl,l,4,166.0,0.0,0.06626506024096386,0.9337349397590361,1.0,0.7217391304347827,1.0,189.15,21.31854592683817,178.77351944444447,7.248519444444445,217.71706537128262,3.1923076923076925,False
freight_dhl_30851_veh_cep_size_m_7_5,28158,55932,27774,20445,7329,1970-01-01 07:49:18,1970-01-01 15:32:12,1970-01-01 07:42:54,1970-01-01 05:40:45,1970-01-01 02:02:09,van,38,47.92408042899648,7.363748258316251,"defaultdict(<class 'int'>, {6: 36, 5: 2})",dhl,m,6,165.0,0.0,0.05454545454545454,0.9454545454545454,1.0,1.0,1.0,171.78,17.82775791958669,176.44205000000002,4.917050000000001,194.5248079195867,4.342105263157895,False
freight_dhl_30890_2_veh_cep_size_m_7_5,28222,56888,28666,19759,8907,1970-01-01 07:50:22,1970-01-01 15:48:08,1970-01-01 07:57:46,1970-01-01 05:29:19,1970-01-01 02:28:27,van,56,70.61854438382586,9.883055029477415,"defaultdict(<class 'int'>, {8: 19, 6: 31, 5: 6})",dhl,m,6,158.0,0.0,0.06329113924050633,0.9367088607594937,1.0,0.9575757575757575,1.0,171.78,26.27009851078322,182.1087277777778,10.58372777777778,208.63382628856098,2.8214285714285716,False
freight_dhl_30855_0_veh_cep_size_l_7_1,28156,54065,25909,21232,4677,1970-01-01 07:49:16,1970-01-01 15:01:05,1970-01-01 07:11:49,1970-01-01 05:53:52,1970-01-01 01:17:57,van,24,35.876668644133645,6.627316737413655,"defaultdict(<class 'int'>, {4: 9, 6: 15})",dhl,l,6,172.0,0.0,0.11046511627906977,0.8895348837209303,1.0,0.7478260869565218,1.0,189.15,13.848394096635587,164.59411944444446,0.0,202.9983940966356,7.166666666666667,False
freight_dhl_31535_1_veh_cep_size_m_8_2,28217,51673,23456,13419,10037,1970-01-01 07:50:17,1970-01-01 14:21:13,1970-01-01 06:30:56,1970-01-01 03:43:39,1970-01-01 02:47:17,van,47,85.14868914388855,15.204969761234711,"defaultdict(<class 'int'>, {8: 1, 7: 46})",dhl,m,7,104.0,0.0,0.09615384615384616,0.9038461538461539,1.0,0.6303030303030303,1.0,171.78,31.67531236152654,149.01075555555556,0.0,203.45531236152655,2.2127659574468086,False
freight_dhl_31515_2_veh_cep_size_m_7_2,28227,55850,27623,21121,6502,1970-01-01 07:50:27,1970-01-01 15:30:50,1970-01-01 07:40:23,1970-01-01 05:52:01,1970-01-01 01:48:22,van,41,42.153622603273725,4.2564511989754195,"defaultdict(<class 'int'>, {6: 35, 7: 6})",dhl,m,6,164.0,0.0,0.14634146341463414,0.8536585365853658,1.0,0.9939393939393939,1.0,171.78,15.681147608417826,175.48278055555556,3.957780555555556,191.4189281639734,4.0,False
freight_dhl_30173_veh_cep_size_l_7_3,28226,52683,24457,20265,4192,1970-01-01 07:50:26,1970-01-01 14:38:03,1970-01-01 06:47:37,1970-01-01 05:37:45,1970-01-01 01:09:52,van,21,27.88947213615965,7.782962423491428,"defaultdict(<class 'int'>, {5: 9, 2: 12})",dhl,l,2,168.0,0.0,0.05357142857142857,0.9464285714285714,1.0,0.7304347826086957,1.0,189.15,10.765336244557625,155.36988611111113,0.0,199.91533624455764,8.0,True
freight_dhl_30851_veh_cep_size_m_7_3,28158,54180,26022,19483,6539,1970-01-01 07:49:18,1970-01-01 15:03:00,1970-01-01 07:13:42,1970-01-01 05:24:43,1970-01-01 01:48:59,van,29,41.93797314350126,7.388519420340303,"defaultdict(<class 'int'>, {6: 29})",dhl,m,6,161.0,0.0,0.06832298136645963,0.9316770186335404,1.0,0.9757575757575757,1.0,171.78,15.60092600938247,165.31198333333336,0.0,187.38092600938248,5.551724137931035,False
freight_dhl_30938_1_veh_cep_size_m_7_7,28161,52147,23986,15828,8158,1970-01-01 07:49:21,1970-01-01 14:29:07,1970-01-01 06:39:46,1970-01-01 04:23:48,1970-01-01 02:15:58,van,33,72.82788436329614,10.447954038408627,"defaultdict(<class 'int'>, {6: 32, 7: 1})",dhl,m,6,125.0,0.0,0.16,0.84,1.0,0.7575757575757576,1.0,171.78,27.091972983146164,152.37772777777778,0.0,198.87197298314618,3.787878787878788,False
freight_dhl_30966_1_veh_cep_size_l_7_1,28231,56557,28326,19321,9005,1970-01-01 07:50:31,1970-01-01 15:42:37,1970-01-01 07:52:06,1970-01-01 05:22:01,1970-01-01 02:30:05,van,69,76.02336438686217,5.527902090252722,"defaultdict(<class 'int'>, {6: 1, 4: 40, 8: 27, 3: 1})",dhl,l,4,156.0,0.0,0.08333333333333333,0.9166666666666666,1.0,0.6782608695652174,1.0,189.15,29.345018653328797,179.94878333333335,8.423783333333335,226.91880198666215,2.260869565217391,False
freight_dhl_30657_veh_cep_size_l_7_8,28190,58123,29933,21194,8739,1970-01-01 07:49:50,1970-01-01 16:08:43,1970-01-01 08:18:53,1970-01-01 05:53:14,1970-01-01 02:25:39,van,57,56.96429920659971,6.453215595816141,"defaultdict(<class 'int'>, {4: 56, 2: 1})",dhl,l,4,172.0,0.0,0.0872093023255814,0.9127906976744186,1.0,0.7478260869565218,1.0,189.15,21.98821949374749,190.15769722222225,18.632697222222223,229.77091671596972,3.017543859649123,True
freight_dhl_31303_0_veh_cep_size_l_7_2,28242,55767,27525,14412,13113,1970-01-01 07:50:42,1970-01-01 15:29:27,1970-01-01 07:38:45,1970-01-01 04:00:12,1970-01-01 03:38:33,van,48,102.77316728967614,4.59729376182595,"defaultdict(<class 'int'>, {4: 29, 6: 19})",dhl,l,4,116.0,0.0,0.10344827586206896,0.896551724137931,1.0,0.5043478260869565,1.0,189.15,39.67044257381499,174.86020833333336,3.3352083333333336,232.15565090714833,2.4166666666666665,True
freight_dhl_30938_1_veh_cep_size_l_7_8,28161,52247,24086,11705,12381,1970-01-01 07:49:21,1970-01-01 14:30:47,1970-01-01 06:41:26,1970-01-01 03:15:05,1970-01-01 03:26:21,van,53,89.11398273406442,10.712443430409015,"defaultdict(<class 'int'>, {6: 47, 7: 6})",dhl,l,6,93.0,0.0,0.11827956989247312,0.8817204301075269,1.0,0.4043478260869565,1.0,189.15,34.39799733534887,153.01300555555557,0.0,223.54799733534887,1.7547169811320755,False
freight_dhl_30952_0_veh_cep_size_m_7_5,28236,57765,29529,18729,10800,1970-01-01 07:50:36,1970-01-01 16:02:45,1970-01-01 08:12:09,1970-01-01 05:12:09,1970-01-01 03:00:00,van,67,64.8092581020177,6.889083930934599,"defaultdict(<class 'int'>, {4: 67})",dhl,m,4,150.0,0.0,0.06666666666666667,0.9333333333333333,1.0,0.9090909090909091,1.0,171.78,24.10904401395058,187.59117500000002,16.066175,211.95521901395057,2.2388059701492535,False
freight_dhl_30657_veh_cep_size_l_7_7,28190,56479,28289,23198,5091,1970-01-01 07:49:50,1970-01-01 15:41:19,1970-01-01 07:51:29,1970-01-01 06:26:38,1970-01-01 01:24:51,van,20,33.18685532487106,6.3916512984800375,"defaultdict(<class 'int'>, {4: 20})",dhl,l,4,184.0,0.0,0.15760869565217392,0.842391304347826,1.0,0.8,1.0,189.15,12.81012615540023,179.71373055555557,8.188730555555557,210.1488567109558,9.2,True
freight_dhl_30989_0_veh_cep_size_m_7_3,28250,59152,30902,20005,10897,1970-01-01 07:50:50,1970-01-01 16:25:52,1970-01-01 08:35:02,1970-01-01 05:33:25,1970-01-01 03:01:37,van,72,73.60942231334438,6.814373665355084,"defaultdict(<class 'int'>, {4: 72})",dhl,m,4,163.0,0.0,0.08588957055214724,0.9141104294478528,1.0,0.9878787878787879,1.0,171.78,27.38270510056411,196.3135388888889,24.78853888888889,223.951243989453,2.263888888888889,False
freight_dhl_30938_1_veh_cep_size_l_7_3,28161,56517,28356,20154,8202,1970-01-01 07:49:21,1970-01-01 15:41:57,1970-01-01 07:52:36,1970-01-01 05:35:54,1970-01-01 02:16:42,van,42,68.10957898516399,10.156708450344585,"defaultdict(<class 'int'>, {6: 41, 7: 1})",dhl,l,6,172.0,0.0,0.2616279069767442,0.7383720930232558,1.0,0.7478260869565218,1.0,189.15,26.290297488273303,180.1393666666667,8.614366666666667,224.05466415493996,4.095238095238095,False
freight_dhl_30823_1_veh_cep_size_l_8_1,28258,58821,30563,22905,7658,1970-01-01 07:50:58,1970-01-01 16:20:21,1970-01-01 08:29:23,1970-01-01 06:21:45,1970-01-01 02:07:38,van,50,65.00703091032008,6.9901040631025255,"defaultdict(<class 'int'>, {6: 7, 4: 35, 5: 3, 8: 5})",dhl,l,4,202.0,0.0,0.13861386138613863,0.8613861386138614,1.0,0.8782608695652174,1.0,189.15,25.092713931383553,194.15994722222223,22.634947222222223,236.87766115360577,4.04,False
freight_dhl_30952_0_veh_cep_size_m_7_4,28236,57016,28780,20273,8507,1970-01-01 07:50:36,1970-01-01 15:50:16,1970-01-01 07:59:40,1970-01-01 05:37:53,1970-01-01 02:21:47,van,39,52.81986649672267,7.137984189941131,"defaultdict(<class 'int'>, {4: 39})",dhl,m,4,159.0,0.0,0.050314465408805034,0.949685534591195,1.0,0.9636363636363636,1.0,171.78,19.648990336780834,182.83294444444445,11.307944444444445,202.73693478122527,4.076923076923077,False
freight_dhl_30179_veh_cep_size_m_7_1,28190,57750,29560,20083,9477,1970-01-01 07:49:50,1970-01-01 16:02:30,1970-01-01 08:12:40,1970-01-01 05:34:43,1970-01-01 02:37:57,van,37,64.75115340903426,6.3916512984800375,"defaultdict(<class 'int'>, {4: 35, 5: 2})",dhl,m,4,159.0,0.0,0.03773584905660377,0.9622641509433962,1.0,0.9636363636363636,1.0,171.78,24.087429068160745,187.78811111111114,16.26311111111111,212.13054017927183,4.297297297297297,True
freight_dhl_31303_0_veh_cep_size_m_7_1,28260,53528,25268,16052,9216,1970-01-01 07:51:00,1970-01-01 14:52:08,1970-01-01 07:01:08,1970-01-01 04:27:32,1970-01-01 02:33:36,van,42,82.01901048834036,4.075957608920781,"defaultdict(<class 'int'>, {4: 18, 6: 24})",dhl,m,6,129.0,0.0,0.11627906976744186,0.8837209302325582,1.0,0.7818181818181819,1.0,171.78,30.51107190166261,160.5219888888889,0.0,202.2910719016626,3.0714285714285716,True
freight_dhl_30900_1_veh_cep_size_m_7_5,28203,55574,27371,19789,7582,1970-01-01 07:50:03,1970-01-01 15:26:14,1970-01-01 07:36:11,1970-01-01 05:29:49,1970-01-01 02:06:22,van,43,65.07243595382457,9.623780232826826,"defaultdict(<class 'int'>, {7: 28, 5: 7, 8: 8})",dhl,m,7,156.0,0.0,0.10256410256410256,0.8974358974358975,1.0,0.9454545454545454,1.0,171.78,24.20694617482274,173.88188055555557,2.3568805555555556,198.3438267303783,3.627906976744186,False
freight_dhl_30952_0_veh_cep_size_m_7_3,28236,56948,28712,17737,10975,1970-01-01 07:50:36,1970-01-01 15:49:08,1970-01-01 07:58:32,1970-01-01 04:55:37,1970-01-01 03:02:55,van,53,76.89560318295403,6.923443264902606,"defaultdict(<class 'int'>, {4: 25, 8: 27, 7: 1})",dhl,m,8,140.0,0.0,0.12857142857142856,0.8714285714285714,1.0,0.8484848484848485,1.0,171.78,28.6051643840589,182.40095555555558,10.875955555555556,211.26111993961445,2.641509433962264,False
freight_dhl_30853_veh_cep_size_l_7_8,28199,57017,28818,18647,10171,1970-01-01 07:49:59,1970-01-01 15:50:17,1970-01-01 08:00:18,1970-01-01 05:10:47,1970-01-01 02:49:31,van,57,68.3546008385217,6.990729011808931,"defaultdict(<class 'int'>, {6: 57})",dhl,l,6,152.0,0.0,0.23026315789473684,0.7697368421052632,1.0,0.6608695652173913,1.0,189.15,26.38487592366938,183.07435,11.54935,227.08422592366938,2.6666666666666665,False
freight_dhl_30989_0_veh_cep_size_l_7_2,28250,57909,29659,21867,7792,1970-01-01 07:50:50,1970-01-01 16:05:09,1970-01-01 08:14:19,1970-01-01 06:04:27,1970-01-01 02:09:52,van,40,54.10021129919078,7.325196493342717,"defaultdict(<class 'int'>, {4: 39, 8: 1})",dhl,l,4,176.0,0.0,0.1875,0.8125,1.0,0.7652173913043478,1.0,189.15,20.882681561487644,188.41703611111112,16.892036111111114,226.92471767259877,4.4,False
freight_dhl_30966_0_veh_cep_size_m_8_1,28271,56536,28265,20493,7772,1970-01-01 07:51:11,1970-01-01 15:42:16,1970-01-01 07:51:05,1970-01-01 05:41:33,1970-01-01 02:09:32,van,51,56.16885497471194,6.684231853466931,"defaultdict(<class 'int'>, {4: 5, 8: 46})",dhl,m,8,162.0,0.0,0.06172839506172839,0.9382716049382716,1.0,0.9818181818181818,1.0,171.78,20.894814050592842,179.5612638888889,8.03626388888889,200.71107793948173,3.176470588235294,False
freight_dhl_30900_1_veh_cep_size_l_7_6,28203,55812,27609,15368,12241,1970-01-01 07:50:03,1970-01-01 15:30:12,1970-01-01 07:40:09,1970-01-01 04:16:08,1970-01-01 03:24:01,van,63,99.61385848481164,9.327938171905183,"defaultdict(<class 'int'>, {7: 63})",dhl,l,7,124.0,0.0,0.10483870967741936,0.8951612903225806,1.0,0.5391304347826087,1.0,189.15,38.4509493751373,175.39384166666667,3.868841666666667,231.46979104180397,1.9682539682539681,False
freight_dhl_30938_0_veh_cep_size_m_7_6,28276,55921,27645,18911,8734,1970-01-01 07:51:16,1970-01-01 15:32:01,1970-01-01 07:40:45,1970-01-01 05:15:11,1970-01-01 02:25:34,van,56,72.29821029822041,8.54149400541563,"defaultdict(<class 'int'>, {7: 54, 8: 2})",dhl,m,7,149.0,0.0,0.08053691275167785,0.9194630872483222,1.0,0.9030303030303031,1.0,171.78,26.89493423093799,175.62254166666668,4.097541666666667,202.77247589760466,2.6607142857142856,False
freight_dhl_30952_0_veh_cep_size_m_7_2,28236,57287,29051,20219,8832,1970-01-01 07:50:36,1970-01-01 15:54:47,1970-01-01 08:04:11,1970-01-01 05:36:59,1970-01-01 02:27:12,van,56,64.05006016448971,7.83972535471078,"defaultdict(<class 'int'>, {4: 56})",dhl,m,4,159.0,0.0,0.08176100628930817,0.9182389937106918,1.0,0.9636363636363636,1.0,171.78,23.82662238119017,184.55454722222223,13.029547222222224,208.63616960341238,2.8392857142857144,False
freight_dhl_30659_veh_cep_size_l_7_5,28215,59094,30879,21902,8977,1970-01-01 07:50:15,1970-01-01 16:24:54,1970-01-01 08:34:39,1970-01-01 06:05:02,1970-01-01 02:29:37,van,47,53.89628690091576,8.018462552766906,"defaultdict(<class 'int'>, {4: 44, 5: 3})",dhl,l,4,175.0,0.0,0.10857142857142857,0.8914285714285715,1.0,0.7608695652173914,1.0,189.15,20.803966743753485,196.167425,24.642425000000003,234.5963917437535,3.723404255319149,True
freight_ups_30453_veh_cep_size_m_8_4,28283,47536,19253,8387,10866,1970-01-01 07:51:23,1970-01-01 13:12:16,1970-01-01 05:20:53,1970-01-01 02:19:47,1970-01-01 03:01:06,van,51,67.42017729762193,14.121289530415263,"defaultdict(<class 'int'>, {6: 19, 4: 20, 3: 12})",ups,m,4,68.0,0.0,0.75,0.25,1.0,0.4121212121212121,1.0,171.78,25.08030595471536,122.31003055555557,0.0,196.86030595471536,1.3333333333333333,True
freight_dhl_30900_1_veh_cep_size_l_7_3,28203,58481,30278,19621,10657,1970-01-01 07:50:03,1970-01-01 16:14:41,1970-01-01 08:24:38,1970-01-01 05:27:01,1970-01-01 02:57:37,van,64,85.18296269390065,9.490059821136414,"defaultdict(<class 'int'>, {7: 47, 6: 16, 8: 1})",dhl,l,7,155.0,0.0,0.05806451612903226,0.9419354838709677,1.0,0.6739130434782609,1.0,189.15,32.88062359984565,192.34940555555556,20.824405555555558,242.8550291554012,2.421875,False
freight_dhl_30938_0_veh_cep_size_m_7_5,28276,54503,26227,16529,9698,1970-01-01 07:51:16,1970-01-01 15:08:23,1970-01-01 07:17:07,1970-01-01 04:35:29,1970-01-01 02:41:38,van,52,70.19182812909754,9.368921482269437,"defaultdict(<class 'int'>, {7: 51, 8: 1})",dhl,m,7,131.0,0.0,0.04580152671755725,0.9541984732824428,1.0,0.793939393939394,1.0,171.78,26.111360064024286,166.6143027777778,0.0,197.8913600640243,2.519230769230769,False
freight_dhl_30880_1_veh_cep_size_l_7_5,28287,61108,32821,18765,14056,1970-01-01 07:51:27,1970-01-01 16:58:28,1970-01-01 09:07:01,1970-01-01 05:12:45,1970-01-01 03:54:16,van,49,74.35609369727794,7.115395081877124,"defaultdict(<class 'int'>, {6: 35, 3: 11, 7: 3})",dhl,l,6,151.0,0.0,0.12582781456953643,0.8741721854304636,1.0,0.6565217391304348,1.0,189.15,28.701452167149288,208.50451944444447,36.97951944444445,254.83097161159372,3.0816326530612246,False
freight_dhl_30173_veh_cep_size_l_7_2,28251,56068,27817,23328,4489,1970-01-01 07:50:51,1970-01-01 15:34:28,1970-01-01 07:43:37,1970-01-01 06:28:48,1970-01-01 01:14:49,van,30,30.437868331636952,7.58599045756128,"defaultdict(<class 'int'>, {2: 25, 5: 4, 4: 1})",dhl,l,2,191.0,0.0,0.09424083769633508,0.9057591623036649,1.0,0.8304347826086956,1.0,189.15,11.749017176011863,176.71521944444447,5.190219444444445,206.08923662045632,6.366666666666666,True
freight_dhl_30823_0_veh_cep_size_m_7_3,28287,56778,28491,19180,9311,1970-01-01 07:51:27,1970-01-01 15:46:18,1970-01-01 07:54:51,1970-01-01 05:19:40,1970-01-01 02:35:11,van,67,74.01112092197576,5.151029548527981,"defaultdict(<class 'int'>, {4: 54, 6: 13})",dhl,m,4,154.0,0.0,0.09090909090909091,0.9090909090909091,1.0,0.9333333333333333,1.0,171.78,27.532136982974983,180.99699166666667,9.471991666666668,208.78412864964164,2.298507462686567,False
freight_dhl_30657_veh_cep_size_l_7_3,28227,55951,27724,20045,7679,1970-01-01 07:50:27,1970-01-01 15:32:31,1970-01-01 07:42:04,1970-01-01 05:34:05,1970-01-01 02:07:59,van,42,53.403200070786575,8.015642718417226,"defaultdict(<class 'int'>, {4: 12, 8: 30})",dhl,l,8,189.0,0.0,0.31746031746031744,0.6825396825396826,1.0,0.8217391304347826,1.0,189.15,20.61363522732362,176.12441111111113,4.599411111111111,214.36304633843474,4.5,True
freight_dhl_30880_1_veh_cep_size_l_7_1,28287,58972,30685,19838,10847,1970-01-01 07:51:27,1970-01-01 16:22:52,1970-01-01 08:31:25,1970-01-01 05:30:38,1970-01-01 03:00:47,van,32,86.428590995151,6.889806914313194,"defaultdict(<class 'int'>, {6: 22, 7: 3, 3: 7})",dhl,l,6,157.0,0.0,0.09554140127388536,0.9044585987261147,1.0,0.6826086956521739,1.0,189.15,33.36143612412829,194.93498611111113,23.409986111111113,245.92142223523942,4.90625,False
freight_dhl_30900_1_veh_cep_size_l_7_2,28203,57413,29210,17167,12043,1970-01-01 07:50:03,1970-01-01 15:56:53,1970-01-01 08:06:50,1970-01-01 04:46:07,1970-01-01 03:20:43,van,50,105.89552945529064,9.240840973509984,"defaultdict(<class 'int'>, {7: 35, 8: 12, 6: 2, 5: 1})",dhl,l,7,137.0,0.0,0.10218978102189781,0.8978102189781022,1.0,0.5956521739130435,1.0,189.15,40.87567436974219,185.5646388888889,14.03963888888889,244.0653132586311,2.74,False
freight_dhl_31303_0_veh_cep_size_l_7_4,28279,57445,29166,19736,9430,1970-01-01 07:51:19,1970-01-01 15:57:25,1970-01-01 08:06:06,1970-01-01 05:28:56,1970-01-01 02:37:10,van,71,66.55825023700727,4.491756083422016,"defaultdict(<class 'int'>, {4: 70, 6: 1})",dhl,l,4,158.0,0.0,0.17088607594936708,0.8291139240506329,1.0,0.6869565217391305,1.0,189.15,25.69148459148481,185.28511666666668,13.760116666666669,228.60160125815148,2.2253521126760565,True
freight_dhl_30823_0_veh_cep_size_l_7_1,28287,56121,27834,21707,6127,1970-01-01 07:51:27,1970-01-01 15:35:21,1970-01-01 07:43:54,1970-01-01 06:01:47,1970-01-01 01:42:07,van,47,46.565217428992625,4.474583516804142,"defaultdict(<class 'int'>, {4: 47})",dhl,l,4,178.0,0.0,0.12921348314606743,0.8707865168539326,1.0,0.7739130434782608,1.0,189.15,17.974173927591153,176.8232166666667,5.298216666666667,212.42239059425782,3.7872340425531914,False
freight_ups_31515_veh_cep_size_m_8_1,28297,58551,30254,12309,17945,1970-01-01 07:51:37,1970-01-01 16:15:51,1970-01-01 08:24:14,1970-01-01 03:25:09,1970-01-01 04:59:05,van,73,176.42921874572664,27.616793314935713,"defaultdict(<class 'int'>, {6: 12, 7: 60, 8: 1})",ups,m,7,100.0,0.0,0.93,0.07,1.0,0.6060606060606061,1.0,171.78,65.6316693734103,192.1969388888889,20.671938888888892,258.0836082622992,1.36986301369863,False
freight_dhl_30173_veh_cep_size_l_7_6,28271,58689,30418,23754,6664,1970-01-01 07:51:11,1970-01-01 16:18:09,1970-01-01 08:26:58,1970-01-01 06:35:54,1970-01-01 01:51:04,van,49,45.99033561927497,6.871598849577309,"defaultdict(<class 'int'>, {2: 49})",dhl,l,2,194.0,0.0,0.12886597938144329,0.8711340206185567,1.0,0.8434782608695652,1.0,189.15,17.75226954904014,193.23879444444447,21.713794444444446,228.6160639934846,3.9591836734693877,True
freight_dhl_30539_veh_cep_size_l_7_4,28298,55885,27587,22235,5352,1970-01-01 07:51:38,1970-01-01 15:31:25,1970-01-01 07:39:47,1970-01-01 06:10:35,1970-01-01 01:29:12,van,36,39.5831284910915,7.9757679042573235,"defaultdict(<class 'int'>, {4: 31, 5: 5})",dhl,l,4,178.0,0.0,0.02247191011235955,0.9775280898876404,1.0,0.7739130434782608,1.0,189.15,15.27908759756132,175.25408055555556,3.729080555555556,208.1581681531169,4.944444444444445,True
freight_dhl_30880_0_veh_cep_size_l_7_1,28298,61780,33482,21103,12379,1970-01-01 07:51:38,1970-01-01 17:09:40,1970-01-01 09:18:02,1970-01-01 05:51:43,1970-01-01 03:26:19,van,61,77.78100640246383,7.3880072468362465,"defaultdict(<class 'int'>, {3: 4, 6: 56, 7: 1})",dhl,l,6,171.0,0.0,0.1286549707602339,0.8713450292397661,1.0,0.7434782608695653,1.0,189.15,30.02346847135104,212.7037055555556,41.17870555555556,260.3521740269066,2.80327868852459,False
freight_dhl_30179_veh_cep_size_l_7_4,28240,57670,29430,22961,6469,1970-01-01 07:50:40,1970-01-01 16:01:10,1970-01-01 08:10:30,1970-01-01 06:22:41,1970-01-01 01:47:49,van,36,42.038978140047156,6.267063970996664,"defaultdict(<class 'int'>, {4: 3, 5: 33})",dhl,l,5,189.0,0.0,0.10582010582010581,0.8941798941798942,1.0,0.8217391304347826,1.0,189.15,16.2270455620582,186.96225,15.43725,220.81429556205822,5.25,True
freight_dhl_30938_1_veh_cep_size_l_7_6,28249,54707,26458,15244,11214,1970-01-01 07:50:49,1970-01-01 15:11:47,1970-01-01 07:20:58,1970-01-01 04:14:04,1970-01-01 03:06:54,van,46,92.70534617273681,8.706507492540203,"defaultdict(<class 'int'>, {6: 45, 7: 1})",dhl,l,6,120.0,0.0,0.24166666666666667,0.7583333333333333,1.0,0.5217391304347826,1.0,189.15,35.78426362267641,168.08179444444445,0.0,224.9342636226764,2.608695652173913,False
freight_dhl_30173_veh_cep_size_l_7_5,28271,57172,28901,24689,4212,1970-01-01 07:51:11,1970-01-01 15:52:52,1970-01-01 08:01:41,1970-01-01 06:51:29,1970-01-01 01:10:12,van,29,28.68940671788303,6.697406852188523,"defaultdict(<class 'int'>, {2: 29})",dhl,l,2,202.0,0.0,0.07920792079207921,0.9207920792079208,1.0,0.8782608695652174,1.0,189.15,11.07411099310285,183.60163055555557,12.076630555555557,212.30074154865844,6.9655172413793105,True
freight_dhl_30974_0_veh_cep_size_m_7_4,28308,57276,28968,16011,12957,1970-01-01 07:51:48,1970-01-01 15:54:36,1970-01-01 08:02:48,1970-01-01 04:26:51,1970-01-01 03:35:57,van,55,91.10525703561615,5.375135741933698,"defaultdict(<class 'int'>, {8: 21, 7: 34})",dhl,m,7,127.0,0.0,0.07874015748031496,0.9212598425196851,1.0,0.7696969696969697,1.0,171.78,33.891155617249204,184.0272666666667,12.502266666666667,218.17342228391587,2.309090909090909,False
freight_dpd_30159_veh_cep_size_l_8_2,28308,61765,33457,21479,11978,1970-01-01 07:51:48,1970-01-01 17:09:25,1970-01-01 09:17:37,1970-01-01 05:57:59,1970-01-01 03:19:38,van,41,67.36107733286848,18.857405621157696,"defaultdict(<class 'int'>, {1: 40, 2: 1})",dpd,l,1,169.0,0.0,0.40236686390532544,0.5976331360946746,1.0,0.7347826086956522,1.0,189.15,26.001375850487232,212.54488611111114,41.01988611111111,256.17126196159836,4.121951219512195,True
freight_dhl_30659_veh_cep_size_l_7_6,28287,58871,30584,23577,7007,1970-01-01 07:51:27,1970-01-01 16:21:11,1970-01-01 08:29:44,1970-01-01 06:32:57,1970-01-01 01:56:47,van,32,44.29103261642009,7.047851721667141,"defaultdict(<class 'int'>, {4: 31, 5: 1})",dhl,l,4,191.0,0.0,0.07329842931937172,0.9267015706806283,1.0,0.8304347826086956,1.0,189.15,17.096338589938156,194.29335555555556,22.76835555555556,229.0146941454937,5.96875,True
freight_dhl_31303_0_veh_cep_size_l_7_5,28314,60380,32066,22315,9751,1970-01-01 07:51:54,1970-01-01 16:46:20,1970-01-01 08:54:26,1970-01-01 06:11:55,1970-01-01 02:42:31,van,68,64.35151085449975,4.266489401916667,"defaultdict(<class 'int'>, {4: 59, 7: 9})",dhl,l,4,180.0,0.0,0.14444444444444443,0.8555555555555555,1.0,0.782608695652174,1.0,189.15,24.839683189836904,203.70817222222223,32.183172222222225,246.17285541205914,2.6470588235294117,True
freight_dhl_30900_0_veh_cep_size_m_7_3,28249,57326,29077,17352,11725,1970-01-01 07:50:49,1970-01-01 15:55:26,1970-01-01 08:04:37,1970-01-01 04:49:12,1970-01-01 03:15:25,van,50,121.99637168447411,9.416239404326824,"defaultdict(<class 'int'>, {8: 26, 7: 24})",dhl,m,8,138.0,0.0,0.09420289855072464,0.9057971014492754,1.0,0.8363636363636363,1.0,171.78,45.38265026662437,184.71971944444445,13.194719444444445,230.35736971106883,2.76,False
freight_dhl_31535_1_veh_cep_size_m_8_4,28314,60631,32317,17448,14869,1970-01-01 07:51:54,1970-01-01 16:50:31,1970-01-01 08:58:37,1970-01-01 04:50:48,1970-01-01 04:07:49,van,75,103.97932557677149,7.688306141465477,"defaultdict(<class 'int'>, {7: 75})",dhl,m,7,137.0,0.0,0.11678832116788321,0.8832116788321168,1.0,0.8303030303030303,1.0,171.78,38.680309114558995,205.30271944444448,33.77771944444445,244.23802855900342,1.8266666666666667,False
freight_dhl_30173_veh_cep_size_l_7_4,28271,57735,29464,24673,4791,1970-01-01 07:51:11,1970-01-01 16:02:15,1970-01-01 08:11:04,1970-01-01 06:51:13,1970-01-01 01:19:51,van,22,30.7095077756513,6.839339284588378,"defaultdict(<class 'int'>, {2: 22})",dhl,l,2,206.0,0.0,0.09223300970873786,0.9077669902912622,1.0,0.8956521739130435,1.0,189.15,11.853870001401402,187.17824444444446,15.653244444444447,216.65711444584585,9.363636363636363,True
freight_dhl_30659_veh_cep_size_l_7_7,28289,59677,31388,23087,8301,1970-01-01 07:51:29,1970-01-01 16:34:37,1970-01-01 08:43:08,1970-01-01 06:24:47,1970-01-01 02:18:21,van,40,41.94287987655383,7.052982207608103,"defaultdict(<class 'int'>, {4: 39, 2: 1})",dhl,l,4,186.0,0.0,0.16129032258064516,0.8387096774193549,1.0,0.808695652173913,1.0,189.15,16.18995163234978,199.40098888888892,27.87598888888889,233.21594052123868,4.65,True
freight_dhl_31275_1_veh_cep_size_m_7_2,28322,53737,25415,16875,8540,1970-01-01 07:52:02,1970-01-01 14:55:37,1970-01-01 07:03:35,1970-01-01 04:41:15,1970-01-01 02:22:20,van,42,82.91134057609895,6.59835597669329,"defaultdict(<class 'int'>, {6: 42})",dhl,m,6,136.0,0.0,0.11029411764705882,0.8897058823529411,1.0,0.8242424242424242,1.0,171.78,30.84301869430881,161.45584722222225,0.0,202.62301869430883,3.238095238095238,False
freight_dhl_30855_0_veh_cep_size_l_7_12,28269,33626,5357,2792,2565,1970-01-01 07:51:09,1970-01-01 09:20:26,1970-01-01 01:29:17,1970-01-01 00:46:32,1970-01-01 00:42:45,van,12,21.521394414572757,5.691736074061548,"defaultdict(<class 'int'>, {4: 12})",dhl,l,4,23.0,0.0,0.0,1.0,1.0,0.1,1.0,189.15,8.307258244025084,34.03183055555556,0.0,197.4572582440251,1.9166666666666667,False
freight_hermes_30629_veh_cep_size_m_8_2,28324,58356,30032,17087,12945,1970-01-01 07:52:04,1970-01-01 16:12:36,1970-01-01 08:20:32,1970-01-01 04:44:47,1970-01-01 03:35:45,van,84,91.82203408899622,13.307219812446412,"defaultdict(<class 'int'>, {4: 84})",hermes,m,4,137.0,0.0,0.029197080291970802,0.9708029197080292,1.0,0.8303030303030303,1.0,171.78,34.157796681106596,190.78662222222223,19.261622222222226,225.19941890332882,1.630952380952381,True
freight_dhl_30539_veh_cep_size_l_7_6,28326,56171,27845,21495,6350,1970-01-01 07:52:06,1970-01-01 15:36:11,1970-01-01 07:44:05,1970-01-01 05:58:15,1970-01-01 01:45:50,van,51,49.104603044903094,7.777465229185531,"defaultdict(<class 'int'>, {4: 51})",dhl,l,4,172.0,0.0,0.05813953488372093,0.9418604651162791,1.0,0.7478260869565218,1.0,189.15,18.954376775332594,176.89309722222225,5.3680972222222225,213.47247399755483,3.372549019607843,True
freight_dhl_30539_veh_cep_size_l_7_5,28326,58100,29774,20285,9489,1970-01-01 07:52:06,1970-01-01 16:08:20,1970-01-01 08:16:14,1970-01-01 05:38:05,1970-01-01 02:38:09,van,50,64.48257191828093,8.650602761705594,"defaultdict(<class 'int'>, {5: 17, 4: 33})",dhl,l,4,162.0,0.0,0.030864197530864196,0.9691358024691358,1.0,0.7043478260869566,1.0,189.15,24.890272760456437,189.14760555555557,17.62260555555556,231.662878316012,3.24,True
freight_dhl_30519_0_veh_cep_size_m_8_7,28276,36588,8312,4801,3511,1970-01-01 07:51:16,1970-01-01 10:09:48,1970-01-01 02:18:32,1970-01-01 01:20:01,1970-01-01 00:58:31,van,18,27.66318976530758,7.256153969012971,"defaultdict(<class 'int'>, {3: 10, 2: 3, 4: 5})",dhl,m,3,39.0,0.0,0.20512820512820512,0.7948717948717948,1.0,0.23636363636363636,1.0,171.78,10.29070659269442,52.80428888888889,0.0,182.07070659269442,2.1666666666666665,True
freight_dhl_30419_1_veh_cep_size_l_7_3,28312,57407,29095,21993,7102,1970-01-01 07:51:52,1970-01-01 15:56:47,1970-01-01 08:04:55,1970-01-01 06:06:33,1970-01-01 01:58:22,van,37,50.29569991947296,5.875384698354829,"defaultdict(<class 'int'>, {5: 36, 6: 1})",dhl,l,5,176.0,0.0,0.06818181818181818,0.9318181818181818,1.0,0.7652173913043478,1.0,189.15,19.414140168916564,184.83406944444445,13.309069444444445,221.873209613361,4.756756756756757,True
freight_dhl_31275_1_veh_cep_size_m_7_1,28322,58586,30264,15033,15231,1970-01-01 07:52:02,1970-01-01 16:16:26,1970-01-01 08:24:24,1970-01-01 04:10:33,1970-01-01 04:13:51,van,40,170.09001698944445,6.843614351917471,"defaultdict(<class 'int'>, {6: 40})",dhl,m,6,121.0,0.0,0.03305785123966942,0.9669421487603306,1.0,0.7333333333333333,1.0,171.78,63.27348632007333,192.26046666666667,20.735466666666667,255.78895298674,3.025,False
freight_dhl_31319_0_veh_cep_size_m_7_1,28334,57891,29557,18576,10981,1970-01-01 07:52:14,1970-01-01 16:04:51,1970-01-01 08:12:37,1970-01-01 05:09:36,1970-01-01 03:03:01,van,64,78.74329002878493,8.520722591034968,"defaultdict(<class 'int'>, {8: 11, 6: 50, 7: 3})",dhl,m,6,145.0,0.0,0.0896551724137931,0.9103448275862069,1.0,0.8787878787878788,1.0,171.78,29.29250389070799,187.7690527777778,16.244052777777778,217.31655666848576,2.265625,False
freight_dhl_30900_0_veh_cep_size_m_7_5,28272,50300,22028,14970,7058,1970-01-01 07:51:12,1970-01-01 13:58:20,1970-01-01 06:07:08,1970-01-01 04:09:30,1970-01-01 01:57:38,van,44,55.05539149716112,7.478844225390659,"defaultdict(<class 'int'>, {7: 43, 6: 1})",dhl,m,7,120.0,0.0,0.075,0.925,1.0,0.7272727272727273,1.0,171.78,20.480605636943935,139.9389888888889,0.0,192.26060563694392,2.727272727272727,False
freight_dpd_31535_veh_cep_size_m_8_8,28332,56927,28595,7988,20607,1970-01-01 07:52:12,1970-01-01 15:48:47,1970-01-01 07:56:35,1970-01-01 02:13:08,1970-01-01 05:43:27,van,47,231.7454474313331,43.354115067448205,"defaultdict(<class 'int'>, {6: 35, 8: 11, 7: 1})",dpd,m,6,65.0,0.0,0.2,0.8,1.0,0.3939393939393939,1.0,171.78,86.20930644445592,181.65768055555557,10.132680555555556,268.1219870000115,1.3829787234042554,False
freight_dhl_30966_1_veh_cep_size_l_7_5,28293,56682,28389,20237,8152,1970-01-01 07:51:33,1970-01-01 15:44:42,1970-01-01 07:53:09,1970-01-01 05:37:17,1970-01-01 02:15:52,van,54,51.065463261247935,3.5157105591327977,"defaultdict(<class 'int'>, {4: 51, 6: 3})",dhl,l,4,163.0,0.0,0.25766871165644173,0.7423312883435583,1.0,0.7086956521739131,1.0,189.15,19.711268818841702,180.34900833333336,8.824008333333333,217.68527715217505,3.0185185185185186,False
freight_dhl_30655_veh_cep_size_l_7_7,28326,58147,29821,21441,8380,1970-01-01 07:52:06,1970-01-01 16:09:07,1970-01-01 08:17:01,1970-01-01 05:57:21,1970-01-01 02:19:40,van,51,49.4044614043909,6.472588529071328,"defaultdict(<class 'int'>, {4: 35, 2: 16})",dhl,l,4,173.0,0.0,0.14450867052023122,0.8554913294797688,1.0,0.7521739130434782,1.0,189.15,19.07012210209489,189.44618611111113,17.921186111111112,226.141308213206,3.392156862745098,True
freight_hermes_30827_veh_cep_size_m_8_2,28340,57216,28876,17314,11562,1970-01-01 07:52:20,1970-01-01 15:53:36,1970-01-01 08:01:16,1970-01-01 04:48:34,1970-01-01 03:12:42,van,75,95.53255246588569,8.318329677144918,"defaultdict(<class 'int'>, {6: 75})",hermes,m,6,138.0,0.0,0.043478260869565216,0.9565217391304348,1.0,0.8363636363636363,1.0,171.78,35.53810951730947,183.44281111111113,11.917811111111112,219.2359206284206,1.84,False
freight_dhl_30900_0_veh_cep_size_m_7_2,28272,56323,28051,18353,9698,1970-01-01 07:51:12,1970-01-01 15:38:43,1970-01-01 07:47:31,1970-01-01 05:05:53,1970-01-01 02:41:38,van,61,87.48114535978219,7.574491787623564,"defaultdict(<class 'int'>, {7: 3, 8: 58})",dhl,m,8,147.0,0.0,0.07482993197278912,0.9251700680272109,1.0,0.8909090909090909,1.0,171.78,32.542986073838975,178.20176944444447,6.676769444444445,210.99975551828342,2.4098360655737703,False
freight_dhl_30966_1_veh_cep_size_l_7_4,28293,60864,32571,20777,11794,1970-01-01 07:51:33,1970-01-01 16:54:24,1970-01-01 09:02:51,1970-01-01 05:46:17,1970-01-01 03:16:34,van,51,76.37218141172174,5.274568196101891,"defaultdict(<class 'int'>, {4: 38, 6: 13})",dhl,l,4,167.0,0.0,0.08383233532934131,0.9161676646706587,1.0,0.7260869565217392,1.0,189.15,29.479662024924593,206.91632500000003,35.391325,254.02098702492458,3.2745098039215685,False
freight_dhl_30655_veh_cep_size_l_7_6,28326,58198,29872,22777,7095,1970-01-01 07:52:06,1970-01-01 16:09:58,1970-01-01 08:17:52,1970-01-01 06:19:37,1970-01-01 01:58:15,van,43,44.183579880492694,6.08692041867527,"defaultdict(<class 'int'>, {4: 42, 2: 1})",dhl,l,4,185.0,0.0,0.17297297297297298,0.827027027027027,1.0,0.8043478260869565,1.0,189.15,17.05486183387018,189.7701777777778,18.24517777777778,224.45003961164795,4.3023255813953485,True
freight_dhl_31535_2_veh_cep_size_m_7_4,28349,66109,37760,18877,18883,1970-01-01 07:52:29,1970-01-01 18:21:49,1970-01-01 10:29:20,1970-01-01 05:14:37,1970-01-01 05:14:43,van,60,93.42679699450848,3.540780827548989,"defaultdict(<class 'int'>, {6: 60})",dhl,m,6,152.0,0.0,0.06578947368421052,0.9342105263157895,1.0,0.9212121212121213,1.0,171.78,34.75476848195716,239.8808888888889,68.3558888888889,274.89065737084604,2.533333333333333,False
freight_ups_30853_veh_cep_size_m_8_3,28350,54895,26545,18839,7706,1970-01-01 07:52:30,1970-01-01 15:14:55,1970-01-01 07:22:25,1970-01-01 05:13:59,1970-01-01 02:08:26,van,48,60.953715685033224,2.7392775212991,"defaultdict(<class 'int'>, {6: 48})",ups,m,6,152.0,0.0,0.75,0.25,1.0,0.9212121212121213,1.0,171.78,22.67478223483236,168.63448611111113,0.0,194.45478223483235,3.1666666666666665,False
freight_dhl_30966_0_veh_cep_size_l_7_3,28353,57527,29174,21043,8131,1970-01-01 07:52:33,1970-01-01 15:58:47,1970-01-01 08:06:14,1970-01-01 05:50:43,1970-01-01 02:15:31,van,63,60.17696634895816,6.92832464867755,"defaultdict(<class 'int'>, {4: 57, 8: 6})",dhl,l,4,170.0,0.0,0.041176470588235294,0.9588235294117647,1.0,0.7391304347826086,1.0,189.15,23.22830901069785,185.3359388888889,13.81093888888889,226.18924789958675,2.6984126984126986,False
freight_dhl_31275_1_veh_cep_size_l_8_3,28353,54699,26346,17949,8397,1970-01-01 07:52:33,1970-01-01 15:11:39,1970-01-01 07:19:06,1970-01-01 04:59:09,1970-01-01 02:19:57,van,55,66.31644814720148,5.758675823509989,"defaultdict(<class 'int'>, {6: 55})",dhl,l,6,145.0,0.0,0.05517241379310345,0.9448275862068966,1.0,0.6304347826086957,1.0,189.15,25.598148984819773,167.37028333333336,0.0,214.74814898481978,2.6363636363636362,False
freight_dhl_30900_0_veh_cep_size_m_7_6,28344,52244,23900,15248,8652,1970-01-01 07:52:24,1970-01-01 14:30:44,1970-01-01 06:38:20,1970-01-01 04:14:08,1970-01-01 02:24:12,van,47,84.50132295252929,5.360627305344411,"defaultdict(<class 'int'>, {7: 23, 6: 24})",dhl,m,6,120.0,0.0,0.08333333333333333,0.9166666666666666,1.0,0.7272727272727273,1.0,171.78,31.434492138340897,151.8313888888889,0.0,203.2144921383409,2.5531914893617023,False
freight_dhl_30173_veh_cep_size_l_7_7,28322,57614,29292,23528,5764,1970-01-01 07:52:02,1970-01-01 16:00:14,1970-01-01 08:08:12,1970-01-01 06:32:08,1970-01-01 01:36:04,van,40,39.63882661354809,6.510715262360204,"defaultdict(<class 'int'>, {2: 40})",dhl,l,2,192.0,0.0,0.22916666666666666,0.7708333333333334,1.0,0.8347826086956521,1.0,189.15,15.300587072829563,186.0855666666667,14.560566666666668,219.01115373949622,4.8,True
freight_dhl_31535_2_veh_cep_size_m_7_1,28349,57818,29469,14777,14692,1970-01-01 07:52:29,1970-01-01 16:03:38,1970-01-01 08:11:09,1970-01-01 04:06:17,1970-01-01 04:04:52,van,56,85.39364022192467,3.2616476525622673,"defaultdict(<class 'int'>, {6: 3, 7: 53})",dhl,m,7,118.0,0.0,0.11016949152542373,0.8898305084745762,1.0,0.7151515151515152,1.0,171.78,31.766434162555978,187.21000833333335,15.685008333333334,219.23144249588933,2.107142857142857,False
freight_ups_30853_veh_cep_size_m_7_2,28350,56033,27683,17517,10166,1970-01-01 07:52:30,1970-01-01 15:33:53,1970-01-01 07:41:23,1970-01-01 04:51:57,1970-01-01 02:49:26,van,46,78.41032471077374,2.5532128143557054,"defaultdict(<class 'int'>, {6: 46})",ups,m,6,143.0,0.0,0.8041958041958042,0.1958041958041958,1.0,0.8666666666666667,1.0,171.78,29.168640792407828,175.86394722222224,4.338947222222223,205.28758801463007,3.108695652173913,False
freight_dhl_31832_1_veh_cep_size_l_7_1,28360,56478,28118,17008,11110,1970-01-01 07:52:40,1970-01-01 15:41:18,1970-01-01 07:48:38,1970-01-01 04:43:28,1970-01-01 03:05:10,van,68,92.25253615438724,6.307200425551063,"defaultdict(<class 'int'>, {7: 60, 6: 8})",dhl,l,7,135.0,0.0,0.1111111111111111,0.8888888888888888,1.0,0.5869565217391305,1.0,189.15,35.609478955593474,178.62740555555558,7.102405555555556,231.86188451114901,1.9852941176470589,False
freight_dhl_31535_3_veh_cep_size_m_7_3,28360,57010,28650,15452,13198,1970-01-01 07:52:40,1970-01-01 15:50:10,1970-01-01 07:57:30,1970-01-01 04:17:32,1970-01-01 03:39:58,van,60,94.69729902054785,18.769323584817545,"defaultdict(<class 'int'>, {8: 43, 7: 17})",dhl,m,8,141.0,0.0,0.06382978723404255,0.9361702127659575,1.0,0.8545454545454545,1.0,171.78,35.2273952356438,182.00708333333336,10.482083333333334,217.48947856897712,2.35,False
freight_fedex_31515_veh_cep_size_l_7_4,28369,57391,29022,12245,16777,1970-01-01 07:52:49,1970-01-01 15:56:31,1970-01-01 08:03:42,1970-01-01 03:24:05,1970-01-01 04:39:37,van,56,162.7840974629854,28.567706495465398,"defaultdict(<class 'int'>, {6: 54, 7: 2})",fedex,l,6,99.0,0.0,0.8686868686868687,0.13131313131313133,1.0,0.43043478260869567,1.0,189.15,62.83466162071236,184.3703166666667,12.845316666666667,264.82997828737905,1.7678571428571428,False
freight_dhl_30823_0_veh_cep_size_m_7_4,28374,57262,28888,19045,9843,1970-01-01 07:52:54,1970-01-01 15:54:22,1970-01-01 08:01:28,1970-01-01 05:17:25,1970-01-01 02:44:03,van,66,63.96265542811119,4.506046160384706,"defaultdict(<class 'int'>, {4: 5, 6: 60, 8: 1})",dhl,m,6,152.0,0.0,0.11842105263157894,0.881578947368421,1.0,0.9212121212121213,1.0,171.78,23.794107819257363,183.51904444444446,11.994044444444446,207.56815226370182,2.303030303030303,False
freight_dhl_30952_1_veh_cep_size_m_7_5,28376,54721,26345,18813,7532,1970-01-01 07:52:56,1970-01-01 15:12:01,1970-01-01 07:19:05,1970-01-01 05:13:33,1970-01-01 02:05:32,van,40,43.30196094239905,3.8116935220672308,"defaultdict(<class 'int'>, {6: 40})",dhl,m,6,151.0,0.0,0.11920529801324503,0.8807947019867549,1.0,0.9151515151515152,1.0,171.78,16.108329470572446,167.36393055555558,0.0,187.88832947057244,3.775,False
freight_dpd_30974_veh_cep_size_l_7_2,28378,57179,28801,8843,19958,1970-01-01 07:52:58,1970-01-01 15:52:59,1970-01-01 08:00:01,1970-01-01 02:27:23,1970-01-01 05:32:38,van,54,192.1763148851248,31.72145146939452,"defaultdict(<class 'int'>, {8: 31, 7: 23})",dpd,l,8,71.0,0.0,0.11267605633802817,0.8873239436619719,1.0,0.30869565217391304,1.0,189.15,74.18005754565817,182.9663527777778,11.441352777777778,274.77141032343593,1.3148148148148149,False
freight_dhl_30823_0_veh_cep_size_l_7_5,28374,56189,27815,21323,6492,1970-01-01 07:52:54,1970-01-01 15:36:29,1970-01-01 07:43:35,1970-01-01 05:55:23,1970-01-01 01:48:12,van,54,43.450031467390296,4.908599410057304,"defaultdict(<class 'int'>, {4: 34, 6: 20})",dhl,l,4,171.0,0.0,0.19883040935672514,0.8011695906432749,1.0,0.7434782608695653,1.0,189.15,16.771712146412654,176.70251388888892,5.177513888888889,211.09922603530154,3.1666666666666665,False
freight_dhl_30974_0_veh_cep_size_l_8_3,28386,57017,28631,16055,12576,1970-01-01 07:53:06,1970-01-01 15:50:17,1970-01-01 07:57:11,1970-01-01 04:27:35,1970-01-01 03:29:36,van,55,99.12107357324771,5.177817694885121,"defaultdict(<class 'int'>, {8: 21, 7: 34})",dhl,l,7,127.0,0.0,0.05511811023622047,0.9448818897637795,1.0,0.5521739130434783,1.0,189.15,38.260734399273616,181.88638055555558,10.361380555555556,237.7721149548292,2.309090909090909,False
freight_dhl_31515_2_veh_cep_size_l_8_1,28386,61184,32798,21661,11137,1970-01-01 07:53:06,1970-01-01 16:59:44,1970-01-01 09:06:38,1970-01-01 06:01:01,1970-01-01 03:05:37,van,65,87.73517231326102,5.041477564294909,"defaultdict(<class 'int'>, {6: 47, 7: 8, 5: 10})",dhl,l,6,189.0,0.0,0.08994708994708994,0.91005291005291,1.0,0.8217391304347826,1.0,189.15,33.86577651291876,208.35840555555558,36.83340555555556,259.8491820684743,2.9076923076923076,False
freight_dhl_30938_0_veh_cep_size_m_7_8,28392,30415,2023,483,1540,1970-01-01 07:53:12,1970-01-01 08:26:55,1970-01-01 00:33:43,1970-01-01 00:08:03,1970-01-01 00:25:40,van,3,22.036419586128353,7.643295692384477,"defaultdict(<class 'int'>, {8: 3})",dhl,m,8,4.0,0.0,0.25,0.75,1.0,0.024242424242424242,1.0,171.78,8.197548086039747,12.851669444444445,0.0,179.97754808603975,1.3333333333333333,False
freight_hermes_30855_0_veh_cep_size_m_8_5,28394,57001,28607,16070,12537,1970-01-01 07:53:14,1970-01-01 15:50:01,1970-01-01 07:56:47,1970-01-01 04:27:50,1970-01-01 03:28:57,van,80,94.29990313818557,7.974976408830838,"defaultdict(<class 'int'>, {4: 74, 6: 6})",hermes,m,4,129.0,0.0,0.023255813953488372,0.9767441860465116,1.0,0.7818181818181819,1.0,171.78,35.07956396740503,181.7339138888889,10.20891388888889,217.06847785629392,1.6125,False
freight_dhl_31275_2_veh_cep_size_l_7_1,28395,59863,31468,14022,17446,1970-01-01 07:53:15,1970-01-01 16:37:43,1970-01-01 08:44:28,1970-01-01 03:53:42,1970-01-01 04:50:46,van,39,148.26325243797262,4.904132498393206,"defaultdict(<class 'int'>, {7: 15, 6: 16, 8: 8})",dhl,l,6,111.0,0.0,0.12612612612612611,0.8738738738738738,1.0,0.4826086956521739,1.0,189.15,57.22961544105743,199.90921111111112,28.384211111111114,274.76382655216855,2.8461538461538463,False
freight_dhl_30171_veh_cep_size_l_7_5,28398,54033,25635,22434,3201,1970-01-01 07:53:18,1970-01-01 15:00:33,1970-01-01 07:07:15,1970-01-01 06:13:54,1970-01-01 00:53:21,van,20,20.087835436234865,3.784843399389598,"defaultdict(<class 'int'>, {2: 20})",dhl,l,2,185.0,0.0,0.16216216216216217,0.8378378378378378,1.0,0.8043478260869565,1.0,189.15,7.753904478386658,162.85345833333335,0.0,196.90390447838666,9.25,True
freight_gls_30938_veh_cep_size_l_8_4,28399,55847,27448,10357,17091,1970-01-01 07:53:19,1970-01-01 15:30:47,1970-01-01 07:37:28,1970-01-01 02:52:37,1970-01-01 04:44:51,van,62,171.0987227812397,28.956504522996187,"defaultdict(<class 'int'>, {8: 1, 7: 7, 6: 54})",gls,l,6,83.0,0.0,0.1686746987951807,0.8313253012048193,1.0,0.36086956521739133,1.0,189.15,66.04410699355853,174.37104444444446,2.846044444444445,258.04015143800297,1.3387096774193548,False
freight_dhl_30900_0_veh_cep_size_l_8_4,28400,53934,25534,14122,11412,1970-01-01 07:53:20,1970-01-01 14:58:54,1970-01-01 07:05:34,1970-01-01 03:55:22,1970-01-01 03:10:12,van,65,106.63675118124516,8.060928830040236,"defaultdict(<class 'int'>, {7: 63, 8: 2})",dhl,l,7,114.0,0.0,0.09649122807017543,0.9035087719298246,1.0,0.4956521739130435,1.0,189.15,41.16178595596063,162.21182777777778,0.0,230.31178595596063,1.7538461538461538,False
freight_dhl_31303_1_veh_cep_size_l_7_3,28402,54129,25727,13722,12005,1970-01-01 07:53:22,1970-01-01 15:02:09,1970-01-01 07:08:47,1970-01-01 03:48:42,1970-01-01 03:20:05,van,48,87.59655076969747,5.857435368893592,"defaultdict(<class 'int'>, {8: 28, 7: 20})",dhl,l,8,108.0,0.0,0.08333333333333333,0.9166666666666666,1.0,0.46956521739130436,1.0,189.15,33.81226859710323,163.43791388888891,0.0,222.96226859710322,2.25,True
freight_dhl_30880_1_veh_cep_size_l_7_6,28402,58082,29680,20013,9667,1970-01-01 07:53:22,1970-01-01 16:08:02,1970-01-01 08:14:40,1970-01-01 05:33:33,1970-01-01 02:41:07,van,56,68.4437653177633,6.452816469845274,"defaultdict(<class 'int'>, {7: 13, 3: 8, 6: 35})",dhl,l,6,160.0,0.0,0.1,0.9,1.0,0.6956521739130435,1.0,189.15,26.419293412656632,188.55044444444445,17.025444444444446,232.59473785710108,2.857142857142857,False
freight_dhl_30926_0_veh_cep_size_l_8_3,28403,57422,29019,21576,7443,1970-01-01 07:53:23,1970-01-01 15:57:02,1970-01-01 08:03:39,1970-01-01 05:59:36,1970-01-01 02:04:03,van,61,55.37616673054545,4.2942420615252885,"defaultdict(<class 'int'>, {6: 23, 7: 13, 8: 25})",dhl,l,8,173.0,0.0,0.07514450867052024,0.9248554913294798,1.0,0.7521739130434782,1.0,189.15,21.375200357990543,184.35125833333336,12.826258333333335,223.35145869132387,2.8360655737704916,False
freight_ups_30659_veh_cep_size_m_8_2,28405,58418,30013,20164,9849,1970-01-01 07:53:25,1970-01-01 16:13:38,1970-01-01 08:20:13,1970-01-01 05:36:04,1970-01-01 02:44:09,van,61,69.13280401816999,8.910950651531527,"defaultdict(<class 'int'>, {4: 60, 5: 1})",ups,m,4,162.0,0.0,0.7716049382716049,0.22839506172839505,1.0,0.9818181818181818,1.0,171.78,25.717403094759238,190.66591944444446,19.140919444444446,216.6383225392037,2.6557377049180326,True
freight_dhl_30974_0_veh_cep_size_l_8_2,28386,56217,27831,18722,9109,1970-01-01 07:53:06,1970-01-01 15:36:57,1970-01-01 07:43:51,1970-01-01 05:12:02,1970-01-01 02:31:49,van,41,55.1414952332764,4.925859703413832,"defaultdict(<class 'int'>, {8: 40, 7: 1})",dhl,l,8,146.0,0.0,0.0684931506849315,0.9315068493150684,1.0,0.6347826086956522,1.0,189.15,21.284617160044693,176.80415833333336,5.279158333333334,215.71377549337802,3.5609756097560976,False
freight_dhl_30419_0_veh_cep_size_l_7_5,28402,57387,28985,23233,5752,1970-01-01 07:53:22,1970-01-01 15:56:27,1970-01-01 08:03:05,1970-01-01 06:27:13,1970-01-01 01:35:52,van,33,34.753763073223,4.9169326443782335,"defaultdict(<class 'int'>, {5: 32, 3: 1})",dhl,l,5,190.0,0.0,0.12631578947368421,0.8736842105263158,1.0,0.8260869565217391,1.0,189.15,13.414952546264077,184.13526388888891,12.61026388888889,215.17521643515298,5.757575757575758,True
freight_dhl_30827_1_veh_cep_size_l_7_2,28408,54534,26126,19248,6878,1970-01-01 07:53:28,1970-01-01 15:08:54,1970-01-01 07:15:26,1970-01-01 05:20:48,1970-01-01 01:54:38,van,30,47.96736901196981,4.384970762620403,"defaultdict(<class 'int'>, {6: 30})",dhl,l,6,153.0,0.0,0.0392156862745098,0.9607843137254902,1.0,0.6652173913043479,1.0,189.15,18.515404438620347,165.97267222222223,0.0,207.66540443862036,5.1,False
freight_dhl_30900_2_veh_cep_size_m_7_1,28410,57970,29560,16339,13221,1970-01-01 07:53:30,1970-01-01 16:06:10,1970-01-01 08:12:40,1970-01-01 04:32:19,1970-01-01 03:40:21,van,77,93.60848291230299,3.397479382773197,"defaultdict(<class 'int'>, {7: 71, 6: 1, 8: 1, 5: 4})",dhl,m,7,133.0,0.0,0.09774436090225563,0.9022556390977443,1.0,0.806060606060606,1.0,171.78,34.82235564337671,187.78811111111114,16.26311111111111,222.8654667544878,1.7272727272727273,False
freight_dhl_30966_0_veh_cep_size_l_7_4,28411,58222,29811,20246,9565,1970-01-01 07:53:31,1970-01-01 16:10:22,1970-01-01 08:16:51,1970-01-01 05:37:26,1970-01-01 02:39:25,van,57,77.93669761276233,7.178351335827934,"defaultdict(<class 'int'>, {4: 57})",dhl,l,4,161.0,0.0,0.055900621118012424,0.9440993788819876,1.0,0.7,1.0,189.15,30.08356527852626,189.38265833333335,17.857658333333337,237.09122361185962,2.824561403508772,False
freight_dhl_30926_0_veh_cep_size_l_8_6,28406,54333,25927,21556,4371,1970-01-01 07:53:26,1970-01-01 15:05:33,1970-01-01 07:12:07,1970-01-01 05:59:16,1970-01-01 01:12:51,van,42,28.467860531438003,3.7388797200571338,"defaultdict(<class 'int'>, {8: 4, 6: 38})",dhl,l,6,174.0,0.0,0.08620689655172414,0.9137931034482759,1.0,0.7565217391304347,1.0,189.15,10.98859416513507,164.70846944444446,0.0,200.1385941651351,4.142857142857143,False
freight_dhl_30629_veh_cep_size_l_8_5,28412,59261,30849,20894,9955,1970-01-01 07:53:32,1970-01-01 16:27:41,1970-01-01 08:34:09,1970-01-01 05:48:14,1970-01-01 02:45:55,van,79,70.04498539507388,5.537071342023305,"defaultdict(<class 'int'>, {5: 1, 4: 78})",dhl,l,4,170.0,0.0,0.041176470588235294,0.9588235294117647,1.0,0.7391304347826086,1.0,189.15,27.03736436249852,195.97684166666667,24.45184166666667,240.6392060291652,2.151898734177215,True
freight_dhl_30629_veh_cep_size_l_8_4,28412,57561,29149,22172,6977,1970-01-01 07:53:32,1970-01-01 15:59:21,1970-01-01 08:05:49,1970-01-01 06:09:32,1970-01-01 01:56:17,van,47,50.311917855740035,7.924152638943109,"defaultdict(<class 'int'>, {4: 46, 5: 1})",dhl,l,4,178.0,0.0,0.20786516853932585,0.7921348314606742,1.0,0.7739130434782608,1.0,189.15,19.420400292315655,185.17711944444446,13.652119444444446,222.22251973676012,3.7872340425531914,True
freight_ups_30659_veh_cep_size_m_8_1,28405,59274,30869,17729,13140,1970-01-01 07:53:25,1970-01-01 16:27:54,1970-01-01 08:34:29,1970-01-01 04:55:29,1970-01-01 03:39:00,van,54,105.89716710225647,10.782066382266096,"defaultdict(<class 'int'>, {5: 39, 4: 15})",ups,m,5,141.0,0.0,0.851063829787234,0.14893617021276595,1.0,0.8545454545454545,1.0,171.78,39.393746162039406,196.10389722222223,24.578897222222224,235.75264338426163,2.611111111111111,True
freight_dhl_30629_veh_cep_size_l_8_2,28412,57225,28813,22995,5818,1970-01-01 07:53:32,1970-01-01 15:53:45,1970-01-01 08:00:13,1970-01-01 06:23:15,1970-01-01 01:36:58,van,30,42.33788302906416,8.11809775428904,"defaultdict(<class 'int'>, {4: 30})",dhl,l,4,183.0,0.0,0.04371584699453552,0.9562841530054644,1.0,0.7956521739130434,1.0,189.15,16.342422849218767,183.04258611111112,11.517586111111113,217.01000896032988,6.1,True
freight_dpd_31275_veh_cep_size_m_7_3,28418,58019,29601,15058,14543,1970-01-01 07:53:38,1970-01-01 16:06:59,1970-01-01 08:13:21,1970-01-01 04:10:58,1970-01-01 04:02:23,van,101,116.0237128680649,4.559856739593306,"defaultdict(<class 'int'>, {6: 98, 7: 3})",dpd,m,6,123.0,0.0,0.14634146341463414,0.8536585365853658,1.0,0.7454545454545455,1.0,171.78,43.160821186920145,188.04857500000003,16.523575,231.46439618692014,1.2178217821782178,False
freight_dhl_30655_veh_cep_size_l_7_8,28417,56092,27675,23762,3913,1970-01-01 07:53:37,1970-01-01 15:34:52,1970-01-01 07:41:15,1970-01-01 06:36:02,1970-01-01 01:05:13,van,29,21.797428607865495,5.152786263296809,"defaultdict(<class 'int'>, {2: 23, 4: 6})",dhl,l,2,195.0,0.0,0.11282051282051282,0.8871794871794871,1.0,0.8478260869565217,1.0,189.15,8.413807442636081,175.813125,4.288125,201.8519324426361,6.724137931034483,True
freight_fedex_30453_veh_cep_size_m_8_3,28421,58806,30385,14172,16213,1970-01-01 07:53:41,1970-01-01 16:20:06,1970-01-01 08:26:25,1970-01-01 03:56:12,1970-01-01 04:30:13,van,80,109.60005537350283,16.038837508718508,"defaultdict(<class 'int'>, {4: 37, 6: 24, 3: 19})",fedex,m,4,115.0,0.0,0.8521739130434782,0.14782608695652175,1.0,0.696969696969697,1.0,171.78,40.77122059894305,193.0291527777778,21.50415277777778,234.05537337672084,1.4375,True
freight_dhl_30926_0_veh_cep_size_l_7_4,28406,57573,29167,19551,9616,1970-01-01 07:53:26,1970-01-01 15:59:33,1970-01-01 08:06:07,1970-01-01 05:25:51,1970-01-01 02:40:16,van,60,66.18978675787075,4.0361654871296375,"defaultdict(<class 'int'>, {8: 17, 6: 43})",dhl,l,6,157.0,0.0,0.05732484076433121,0.9426751592356688,1.0,0.6826086956521739,1.0,189.15,25.54925768853811,185.29146944444446,13.766469444444446,228.46572713298258,2.6166666666666667,False
freight_dhl_30989_0_veh_cep_size_m_7_5,28404,31342,2938,1237,1701,1970-01-01 07:53:24,1970-01-01 08:42:22,1970-01-01 00:48:58,1970-01-01 00:20:37,1970-01-01 00:28:21,van,7,11.801871161209773,3.543645843105466,"defaultdict(<class 'int'>, {8: 7})",dhl,m,8,10.0,0.0,0.0,1.0,1.0,0.06060606060606061,1.0,171.78,4.3902960719700355,18.664461111111113,0.0,176.17029607197003,1.4285714285714286,False
freight_dhl_30177_veh_cep_size_l_7_2,28417,60826,32409,22470,9939,1970-01-01 07:53:37,1970-01-01 16:53:46,1970-01-01 09:00:09,1970-01-01 06:14:30,1970-01-01 02:45:39,van,43,50.76488323941222,4.990253017887381,"defaultdict(<class 'int'>, {2: 42, 4: 1})",dhl,l,2,191.0,0.0,0.06806282722513089,0.9319371727748691,1.0,0.8304347826086956,1.0,189.15,19.595244930413116,205.887175,34.362175,243.10741993041313,4.441860465116279,True
freight_dhl_30625_veh_cep_size_l_8_7,28432,58165,29733,19770,9963,1970-01-01 07:53:52,1970-01-01 16:09:25,1970-01-01 08:15:33,1970-01-01 05:29:30,1970-01-01 02:46:03,van,63,59.9697895073568,7.271863201174865,"defaultdict(<class 'int'>, {3: 58, 4: 5})",dhl,l,3,161.0,0.0,0.07453416149068323,0.9254658385093167,1.0,0.7,1.0,189.15,23.148338749839727,188.88714166666668,17.36214166666667,229.6604804165064,2.5555555555555554,True
freight_dhl_31275_1_veh_cep_size_l_8_4,28432,57344,28912,18685,10227,1970-01-01 07:53:52,1970-01-01 15:55:44,1970-01-01 08:01:52,1970-01-01 05:11:25,1970-01-01 02:50:27,van,63,86.20353701351954,3.8476297910220465,"defaultdict(<class 'int'>, {6: 63})",dhl,l,6,149.0,0.0,0.12751677852348994,0.87248322147651,1.0,0.6478260869565218,1.0,189.15,33.27456528721854,183.67151111111113,12.146511111111112,234.57107639832967,2.365079365079365,False
freight_dhl_30823_1_veh_cep_size_l_8_2,28433,57804,29371,23350,6021,1970-01-01 07:53:53,1970-01-01 16:03:24,1970-01-01 08:09:31,1970-01-01 06:29:10,1970-01-01 01:40:21,van,39,50.23959423107765,5.094579750944177,"defaultdict(<class 'int'>, {8: 10, 4: 29})",dhl,l,4,186.0,0.0,0.11290322580645161,0.8870967741935484,1.0,0.808695652173913,1.0,189.15,19.392483373195976,186.58743611111112,15.062436111111113,223.6049194843071,4.769230769230769,False
freight_dhl_30625_veh_cep_size_l_8_4,28432,57477,29045,22565,6480,1970-01-01 07:53:52,1970-01-01 15:57:57,1970-01-01 08:04:05,1970-01-01 06:16:05,1970-01-01 01:48:00,van,29,40.64862299355962,8.274609188452212,"defaultdict(<class 'int'>, {3: 24, 4: 5})",dhl,l,3,218.0,0.0,0.0871559633027523,0.9128440366972477,1.0,0.9478260869565217,1.0,189.15,15.690368475514013,184.51643055555556,12.991430555555556,217.83179903106958,7.517241379310345,True
freight_dhl_30625_veh_cep_size_l_8_2,28432,59593,31161,20570,10591,1970-01-01 07:53:52,1970-01-01 16:33:13,1970-01-01 08:39:21,1970-01-01 05:42:50,1970-01-01 02:56:31,van,31,71.0422183804664,10.393082477944212,"defaultdict(<class 'int'>, {4: 23, 3: 8})",dhl,l,4,171.0,0.0,0.07602339181286549,0.9239766081871345,1.0,0.7434782608695653,1.0,189.15,27.42229629486003,197.95890833333334,26.433908333333335,243.00620462819336,5.516129032258065,True
freight_dhl_31515_2_veh_cep_size_m_8_3,28435,57817,29382,20138,9244,1970-01-01 07:53:55,1970-01-01 16:03:37,1970-01-01 08:09:42,1970-01-01 05:35:38,1970-01-01 02:34:04,van,38,55.808416080636384,3.9767958633031117,"defaultdict(<class 'int'>, {6: 15, 7: 23})",dhl,m,7,157.0,0.0,0.08917197452229299,0.910828025477707,1.0,0.9515151515151515,1.0,171.78,20.760730781996735,186.65731666666667,15.132316666666668,207.6730474486634,4.131578947368421,False
freight_dhl_30177_veh_cep_size_l_8_1,28418,57994,29576,23620,5956,1970-01-01 07:53:38,1970-01-01 16:06:34,1970-01-01 08:12:56,1970-01-01 06:33:40,1970-01-01 01:39:16,van,21,33.59823794634298,5.283605897456353,"defaultdict(<class 'int'>, {2: 21})",dhl,l,2,205.0,0.0,0.04390243902439024,0.9560975609756097,1.0,0.8913043478260869,1.0,189.15,12.968919847288388,187.88975555555558,16.364755555555558,218.48367540284394,9.761904761904763,True
freight_dhl_30880_1_veh_cep_size_m_8_4,28438,59555,31117,20442,10675,1970-01-01 07:53:58,1970-01-01 16:32:35,1970-01-01 08:38:37,1970-01-01 05:40:42,1970-01-01 02:57:55,van,36,62.10538056232716,6.374998726721877,"defaultdict(<class 'int'>, {6: 31, 7: 1, 3: 4})",dhl,m,6,158.0,0.0,0.13924050632911392,0.8607594936708861,1.0,0.9575757575757575,1.0,171.78,23.103201569185703,197.67938611111114,26.154386111111112,221.0375876802968,4.388888888888889,False
freight_dhl_30880_1_veh_cep_size_l_7_7,28438,30114,1676,242,1434,1970-01-01 07:53:58,1970-01-01 08:21:54,1970-01-01 00:27:56,1970-01-01 00:04:02,1970-01-01 00:23:54,van,2,19.5789879384536,6.155381746328535,"defaultdict(<class 'int'>, {6: 2})",dhl,l,6,2.0,0.0,0.5,0.5,1.0,0.008695652173913044,1.0,189.15,7.55748934424309,10.647255555555557,0.0,196.7074893442431,1.0,False
freight_hermes_30853_veh_cep_size_m_7_1,28441,59236,30795,17395,13400,1970-01-01 07:54:01,1970-01-01 16:27:16,1970-01-01 08:33:15,1970-01-01 04:49:55,1970-01-01 03:43:20,van,102,109.04073669850695,7.158563230552006,"defaultdict(<class 'int'>, {6: 102})",hermes,m,6,141.0,0.0,0.028368794326241134,0.9716312056737588,1.0,0.8545454545454545,1.0,171.78,40.563154051844585,195.6337916666667,24.10879166666667,236.45194571851124,1.3823529411764706,False
freight_dhl_30823_1_veh_cep_size_l_8_3,28435,55566,27131,21652,5479,1970-01-01 07:53:55,1970-01-01 15:26:06,1970-01-01 07:32:11,1970-01-01 06:00:52,1970-01-01 01:31:19,van,45,47.90997753628222,4.469087067241142,"defaultdict(<class 'int'>, {4: 40, 8: 5})",dhl,l,4,173.0,0.0,0.057803468208092484,0.9421965317919075,1.0,0.7521739130434782,1.0,189.15,18.493251329004938,172.3572138888889,0.8322138888888889,208.47546521789386,3.8444444444444446,False
freight_dhl_31515_1_veh_cep_size_m_7_2,28436,56755,28319,18180,10139,1970-01-01 07:53:56,1970-01-01 15:45:55,1970-01-01 07:51:59,1970-01-01 05:03:00,1970-01-01 02:48:59,van,58,65.79567497037843,2.585998153038899,"defaultdict(<class 'int'>, {6: 58})",dhl,m,6,146.0,0.0,0.11643835616438356,0.8835616438356164,1.0,0.8848484848484849,1.0,171.78,24.475991088980773,179.9043138888889,8.37931388888889,204.63530497786968,2.5172413793103448,False
freight_dhl_30989_0_veh_cep_size_m_7_4,28404,57131,28727,19702,9025,1970-01-01 07:53:24,1970-01-01 15:52:11,1970-01-01 07:58:47,1970-01-01 05:28:22,1970-01-01 02:30:25,van,55,54.61110372863772,3.706153436486609,"defaultdict(<class 'int'>, {8: 35, 4: 20})",dhl,m,8,157.0,0.0,0.1337579617834395,0.8662420382165605,1.0,0.9515151515151515,1.0,171.78,20.315330587053232,182.49624722222225,10.971247222222223,203.06657780927546,2.8545454545454545,False
freight_dhl_30159_veh_cep_size_l_7_1,28423,54083,25660,22294,3366,1970-01-01 07:53:43,1970-01-01 15:01:23,1970-01-01 07:07:40,1970-01-01 06:11:34,1970-01-01 00:56:06,van,19,20.09644298140174,3.432376510248936,"defaultdict(<class 'int'>, {1: 5, 2: 11, 5: 3})",dhl,l,2,206.0,0.0,0.15048543689320387,0.8495145631067961,1.0,0.8956521739130435,1.0,189.15,7.757226990821072,163.0122777777778,0.0,196.90722699082107,10.842105263157896,True
freight_dhl_30457_veh_cep_size_l_7_4,28448,56138,27690,21364,6326,1970-01-01 07:54:08,1970-01-01 15:35:38,1970-01-01 07:41:30,1970-01-01 05:56:04,1970-01-01 01:45:26,van,48,32.57582173320399,4.249057814943567,"defaultdict(<class 'int'>, {4: 48})",dhl,l,4,176.0,0.0,0.11931818181818182,0.8806818181818182,1.0,0.7652173913043478,1.0,189.15,12.574267189016739,175.90841666666668,4.383416666666667,206.10768385568343,3.6666666666666665,True
freight_dhl_31832_0_veh_cep_size_m_7_7,28453,52296,23843,15056,8787,1970-01-01 07:54:13,1970-01-01 14:31:36,1970-01-01 06:37:23,1970-01-01 04:10:56,1970-01-01 02:26:27,van,50,57.66114455566155,6.013441446522618,"defaultdict(<class 'int'>, {7: 50})",dhl,m,7,120.0,0.0,0.16666666666666666,0.8333333333333334,1.0,0.7272727272727273,1.0,171.78,21.449945774706098,151.46928055555557,0.0,193.2299457747061,2.4,False
freight_dhl_31515_1_veh_cep_size_l_7_1,28436,56474,28038,21372,6666,1970-01-01 07:53:56,1970-01-01 15:41:14,1970-01-01 07:47:18,1970-01-01 05:56:12,1970-01-01 01:51:06,van,38,48.99225040706203,3.0522524782554297,"defaultdict(<class 'int'>, {6: 38})",dhl,l,6,171.0,0.0,0.26900584795321636,0.7309941520467836,1.0,0.7434782608695653,1.0,189.15,18.911008657125944,178.11918333333335,6.5941833333333335,214.6551919904593,4.5,False
freight_dhl_30457_veh_cep_size_l_7_3,28448,56021,27573,21954,5619,1970-01-01 07:54:08,1970-01-01 15:33:41,1970-01-01 07:39:33,1970-01-01 06:05:54,1970-01-01 01:33:39,van,33,39.235580694111825,4.264072185675678,"defaultdict(<class 'int'>, {4: 33})",dhl,l,4,177.0,0.0,0.15254237288135594,0.847457627118644,1.0,0.7695652173913043,1.0,189.15,15.144934147927165,175.16514166666667,3.640141666666667,207.93507581459383,5.363636363636363,True
freight_fedex_30657_veh_cep_size_l_7_1,28457,57511,29054,20778,8276,1970-01-01 07:54:17,1970-01-01 15:58:31,1970-01-01 08:04:14,1970-01-01 05:46:18,1970-01-01 02:17:56,van,35,62.139246791454205,11.382247940930426,"defaultdict(<class 'int'>, {4: 25, 8: 10})",fedex,l,4,223.0,0.0,0.852017937219731,0.14798206278026907,1.0,0.9695652173913043,1.0,189.15,23.985749261501322,184.57360555555556,13.048605555555557,226.18435481705689,6.371428571428571,True
freight_dhl_30171_veh_cep_size_l_7_3,28427,55854,27427,25046,2381,1970-01-01 07:53:47,1970-01-01 15:30:54,1970-01-01 07:37:07,1970-01-01 06:57:26,1970-01-01 00:39:41,van,20,17.215059815182464,4.244067304728401,"defaultdict(<class 'int'>, {2: 20})",dhl,l,2,209.0,0.0,0.03827751196172249,0.9617224880382775,1.0,0.908695652173913,1.0,189.15,6.6450130886604315,174.23763611111113,2.7126361111111112,198.50764919977155,10.45,True
freight_dhl_30926_1_veh_cep_size_m_7_7,28462,53106,24644,15347,9297,1970-01-01 07:54:22,1970-01-01 14:45:06,1970-01-01 06:50:44,1970-01-01 04:15:47,1970-01-01 02:34:57,van,58,66.3234727510414,3.5684491708979116,"defaultdict(<class 'int'>, {7: 42, 6: 16})",dhl,m,7,123.0,0.0,0.08943089430894309,0.9105691056910569,1.0,0.7454545454545455,1.0,171.78,24.6723318633874,156.55785555555556,0.0,196.4523318633874,2.1206896551724137,False
freight_dhl_30880_0_veh_cep_size_l_8_6,28462,59405,30943,21098,9845,1970-01-01 07:54:22,1970-01-01 16:30:05,1970-01-01 08:35:43,1970-01-01 05:51:38,1970-01-01 02:44:05,van,49,60.639842373008726,7.021701899530148,"defaultdict(<class 'int'>, {3: 24, 7: 25})",dhl,l,7,171.0,0.0,0.19883040935672514,0.8011695906432749,1.0,0.7434782608695653,1.0,189.15,23.406979155981368,196.5740027777778,25.04900277777778,237.60598193375915,3.489795918367347,False
freight_dhl_31303_1_veh_cep_size_m_8_4,28463,55727,27264,18766,8498,1970-01-01 07:54:23,1970-01-01 15:28:47,1970-01-01 07:34:24,1970-01-01 05:12:46,1970-01-01 02:21:38,van,60,74.33276156826788,5.654965627102707,"defaultdict(<class 'int'>, {8: 46, 7: 12, 6: 2})",dhl,m,8,149.0,0.0,0.10067114093959731,0.8993288590604027,1.0,0.9030303030303031,1.0,171.78,27.651787303395654,173.20213333333334,1.6771333333333336,201.10892063672898,2.4833333333333334,True
freight_dhl_30880_0_veh_cep_size_l_8_5,28462,56625,28163,20514,7649,1970-01-01 07:54:22,1970-01-01 15:43:45,1970-01-01 07:49:23,1970-01-01 05:41:54,1970-01-01 02:07:29,van,38,51.55677300452879,7.622995699606117,"defaultdict(<class 'int'>, {3: 27, 7: 11})",dhl,l,3,183.0,0.0,0.1912568306010929,0.8087431693989071,1.0,0.7956521739130434,1.0,189.15,19.900914379748116,178.91328055555556,7.388280555555556,216.43919493530368,4.815789473684211,False
freight_dhl_31275_1_veh_cep_size_l_8_5,28465,56711,28246,22360,5886,1970-01-01 07:54:25,1970-01-01 15:45:11,1970-01-01 07:50:46,1970-01-01 06:12:40,1970-01-01 01:38:06,van,59,50.5850807519841,2.950187784392844,"defaultdict(<class 'int'>, {6: 59})",dhl,l,6,197.0,0.0,0.050761421319796954,0.949238578680203,1.0,0.8565217391304348,1.0,189.15,19.525841170265863,179.44056111111112,7.915561111111112,216.591402281377,3.3389830508474576,False
freight_dhl_30159_veh_cep_size_l_7_6,28439,52193,23754,19496,4258,1970-01-01 07:53:59,1970-01-01 14:29:53,1970-01-01 06:35:54,1970-01-01 05:24:56,1970-01-01 01:10:58,van,24,22.91170323372953,3.7363078829977394,"defaultdict(<class 'int'>, {1: 24})",dhl,l,1,160.0,0.0,0.43125,0.56875,1.0,0.6956521739130435,1.0,189.15,8.843917448219598,150.90388333333334,0.0,197.9939174482196,6.666666666666667,True
freight_dhl_30457_veh_cep_size_l_7_2,28448,56392,27944,23724,4220,1970-01-01 07:54:08,1970-01-01 15:39:52,1970-01-01 07:45:44,1970-01-01 06:35:24,1970-01-01 01:10:20,van,26,26.129380811636146,4.295116905050641,"defaultdict(<class 'int'>, {4: 26})",dhl,l,4,193.0,0.0,0.09844559585492228,0.9015544041450777,1.0,0.8391304347826087,1.0,189.15,10.085940993291553,177.52202222222223,5.997022222222223,205.2329632155138,7.423076923076923,True
freight_dhl_30880_0_veh_cep_size_l_8_4,28462,55351,26889,22517,4372,1970-01-01 07:54:22,1970-01-01 15:22:31,1970-01-01 07:28:09,1970-01-01 06:15:17,1970-01-01 01:12:52,van,23,37.628659783325126,7.692494769533361,"defaultdict(<class 'int'>, {3: 19, 7: 4})",dhl,l,3,191.0,0.0,0.23036649214659685,0.7696335078534031,1.0,0.8304347826086956,1.0,189.15,14.5246626763635,170.8198416666667,0.0,203.6746626763635,8.304347826086957,False
freight_dhl_30926_0_veh_cep_size_m_8_5,28466,56913,28447,20420,8027,1970-01-01 07:54:26,1970-01-01 15:48:33,1970-01-01 07:54:07,1970-01-01 05:40:20,1970-01-01 02:13:47,van,60,54.813546064941185,4.890598773572982,"defaultdict(<class 'int'>, {8: 29, 6: 31})",dhl,m,6,164.0,0.0,0.10975609756097561,0.8902439024390244,1.0,0.9939393939393939,1.0,171.78,20.39063913615812,180.71746944444448,9.192469444444445,201.36310858060256,2.7333333333333334,False
freight_dhl_31832_0_veh_cep_size_l_8_2,28471,57366,28895,19837,9058,1970-01-01 07:54:31,1970-01-01 15:56:06,1970-01-01 08:01:35,1970-01-01 05:30:37,1970-01-01 02:30:58,van,38,74.62396415603153,6.185838405133127,"defaultdict(<class 'int'>, {7: 27, 8: 11})",dhl,l,7,175.0,0.0,0.16,0.84,1.0,0.7608695652173914,1.0,189.15,28.804850164228174,183.5635138888889,12.03851388888889,229.9933640531171,4.605263157894737,False
freight_dhl_30880_0_veh_cep_size_l_8_3,28462,58622,30160,22425,7735,1970-01-01 07:54:22,1970-01-01 16:17:02,1970-01-01 08:22:40,1970-01-01 06:13:45,1970-01-01 02:08:55,van,38,56.09560837522308,9.821307483058389,"defaultdict(<class 'int'>, {6: 23, 3: 15})",dhl,l,6,185.0,0.0,0.1945945945945946,0.8054054054054054,1.0,0.8043478260869565,1.0,189.15,21.65290483283611,191.5997777777778,20.07477777777778,230.87768261061387,4.868421052631579,False
freight_dhl_31275_1_veh_cep_size_l_7_6,28465,57578,29113,21647,7466,1970-01-01 07:54:25,1970-01-01 15:59:38,1970-01-01 08:05:13,1970-01-01 06:00:47,1970-01-01 02:04:26,van,63,58.961681190947985,3.2808194939208053,"defaultdict(<class 'int'>, {6: 63})",dhl,l,6,173.0,0.0,0.06936416184971098,0.930635838150289,1.0,0.7521739130434782,1.0,189.15,22.75920893970592,184.94841944444445,13.423419444444447,225.33262838415038,2.746031746031746,False
freight_dhl_30880_0_veh_cep_size_l_8_2,28462,59091,30629,23216,7413,1970-01-01 07:54:22,1970-01-01 16:24:51,1970-01-01 08:30:29,1970-01-01 06:26:56,1970-01-01 02:03:33,van,39,60.24257124903011,8.307213879190543,"defaultdict(<class 'int'>, {3: 5, 6: 32, 7: 2})",dhl,l,6,218.0,0.0,0.11467889908256881,0.8853211009174312,1.0,0.9478260869565217,1.0,189.15,23.253632502125622,194.57923055555557,23.05423055555556,235.45786305768118,5.589743589743589,False
freight_dhl_30827_1_veh_cep_size_m_7_5,28477,51509,23032,15760,7272,1970-01-01 07:54:37,1970-01-01 14:18:29,1970-01-01 06:23:52,1970-01-01 04:22:40,1970-01-01 02:01:12,van,41,53.12283206066692,3.7272747672070135,"defaultdict(<class 'int'>, {6: 41})",dhl,m,6,125.0,0.0,0.056,0.944,1.0,0.7575757575757576,1.0,171.78,19.761693526568095,146.3171777777778,0.0,191.5416935265681,3.048780487804878,False
freight_dhl_30159_veh_cep_size_l_7_5,28439,56720,28281,24467,3814,1970-01-01 07:53:59,1970-01-01 15:45:20,1970-01-01 07:51:21,1970-01-01 06:47:47,1970-01-01 01:03:34,van,25,19.74082246286133,3.4106872935793184,"defaultdict(<class 'int'>, {1: 25})",dhl,l,1,198.0,0.0,0.3333333333333333,0.6666666666666666,1.0,0.8608695652173913,1.0,189.15,7.619957470664474,179.66290833333335,8.137908333333334,204.90786580399782,7.92,True
freight_dhl_30926_0_veh_cep_size_m_8_2,28466,55035,26569,18690,7879,1970-01-01 07:54:26,1970-01-01 15:17:15,1970-01-01 07:22:49,1970-01-01 05:11:30,1970-01-01 02:11:19,van,58,58.41606121684374,4.3123754823991005,"defaultdict(<class 'int'>, {6: 2, 7: 56})",dhl,m,7,150.0,0.0,0.07333333333333333,0.9266666666666666,1.0,0.9090909090909091,1.0,171.78,21.73077477266587,168.7869527777778,0.0,193.51077477266588,2.586206896551724,False
freight_dhl_31303_2_veh_cep_size_l_7_1,28484,61885,33401,22026,11375,1970-01-01 07:54:44,1970-01-01 17:11:25,1970-01-01 09:16:41,1970-01-01 06:07:06,1970-01-01 03:09:35,van,65,88.32367916241513,2.8861262829869156,"defaultdict(<class 'int'>, {4: 57, 6: 1, 8: 7})",dhl,l,4,176.0,0.0,0.21022727272727273,0.7897727272727273,1.0,0.7652173913043478,1.0,189.15,34.092940156692244,212.18913055555558,40.66413055555556,263.9070707122478,2.707692307692308,True
freight_fedex_30449_veh_cep_size_m_7_2,28486,62678,34192,17995,16197,1970-01-01 07:54:46,1970-01-01 17:24:38,1970-01-01 09:29:52,1970-01-01 04:59:55,1970-01-01 04:29:57,van,55,92.83308863620742,18.35662812502533,"defaultdict(<class 'int'>, {4: 4, 3: 51})",fedex,m,3,146.0,0.0,0.8356164383561644,0.1643835616438356,1.0,0.8848484848484849,1.0,171.78,34.53390897266916,217.2141777777778,45.68917777777778,252.00308675044695,2.6545454545454548,True
freight_dhl_31515_1_veh_cep_size_m_7_3,28487,56707,28220,17962,10258,1970-01-01 07:54:47,1970-01-01 15:45:07,1970-01-01 07:50:20,1970-01-01 04:59:22,1970-01-01 02:50:58,van,48,70.6856472663855,3.9785021165200347,"defaultdict(<class 'int'>, {6: 48})",dhl,m,6,143.0,0.0,0.11188811188811189,0.8881118881118881,1.0,0.8666666666666667,1.0,171.78,26.295060783095405,179.2753888888889,7.75038888888889,205.8254496719843,2.9791666666666665,False
freight_dhl_30159_veh_cep_size_l_7_10,28439,54555,26116,19461,6655,1970-01-01 07:53:59,1970-01-01 15:09:15,1970-01-01 07:15:16,1970-01-01 05:24:21,1970-01-01 01:50:55,van,24,33.53318678069183,3.760564884993548,"defaultdict(<class 'int'>, {1: 21, 3: 2, 2: 1})",dhl,l,1,175.0,0.0,0.14285714285714285,0.8571428571428571,1.0,0.7608695652173914,1.0,189.15,12.943810097347047,165.90914444444445,0.0,202.09381009734705,7.291666666666667,True
freight_dhl_31319_0_veh_cep_size_m_7_3,28488,57025,28537,20260,8277,1970-01-01 07:54:48,1970-01-01 15:50:25,1970-01-01 07:55:37,1970-01-01 05:37:40,1970-01-01 02:17:57,van,64,70.98612959086016,5.2282796270514815,"defaultdict(<class 'int'>, {8: 28, 6: 28, 7: 8})",dhl,m,8,162.0,0.0,0.1111111111111111,0.8888888888888888,1.0,0.9818181818181818,1.0,171.78,26.40684020779998,181.28921944444446,9.764219444444445,207.95105965224442,2.53125,False
freight_dhl_30823_1_veh_cep_size_l_8_4,28486,56274,27788,21254,6534,1970-01-01 07:54:46,1970-01-01 15:37:54,1970-01-01 07:43:08,1970-01-01 05:54:14,1970-01-01 01:48:54,van,67,54.724679003085924,4.494855585849154,"defaultdict(<class 'int'>, {8: 62, 4: 5})",dhl,l,8,173.0,0.0,0.03468208092485549,0.9653179190751445,1.0,0.7521739130434782,1.0,189.15,21.123726095191167,176.5309888888889,5.005988888888889,215.27971498408004,2.582089552238806,False
freight_dhl_30457_veh_cep_size_l_7_6,28477,56174,27697,22968,4729,1970-01-01 07:54:37,1970-01-01 15:36:14,1970-01-01 07:41:37,1970-01-01 06:22:48,1970-01-01 01:18:49,van,35,30.975204833699994,2.9284540027217054,"defaultdict(<class 'int'>, {3: 15, 4: 20})",dhl,l,4,183.0,0.0,0.03278688524590164,0.9672131147540983,1.0,0.7956521739130434,1.0,189.15,11.956429065808198,175.95288611111113,4.427886111111111,205.53431517691934,5.228571428571429,True
freight_gls_30900_veh_cep_size_m_8_2,28496,65221,36725,11452,25273,1970-01-01 07:54:56,1970-01-01 18:07:01,1970-01-01 10:12:05,1970-01-01 03:10:52,1970-01-01 07:01:13,van,68,182.35396165652128,34.26432910924183,"defaultdict(<class 'int'>, {7: 10, 8: 46, 6: 7, 5: 5})",gls,m,8,92.0,0.0,0.010869565217391304,0.9891304347826086,1.0,0.5575757575757576,1.0,171.78,67.83567373622591,233.30576388888892,61.78076388888889,301.3964376251148,1.3529411764705883,False
freight_dhl_31832_1_veh_cep_size_m_7_3,28496,57362,28866,16090,12776,1970-01-01 07:54:56,1970-01-01 15:56:02,1970-01-01 08:01:06,1970-01-01 04:28:10,1970-01-01 03:32:56,van,56,85.2207936717736,1.6642486418100344,"defaultdict(<class 'int'>, {6: 56})",dhl,m,6,124.0,0.0,0.0967741935483871,0.9032258064516129,1.0,0.7515151515151515,1.0,171.78,31.702135245899782,183.37928333333335,11.854283333333335,215.3364185792331,2.2142857142857144,False
freight_dhl_30419_0_veh_cep_size_l_8_4,28441,56424,27983,22148,5835,1970-01-01 07:54:01,1970-01-01 15:40:24,1970-01-01 07:46:23,1970-01-01 06:09:08,1970-01-01 01:37:15,van,36,40.111889215185634,5.570715534053613,"defaultdict(<class 'int'>, {5: 34, 3: 2})",dhl,l,5,180.0,0.0,0.1111111111111111,0.8888888888888888,1.0,0.782608695652174,1.0,189.15,15.483189237061655,177.76978055555557,6.244780555555556,210.87796979261722,5.0,True
freight_fedex_30449_veh_cep_size_m_8_3,28502,57730,29228,15219,14009,1970-01-01 07:55:02,1970-01-01 16:02:10,1970-01-01 08:07:08,1970-01-01 04:13:39,1970-01-01 03:53:29,van,43,76.35288386283104,17.72685855587642,"defaultdict(<class 'int'>, {3: 43})",fedex,m,3,123.0,0.0,0.8536585365853658,0.14634146341463414,1.0,0.7454545454545455,1.0,171.78,28.403272796973145,185.6789888888889,14.15398888888889,214.33726168586202,2.86046511627907,True
freight_dpd_30559_veh_cep_size_m_8_4,28504,48443,19939,8920,11019,1970-01-01 07:55:04,1970-01-01 13:27:23,1970-01-01 05:32:19,1970-01-01 02:28:40,1970-01-01 03:03:39,van,47,69.44279055044508,10.814190757121775,"defaultdict(<class 'int'>, {4: 30, 6: 17})",dpd,m,4,72.0,0.0,0.20833333333333334,0.7916666666666666,1.0,0.43636363636363634,1.0,171.78,25.83271808476557,126.66803611111112,0.0,197.61271808476556,1.5319148936170213,True
freight_dhl_31319_0_veh_cep_size_l_7_4,28504,63806,35302,24241,11061,1970-01-01 07:55:04,1970-01-01 17:43:26,1970-01-01 09:48:22,1970-01-01 06:44:01,1970-01-01 03:04:21,van,75,104.24197529970216,4.898127853758826,"defaultdict(<class 'int'>, {6: 69, 8: 6})",dhl,l,6,196.0,0.0,0.07142857142857142,0.9285714285714286,1.0,0.8521739130434782,1.0,189.15,40.23740246568504,224.26576111111112,52.74076111111112,282.12816357679617,2.6133333333333333,False
freight_dhl_31515_1_veh_cep_size_m_7_4,28505,52149,23644,16481,7163,1970-01-01 07:55:05,1970-01-01 14:29:09,1970-01-01 06:34:04,1970-01-01 04:34:41,1970-01-01 01:59:23,van,47,54.000709240006614,3.3888990694389194,"defaultdict(<class 'int'>, {6: 47})",dhl,m,6,130.0,0.0,0.09230769230769231,0.9076923076923077,1.0,0.7878787878787878,1.0,171.78,20.08826383728246,150.2050777777778,0.0,191.86826383728246,2.765957446808511,False
freight_dhl_31832_1_veh_cep_size_m_7_2,28496,55386,26890,18425,8465,1970-01-01 07:54:56,1970-01-01 15:23:06,1970-01-01 07:28:10,1970-01-01 05:07:05,1970-01-01 02:21:05,van,51,60.15557193982666,1.4813980763308943,"defaultdict(<class 'int'>, {6: 9, 8: 18, 7: 24})",dhl,m,7,144.0,0.0,0.09027777777777778,0.9097222222222222,1.0,0.8727272727272727,1.0,171.78,22.377872761615517,170.82619444444447,0.0,194.15787276161552,2.823529411764706,False
freight_dhl_30419_0_veh_cep_size_l_8_3,28441,56973,28532,22573,5959,1970-01-01 07:54:01,1970-01-01 15:49:33,1970-01-01 07:55:32,1970-01-01 06:16:13,1970-01-01 01:39:19,van,47,44.39643620242408,6.031725686601028,"defaultdict(<class 'int'>, {5: 46, 3: 1})",dhl,l,5,185.0,0.0,0.14054054054054055,0.8594594594594595,1.0,0.8043478260869565,1.0,189.15,17.137024374135695,181.25745555555557,9.732455555555557,216.01947992969127,3.9361702127659575,True
freight_dhl_30900_2_veh_cep_size_m_8_3,28511,59838,31327,13749,17578,1970-01-01 07:55:11,1970-01-01 16:37:18,1970-01-01 08:42:07,1970-01-01 03:49:09,1970-01-01 04:52:58,van,54,103.08947265609844,4.384211780859244,"defaultdict(<class 'int'>, {8: 45, 7: 9})",dhl,m,8,109.0,0.0,0.027522935779816515,0.9724770642201835,1.0,0.6606060606060606,1.0,171.78,38.34928382806862,199.01346944444447,27.488469444444448,237.61775327251308,2.0185185185185186,False
freight_dpd_30559_veh_cep_size_m_8_3,28504,63043,34539,16954,17585,1970-01-01 07:55:04,1970-01-01 17:30:43,1970-01-01 09:35:39,1970-01-01 04:42:34,1970-01-01 04:53:05,van,92,101.2884735450877,9.09491855307762,"defaultdict(<class 'int'>, {6: 62, 4: 26, 5: 4})",dpd,m,6,137.0,0.0,0.2773722627737226,0.7226277372262774,1.0,0.8303030303030303,1.0,171.78,37.679312158772625,219.41859166666669,47.89359166666667,257.3529038254393,1.4891304347826086,True
freight_dhl_30419_0_veh_cep_size_l_8_2,28441,56909,28468,23981,4487,1970-01-01 07:54:01,1970-01-01 15:48:29,1970-01-01 07:54:28,1970-01-01 06:39:41,1970-01-01 01:14:47,van,26,34.8899001093074,5.916286896467432,"defaultdict(<class 'int'>, {5: 25, 3: 1})",dhl,l,5,230.0,0.0,0.11739130434782609,0.8826086956521739,1.0,1.0,1.0,189.15,13.467501442192656,180.85087777777778,9.325877777777778,211.94337921997044,8.846153846153847,True
freight_dhl_30826_1_veh_cep_size_m_8_4,28521,55511,26990,19286,7704,1970-01-01 07:55:21,1970-01-01 15:25:11,1970-01-01 07:29:50,1970-01-01 05:21:26,1970-01-01 02:08:24,van,42,52.097888456489976,2.9153535467216867,"defaultdict(<class 'int'>, {7: 42})",dhl,m,7,153.0,0.0,0.09803921568627451,0.9019607843137255,1.0,0.9272727272727272,1.0,171.78,19.380414505814272,171.46147222222223,0.0,191.1604145058143,3.642857142857143,False
freight_dpd_30559_veh_cep_size_m_8_1,28504,56872,28368,14806,13562,1970-01-01 07:55:04,1970-01-01 15:47:52,1970-01-01 07:52:48,1970-01-01 04:06:46,1970-01-01 03:46:02,van,80,102.49131028956933,10.5819532635643,"defaultdict(<class 'int'>, {5: 1, 6: 2, 4: 77})",dpd,m,4,119.0,0.0,0.11764705882352941,0.8823529411764706,1.0,0.7212121212121212,1.0,171.78,38.12676742771979,180.21560000000002,8.690600000000002,218.59736742771977,1.4875,True
freight_dhl_31303_2_veh_cep_size_m_7_3,28523,56884,28361,17389,10972,1970-01-01 07:55:23,1970-01-01 15:48:04,1970-01-01 07:52:41,1970-01-01 04:49:49,1970-01-01 03:02:52,van,41,81.04296668576296,1.3247838775273553,"defaultdict(<class 'int'>, {8: 36, 4: 4, 6: 1})",dhl,m,8,138.0,0.0,0.10144927536231885,0.8985507246376812,1.0,0.8363636363636363,1.0,171.78,30.14798360710382,180.17113055555558,8.646130555555557,210.57411416265936,3.3658536585365852,True
freight_dhl_30419_0_veh_cep_size_l_8_1,28441,61192,32751,22271,10480,1970-01-01 07:54:01,1970-01-01 16:59:52,1970-01-01 09:05:51,1970-01-01 06:11:11,1970-01-01 02:54:40,van,49,89.47105791108373,7.70986506413875,"defaultdict(<class 'int'>, {5: 47, 4: 1, 6: 1})",dhl,l,5,180.0,0.0,0.07222222222222222,0.9277777777777778,1.0,0.782608695652174,1.0,189.15,34.53582835367832,208.05982500000002,36.534825000000005,260.2206533536783,3.673469387755102,True
freight_dhl_30826_1_veh_cep_size_m_7_1,28521,56438,27917,17772,10145,1970-01-01 07:55:21,1970-01-01 15:40:38,1970-01-01 07:45:17,1970-01-01 04:56:12,1970-01-01 02:49:05,van,59,78.06073701901089,1.9897954108339666,"defaultdict(<class 'int'>, {7: 41, 6: 1, 8: 17})",dhl,m,7,141.0,0.0,0.10638297872340426,0.8936170212765957,1.0,0.8545454545454545,1.0,171.78,29.03859417107205,177.35049722222223,5.825497222222222,206.64409139329427,2.389830508474576,False
freight_dhl_31303_2_veh_cep_size_l_7_2,28523,56778,28255,13466,14789,1970-01-01 07:55:23,1970-01-01 15:46:18,1970-01-01 07:50:55,1970-01-01 03:44:26,1970-01-01 04:06:29,van,57,105.05208436414598,2.8693065919963368,"defaultdict(<class 'int'>, {8: 54, 4: 3})",dhl,l,8,110.0,0.0,0.06363636363636363,0.9363636363636364,1.0,0.4782608695652174,1.0,189.15,40.55010456456035,179.49773611111112,7.972736111111112,237.67284067567147,1.9298245614035088,True
freight_dhl_30175_veh_cep_size_l_7_1,28445,56083,27638,21446,6192,1970-01-01 07:54:05,1970-01-01 15:34:43,1970-01-01 07:40:38,1970-01-01 05:57:26,1970-01-01 01:43:12,van,43,38.15155214281664,3.981534936441485,"defaultdict(<class 'int'>, {4: 37, 1: 4, 2: 2})",dhl,l,4,176.0,0.0,0.10795454545454546,0.8920454545454546,1.0,0.7652173913043478,1.0,189.15,14.726499127127223,175.57807222222223,4.053072222222222,207.92957134934946,4.093023255813954,True
freight_dhl_30826_1_veh_cep_size_l_7_2,28521,57889,29368,21451,7917,1970-01-01 07:55:21,1970-01-01 16:04:49,1970-01-01 08:09:28,1970-01-01 05:57:31,1970-01-01 02:11:57,van,42,74.00662137714716,4.768857923872973,"defaultdict(<class 'int'>, {7: 42})",dhl,l,7,167.0,0.0,0.11976047904191617,0.8802395209580839,1.0,0.7260869565217392,1.0,189.15,28.5665558515788,186.56837777777778,15.04337777777778,232.7599336293566,3.9761904761904763,False
freight_fedex_30449_veh_cep_size_l_8_1,28541,64528,35987,16360,19627,1970-01-01 07:55:41,1970-01-01 17:55:28,1970-01-01 09:59:47,1970-01-01 04:32:40,1970-01-01 05:27:07,van,63,121.23664296790854,17.780644780063376,"defaultdict(<class 'int'>, {4: 20, 3: 43})",fedex,l,3,132.0,0.0,0.9090909090909091,0.09090909090909091,1.0,0.5739130434782609,1.0,189.15,46.797344185612694,228.6174138888889,57.09241388888889,293.0397580745016,2.0952380952380953,True
freight_dhl_30926_0_veh_cep_size_m_8_7,28542,54525,25983,19134,6849,1970-01-01 07:55:42,1970-01-01 15:08:45,1970-01-01 07:13:03,1970-01-01 05:18:54,1970-01-01 01:54:09,van,51,40.910154396467505,2.7137020953334394,"defaultdict(<class 'int'>, {6: 43, 8: 8})",dhl,m,6,155.0,0.0,0.12258064516129032,0.8774193548387097,1.0,0.9393939393939394,1.0,171.78,15.218577435485912,165.06422500000002,0.0,186.9985774354859,3.0392156862745097,False
freight_dhl_31303_1_veh_cep_size_l_8_5,28527,58184,29657,22075,7582,1970-01-01 07:55:27,1970-01-01 16:09:44,1970-01-01 08:14:17,1970-01-01 06:07:55,1970-01-01 02:06:22,van,77,58.15993595950412,4.62333358885984,"defaultdict(<class 'int'>, {7: 21, 4: 31, 6: 25})",dhl,l,4,178.0,0.0,0.1404494382022472,0.8595505617977528,1.0,0.7739130434782608,1.0,189.15,22.44973528036859,188.40433055555556,16.87933055555556,228.47906583592416,2.311688311688312,True
freight_hermes_30853_veh_cep_size_m_7_2,28542,53614,25072,16345,8727,1970-01-01 07:55:42,1970-01-01 14:53:34,1970-01-01 06:57:52,1970-01-01 04:32:25,1970-01-01 02:25:27,van,72,67.30358397567504,5.2381024885161755,"defaultdict(<class 'int'>, {6: 72})",hermes,m,6,132.0,0.0,0.045454545454545456,0.9545454545454546,1.0,0.8,1.0,171.78,25.036933238951114,159.27684444444446,0.0,196.81693323895112,1.8333333333333333,False
freight_dhl_30880_2_veh_cep_size_l_8_1,28545,57788,29243,16046,13197,1970-01-01 07:55:45,1970-01-01 16:03:08,1970-01-01 08:07:23,1970-01-01 04:27:26,1970-01-01 03:39:57,van,55,103.69224789967663,8.318967642285166,"defaultdict(<class 'int'>, {4: 1, 8: 54})",dhl,l,8,130.0,0.0,0.07692307692307693,0.9230769230769231,1.0,0.5652173913043478,1.0,189.15,40.02520768927518,185.77428055555558,14.249280555555558,243.42448824483074,2.3636363636363638,False
freight_dhl_30419_1_veh_cep_size_l_8_7,28454,58232,29778,20728,9050,1970-01-01 07:54:14,1970-01-01 16:10:32,1970-01-01 08:16:18,1970-01-01 05:45:28,1970-01-01 02:30:50,van,55,57.16774886692064,4.859682621588058,"defaultdict(<class 'int'>, {5: 28, 6: 24, 3: 3})",dhl,l,5,168.0,0.0,0.08928571428571429,0.9107142857142857,1.0,0.7304347826086957,1.0,189.15,22.06675106263137,189.17301666666668,17.648016666666667,228.86476772929805,3.0545454545454547,True
freight_dhl_30419_1_veh_cep_size_l_8_6,28454,56236,27782,21408,6374,1970-01-01 07:54:14,1970-01-01 15:37:16,1970-01-01 07:43:02,1970-01-01 05:56:48,1970-01-01 01:46:14,van,39,43.0467157059459,5.13641799430522,"defaultdict(<class 'int'>, {5: 33, 6: 6})",dhl,l,5,170.0,0.0,0.07058823529411765,0.9294117647058824,1.0,0.7391304347826086,1.0,189.15,16.616032262495118,176.49287222222225,4.967872222222223,210.73390448471733,4.358974358974359,True
freight_dhl_30459_veh_cep_size_l_7_2,28562,57065,28503,22962,5541,1970-01-01 07:56:02,1970-01-01 15:51:05,1970-01-01 07:55:03,1970-01-01 06:22:42,1970-01-01 01:32:21,van,40,37.62925305514979,2.585419507056727,"defaultdict(<class 'int'>, {4: 38, 3: 2})",dhl,l,4,184.0,0.0,0.09239130434782608,0.907608695652174,1.0,0.8,1.0,189.15,14.524891679287819,181.073225,9.548225,213.22311667928784,4.6,True
freight_dhl_31275_2_veh_cep_size_m_7_3,28565,58607,30042,12693,17349,1970-01-01 07:56:05,1970-01-01 16:16:47,1970-01-01 08:20:42,1970-01-01 03:31:33,1970-01-01 04:49:09,van,40,163.16076606336782,3.1120951792014093,"defaultdict(<class 'int'>, {6: 40})",dhl,m,6,102.0,0.0,0.12745098039215685,0.8725490196078431,1.0,0.6181818181818182,1.0,171.78,60.69580497557283,190.85015,19.32515,251.80095497557284,2.55,False
freight_dhl_30938_1_veh_cep_size_m_8_5,28566,54643,26077,18118,7959,1970-01-01 07:56:06,1970-01-01 15:10:43,1970-01-01 07:14:37,1970-01-01 05:01:58,1970-01-01 02:12:39,van,41,58.02794198921329,10.633868254998582,"defaultdict(<class 'int'>, {6: 41})",dhl,m,6,147.0,0.0,0.3197278911564626,0.6802721088435374,1.0,0.8909090909090909,1.0,171.78,21.586394419987343,165.6613861111111,0.0,193.36639441998733,3.5853658536585367,False
freight_dhl_31515_2_veh_cep_size_m_8_4,28567,54501,25934,17671,8263,1970-01-01 07:56:07,1970-01-01 15:08:21,1970-01-01 07:12:14,1970-01-01 04:54:31,1970-01-01 02:17:43,van,51,48.12879342402478,2.974106847117311,"defaultdict(<class 'int'>, {6: 49, 7: 2})",dhl,m,6,141.0,0.0,0.11347517730496454,0.8865248226950354,1.0,0.8545454545454545,1.0,171.78,17.903911153737216,164.7529388888889,0.0,189.68391115373723,2.764705882352941,False
freight_dhl_30419_1_veh_cep_size_l_8_5,28454,57963,29509,20208,9301,1970-01-01 07:54:14,1970-01-01 16:06:03,1970-01-01 08:11:49,1970-01-01 05:36:48,1970-01-01 02:35:01,van,46,60.57075574092158,5.233458586654883,"defaultdict(<class 'int'>, {5: 27, 6: 19})",dhl,l,5,163.0,0.0,0.04294478527607362,0.9570552147239264,1.0,0.7086956521739131,1.0,189.15,23.380311715995727,187.46411944444446,15.939119444444446,228.4694311604402,3.5434782608695654,True
freight_dhl_30459_veh_cep_size_l_7_1,28562,57833,29271,22379,6892,1970-01-01 07:56:02,1970-01-01 16:03:53,1970-01-01 08:07:51,1970-01-01 06:12:59,1970-01-01 01:54:52,van,52,50.16124346020598,2.974993510835078,"defaultdict(<class 'int'>, {4: 6, 3: 46})",dhl,l,3,181.0,0.0,0.049723756906077346,0.9502762430939227,1.0,0.7869565217391304,1.0,189.15,19.362239975639508,185.95215833333336,14.427158333333335,222.93939830897284,3.480769230769231,True
freight_dhl_30419_1_veh_cep_size_l_8_4,28454,59497,31043,21813,9230,1970-01-01 07:54:14,1970-01-01 16:31:37,1970-01-01 08:37:23,1970-01-01 06:03:33,1970-01-01 02:33:50,van,73,69.69763565721054,5.458828947750046,"defaultdict(<class 'int'>, {5: 73})",dhl,l,5,175.0,0.0,0.02857142857142857,0.9714285714285714,1.0,0.7608695652173914,1.0,189.15,26.90328736368327,197.20928055555558,25.684280555555556,241.7375679192388,2.3972602739726026,True
freight_dhl_31275_2_veh_cep_size_m_7_4,28581,57632,29051,20038,9013,1970-01-01 07:56:21,1970-01-01 16:00:32,1970-01-01 08:04:11,1970-01-01 05:33:58,1970-01-01 02:30:13,van,77,73.60732677797311,2.0462527311896883,"defaultdict(<class 'int'>, {6: 77})",dhl,m,6,161.0,0.0,0.13664596273291926,0.8633540372670807,1.0,0.9757575757575757,1.0,171.78,27.381925561406,184.55454722222223,13.029547222222224,212.19147278362823,2.090909090909091,False
freight_fedex_30559_veh_cep_size_l_8_2,28583,58453,29870,12824,17046,1970-01-01 07:56:23,1970-01-01 16:14:13,1970-01-01 08:17:50,1970-01-01 03:33:44,1970-01-01 04:44:06,van,33,102.0094158166654,19.056797747656194,"defaultdict(<class 'int'>, {4: 12, 6: 14, 5: 7})",fedex,l,6,178.0,0.0,0.8426966292134831,0.15730337078651685,1.0,0.7739130434782608,1.0,189.15,39.375634505232846,189.75747222222225,18.232472222222224,246.75810672745507,5.393939393939394,True
freight_dhl_30419_1_veh_cep_size_l_8_2,28454,58118,29664,21961,7703,1970-01-01 07:54:14,1970-01-01 16:08:38,1970-01-01 08:14:24,1970-01-01 06:06:01,1970-01-01 02:08:23,van,31,51.63928682302597,6.025160971106288,"defaultdict(<class 'int'>, {5: 30, 6: 1})",dhl,l,5,176.0,0.0,0.05113636363636364,0.9488636363636364,1.0,0.7652173913043478,1.0,189.15,19.932764713688023,188.4488,16.9238,226.00656471368802,5.67741935483871,True
freight_dpd_31275_veh_cep_size_m_7_5,28588,58073,29485,17472,12013,1970-01-01 07:56:28,1970-01-01 16:07:53,1970-01-01 08:11:25,1970-01-01 04:51:12,1970-01-01 03:20:13,van,108,103.62094188599964,3.5327210947105963,"defaultdict(<class 'int'>, {6: 108})",dpd,m,6,142.0,0.0,0.14084507042253522,0.8591549295774648,1.0,0.8606060606060606,1.0,171.78,38.54699038159187,187.3116527777778,15.78665277777778,226.11364315936967,1.3148148148148149,False
freight_dhl_31319_1_veh_cep_size_l_7_3,28589,60122,31533,17271,14262,1970-01-01 07:56:29,1970-01-01 16:42:02,1970-01-01 08:45:33,1970-01-01 04:47:51,1970-01-01 03:57:42,van,68,106.69794468011358,2.6653805734332194,"defaultdict(<class 'int'>, {6: 68})",dhl,l,6,141.0,0.0,0.06382978723404255,0.9361702127659575,1.0,0.6130434782608696,1.0,189.15,41.185406646523845,200.32214166666668,28.79714166666667,259.1325483131905,2.073529411764706,False
freight_dhl_30974_1_veh_cep_size_l_7_1,28590,58050,29460,23346,6114,1970-01-01 07:56:30,1970-01-01 16:07:30,1970-01-01 08:11:00,1970-01-01 06:29:06,1970-01-01 01:41:54,van,53,47.37836561231225,1.5654815800513815,"defaultdict(<class 'int'>, {7: 6, 8: 47})",dhl,l,8,185.0,0.0,0.11351351351351352,0.8864864864864865,1.0,0.8043478260869565,1.0,189.15,18.28804912635253,187.15283333333335,15.627833333333335,223.06588245968587,3.490566037735849,False
freight_dhl_31275_2_veh_cep_size_l_7_5,28581,56693,28112,21637,6475,1970-01-01 07:56:21,1970-01-01 15:44:53,1970-01-01 07:48:32,1970-01-01 06:00:37,1970-01-01 01:47:55,van,55,47.769353483837975,2.598103998717402,"defaultdict(<class 'int'>, {6: 55})",dhl,l,6,173.0,0.0,0.08092485549132948,0.9190751445086706,1.0,0.7521739130434782,1.0,189.15,18.43897044476146,178.58928888888892,7.06428888888889,214.65325933365034,3.1454545454545455,False
freight_dhl_31515_1_veh_cep_size_m_7_7,28595,51155,22560,13392,9168,1970-01-01 07:56:35,1970-01-01 14:12:35,1970-01-01 06:16:00,1970-01-01 03:43:12,1970-01-01 02:32:48,van,62,58.31818473742838,2.7871735933913744,"defaultdict(<class 'int'>, {6: 62})",dhl,m,6,126.0,0.0,0.1111111111111111,0.8888888888888888,1.0,0.7636363636363637,1.0,171.78,21.694364722323357,143.31866666666667,0.0,193.47436472232334,2.032258064516129,False
freight_dhl_30419_1_veh_cep_size_l_8_1,28454,57077,28623,21827,6796,1970-01-01 07:54:14,1970-01-01 15:51:17,1970-01-01 07:57:03,1970-01-01 06:03:47,1970-01-01 01:53:16,van,53,54.6493817373278,6.192373794463774,"defaultdict(<class 'int'>, {5: 53})",dhl,l,5,176.0,0.0,0.0625,0.9375,1.0,0.7652173913043478,1.0,189.15,21.094661350608533,181.83555833333335,10.310558333333335,220.55521968394189,3.3207547169811322,True
freight_dhl_30459_veh_cep_size_l_7_4,28603,55925,27322,20440,6882,1970-01-01 07:56:43,1970-01-01 15:32:05,1970-01-01 07:35:22,1970-01-01 05:40:40,1970-01-01 01:54:42,van,50,40.72110848079099,3.2475561211573547,"defaultdict(<class 'int'>, {4: 45, 3: 5})",dhl,l,4,165.0,0.0,0.05454545454545454,0.9454545454545454,1.0,0.717391304347826,1.0,189.15,15.718347873585323,173.57059444444445,2.0455944444444447,206.91394231802977,3.3,True
freight_dhl_30826_1_veh_cep_size_m_8_5,28604,49537,20933,10284,10649,1970-01-01 07:56:44,1970-01-01 13:45:37,1970-01-01 05:48:53,1970-01-01 02:51:24,1970-01-01 02:57:29,van,54,66.34164051179098,2.180612816678977,"defaultdict(<class 'int'>, {6: 4, 7: 50})",dhl,m,7,82.0,0.0,0.0975609756097561,0.9024390243902439,1.0,0.49696969696969695,1.0,171.78,24.679090270386247,132.98269722222224,0.0,196.45909027038624,1.5185185185185186,False
freight_dhl_31515_1_veh_cep_size_l_7_6,28595,53522,24927,19609,5318,1970-01-01 07:56:35,1970-01-01 14:52:02,1970-01-01 06:55:27,1970-01-01 05:26:49,1970-01-01 01:28:38,van,39,38.44307662464082,2.757889134568517,"defaultdict(<class 'int'>, {6: 39})",dhl,l,6,173.0,0.0,0.06936416184971098,0.930635838150289,1.0,0.7521739130434782,1.0,189.15,14.839027577111356,158.35569166666667,0.0,203.98902757711136,4.435897435897436,False
freight_ups_30163_veh_cep_size_l_8_2,28605,59580,30975,20107,10868,1970-01-01 07:56:45,1970-01-01 16:33:00,1970-01-01 08:36:15,1970-01-01 05:35:07,1970-01-01 03:01:08,van,44,66.48318450267189,10.100698094002096,"defaultdict(<class 'int'>, {2: 43, 5: 1})",ups,l,2,163.0,0.0,0.852760736196319,0.147239263803681,1.0,0.7086956521739131,1.0,189.15,25.66250921803135,196.77729166666668,25.252291666666668,240.06480088469803,3.7045454545454546,True
freight_dhl_31303_2_veh_cep_size_l_7_4,28605,56978,28373,18922,9451,1970-01-01 07:56:45,1970-01-01 15:49:38,1970-01-01 07:52:53,1970-01-01 05:15:22,1970-01-01 02:37:31,van,64,64.5981842568331,1.729421659631255,"defaultdict(<class 'int'>, {4: 62, 8: 2})",dhl,l,4,151.0,0.0,0.10596026490066225,0.8940397350993378,1.0,0.6565217391304348,1.0,189.15,24.934899123137576,180.2473638888889,8.72236388888889,222.80726301202645,2.359375,True
freight_hermes_30165_veh_cep_size_m_8_2,28607,56884,28277,16826,11451,1970-01-01 07:56:47,1970-01-01 15:48:04,1970-01-01 07:51:17,1970-01-01 04:40:26,1970-01-01 03:10:51,van,66,70.92369941618801,8.338551891085084,"defaultdict(<class 'int'>, {3: 31, 5: 35})",hermes,m,5,135.0,0.0,0.044444444444444446,0.9555555555555556,1.0,0.8181818181818182,1.0,171.78,26.383616182821942,179.63749722222224,8.112497222222222,206.27611340504419,2.0454545454545454,True
freight_dhl_30451_veh_cep_size_l_7_5,28457,57722,29265,24269,4996,1970-01-01 07:54:17,1970-01-01 16:02:02,1970-01-01 08:07:45,1970-01-01 06:44:29,1970-01-01 01:23:16,van,40,27.5775689040635,3.5776538076829936,"defaultdict(<class 'int'>, {2: 37, 3: 3})",dhl,l,2,201.0,0.0,0.19402985074626866,0.8059701492537313,1.0,0.8739130434782608,1.0,189.15,10.644941596968511,185.9140416666667,14.389041666666667,214.18398326363518,5.025,True
freight_dpd_31275_veh_cep_size_m_7_2,28609,58785,30176,13883,16293,1970-01-01 07:56:49,1970-01-01 16:19:45,1970-01-01 08:22:56,1970-01-01 03:51:23,1970-01-01 04:31:33,van,96,155.2608700285054,4.417811200570427,"defaultdict(<class 'int'>, {6: 5, 8: 34, 7: 57})",dpd,m,7,113.0,0.0,0.13274336283185842,0.8672566371681416,1.0,0.6848484848484848,1.0,171.78,57.757043650604004,191.70142222222225,20.176422222222225,249.71346587282622,1.1770833333333333,False
freight_dhl_31275_2_veh_cep_size_m_7_7,28609,55166,26557,19976,6581,1970-01-01 07:56:49,1970-01-01 15:19:26,1970-01-01 07:22:37,1970-01-01 05:32:56,1970-01-01 01:49:41,van,54,48.05517178987532,1.4646147810789392,"defaultdict(<class 'int'>, {6: 54})",dhl,m,6,161.0,0.0,0.13043478260869565,0.8695652173913043,1.0,0.9757575757575757,1.0,171.78,17.87652390583362,168.71071944444446,0.0,189.6565239058336,2.9814814814814814,False
freight_dhl_30459_veh_cep_size_l_7_3,28603,58648,30045,20131,9914,1970-01-01 07:56:43,1970-01-01 16:17:28,1970-01-01 08:20:45,1970-01-01 05:35:31,1970-01-01 02:45:14,van,60,59.89860585780393,3.2525923886414647,"defaultdict(<class 'int'>, {4: 41, 3: 19})",dhl,l,4,162.0,0.0,0.08641975308641975,0.9135802469135802,1.0,0.7043478260869566,1.0,189.15,23.120861861112317,190.86920833333335,19.344208333333334,231.61507019444568,2.7,True
freight_hermes_30165_veh_cep_size_m_8_1,28607,59247,30640,20397,10243,1970-01-01 07:56:47,1970-01-01 16:27:27,1970-01-01 08:30:40,1970-01-01 05:39:57,1970-01-01 02:50:43,van,79,71.83035911172334,9.47500022559693,"defaultdict(<class 'int'>, {3: 73, 5: 4, 1: 2})",hermes,m,3,163.0,0.0,0.07975460122699386,0.9202453987730062,1.0,0.9878787878787879,1.0,171.78,26.720893589561083,194.64911111111113,23.124111111111112,221.6250047006722,2.0632911392405062,True
freight_dhl_30451_veh_cep_size_l_7_4,28457,57979,29522,24725,4797,1970-01-01 07:54:17,1970-01-01 16:06:19,1970-01-01 08:12:02,1970-01-01 06:52:05,1970-01-01 01:19:57,van,33,24.976687853678257,3.9625604725383896,"defaultdict(<class 'int'>, {2: 32, 3: 1})",dhl,l,2,205.0,0.0,0.1073170731707317,0.8926829268292683,1.0,0.8913043478260869,1.0,189.15,9.641001511519807,187.54670555555558,16.021705555555556,214.8127070670754,6.212121212121212,True
freight_hermes_30890_veh_cep_size_m_8_8,28618,34637,6019,362,5657,1970-01-01 07:56:58,1970-01-01 09:37:17,1970-01-01 01:40:19,1970-01-01 00:06:02,1970-01-01 01:34:17,van,2,59.95551956454687,29.15898719523565,"defaultdict(<class 'int'>, {6: 2})",hermes,m,6,3.0,0.0,0.0,1.0,1.0,0.01818181818181818,1.0,171.78,22.303453278011435,38.23736944444445,0.0,194.08345327801143,1.5,False
freight_dhl_31535_1_veh_cep_size_l_8_6,28626,60053,31427,15521,15906,1970-01-01 07:57:06,1970-01-01 16:40:53,1970-01-01 08:43:47,1970-01-01 04:18:41,1970-01-01 04:25:06,van,56,109.11805928988746,4.2494727021108405,"defaultdict(<class 'int'>, {6: 15, 7: 41})",dhl,l,7,124.0,0.0,0.08870967741935484,0.9112903225806451,1.0,0.5391304347826087,1.0,189.15,42.11957088589656,199.64874722222226,28.123747222222224,259.3933181081188,2.2142857142857144,False
freight_dhl_30451_veh_cep_size_l_7_3,28457,57055,28598,24924,3674,1970-01-01 07:54:17,1970-01-01 15:50:55,1970-01-01 07:56:38,1970-01-01 06:55:24,1970-01-01 01:01:14,van,21,20.43800558437225,3.837896893783495,"defaultdict(<class 'int'>, {2: 20, 3: 1})",dhl,l,2,204.0,0.0,0.17647058823529413,0.8235294117647058,1.0,0.8869565217391304,1.0,189.15,7.889070155567688,181.6767388888889,10.15173888888889,207.19080904445659,9.714285714285714,True
freight_dhl_30974_1_veh_cep_size_m_8_2,28630,54824,26194,18060,8134,1970-01-01 07:57:10,1970-01-01 15:13:44,1970-01-01 07:16:34,1970-01-01 05:01:00,1970-01-01 02:15:34,van,53,61.4186408106487,1.67445228630761,"defaultdict(<class 'int'>, {8: 5, 7: 48})",dhl,m,7,145.0,0.0,0.0896551724137931,0.9103448275862069,1.0,0.8787878787878788,1.0,171.78,22.847734381561313,166.40466111111112,0.0,194.6277343815613,2.7358490566037736,False
freight_dhl_30900_2_veh_cep_size_m_8_6,28630,60039,31409,19293,12116,1970-01-01 07:57:10,1970-01-01 16:40:39,1970-01-01 08:43:29,1970-01-01 05:21:33,1970-01-01 03:21:56,van,82,81.22450095429627,2.324613590216055,"defaultdict(<class 'int'>, {7: 81, 6: 1})",dhl,m,7,155.0,0.0,0.17419354838709677,0.8258064516129032,1.0,0.9393939393939394,1.0,171.78,30.215514354998213,199.53439722222225,28.009397222222226,230.00491157722044,1.8902439024390243,False
freight_hermes_30890_veh_cep_size_m_8_4,28618,58851,30233,10808,19425,1970-01-01 07:56:58,1970-01-01 16:20:51,1970-01-01 08:23:53,1970-01-01 03:00:08,1970-01-01 05:23:45,van,80,142.17522732134262,26.18054287325817,"defaultdict(<class 'int'>, {8: 10, 4: 40, 5: 26, 7: 4})",hermes,m,4,89.0,0.0,0.011235955056179775,0.9887640449438202,1.0,0.5393939393939394,1.0,171.78,52.88918456353945,192.0635305555556,20.538530555555557,245.207715119095,1.1125,False
freight_dpd_30826_veh_cep_size_m_7_1,28636,57102,28466,11735,16731,1970-01-01 07:57:16,1970-01-01 15:51:42,1970-01-01 07:54:26,1970-01-01 03:15:35,1970-01-01 04:38:51,van,77,165.4741013532945,32.33010610510831,"defaultdict(<class 'int'>, {7: 33, 8: 44})",dpd,m,8,95.0,0.0,0.22105263157894736,0.7789473684210526,1.0,0.5757575757575758,1.0,171.78,61.55636570342555,180.83817222222223,9.313172222222223,242.64953792564776,1.2337662337662338,False
freight_dhl_30177_veh_cep_size_l_7_3,28459,57931,29472,24870,4602,1970-01-01 07:54:19,1970-01-01 16:05:31,1970-01-01 08:11:12,1970-01-01 06:54:30,1970-01-01 01:16:42,van,34,24.125210170551806,4.071955788069408,"defaultdict(<class 'int'>, {2: 34})",dhl,l,2,203.0,0.0,0.13793103448275862,0.8620689655172413,1.0,0.8826086956521739,1.0,189.15,9.312331125832998,187.22906666666668,15.704066666666668,214.16639779249968,5.970588235294118,True
freight_dhl_30459_veh_cep_size_l_7_6,28631,61280,32649,23600,9049,1970-01-01 07:57:11,1970-01-01 17:01:20,1970-01-01 09:04:09,1970-01-01 06:33:20,1970-01-01 02:30:49,van,46,48.250906801026545,2.595006981673295,"defaultdict(<class 'int'>, {4: 7, 3: 39})",dhl,l,3,191.0,0.0,0.13612565445026178,0.8638743455497382,1.0,0.8304347826086956,1.0,189.15,18.624850025196245,207.41184166666667,35.88684166666667,243.66169169186293,4.1521739130434785,True
freight_dhl_30900_2_veh_cep_size_l_7_5,28630,59773,31143,20623,10520,1970-01-01 07:57:10,1970-01-01 16:36:13,1970-01-01 08:39:03,1970-01-01 05:43:43,1970-01-01 02:55:20,van,57,72.1106633586488,1.8842400171510723,"defaultdict(<class 'int'>, {7: 53, 6: 4})",dhl,l,7,166.0,0.0,0.1566265060240964,0.8433734939759037,1.0,0.7217391304347827,1.0,189.15,27.834716056438435,197.84455833333334,26.319558333333337,243.30427438977176,2.912280701754386,False
freight_hermes_30179_veh_cep_size_m_8_1,28633,59432,30799,17234,13565,1970-01-01 07:57:13,1970-01-01 16:30:32,1970-01-01 08:33:19,1970-01-01 04:47:14,1970-01-01 03:46:05,van,67,94.51020077257851,7.657580244398735,"defaultdict(<class 'int'>, {5: 27, 4: 40})",hermes,m,4,137.0,0.0,0.058394160583941604,0.9416058394160584,1.0,0.8303030303030303,1.0,171.78,35.15779468739921,195.6592027777778,24.13420277777778,231.071997465177,2.044776119402985,True
freight_dhl_30179_veh_cep_size_l_7_6,28461,56253,27792,22412,5380,1970-01-01 07:54:21,1970-01-01 15:37:33,1970-01-01 07:43:12,1970-01-01 06:13:32,1970-01-01 01:29:40,van,35,36.68652098493808,4.233433774676192,"defaultdict(<class 'int'>, {5: 35})",dhl,l,5,179.0,0.0,0.07262569832402235,0.9273743016759777,1.0,0.7782608695652173,1.0,189.15,14.160997100186098,176.55640000000002,5.0314000000000005,208.3423971001861,5.114285714285714,True
freight_dhl_30900_2_veh_cep_size_m_8_4,28643,56591,27948,18030,9918,1970-01-01 07:57:23,1970-01-01 15:43:11,1970-01-01 07:45:48,1970-01-01 05:00:30,1970-01-01 02:45:18,van,38,70.76921150242043,1.4879908948714726,"defaultdict(<class 'int'>, {6: 5, 7: 14, 8: 19})",dhl,m,8,140.0,0.0,0.16428571428571428,0.8357142857142857,1.0,0.8484848484848485,1.0,171.78,26.3261466789004,177.54743333333334,6.022433333333334,204.12858001223375,3.6842105263157894,False
freight_dhl_30938_0_veh_cep_size_l_8_7,28656,60404,31748,21037,10711,1970-01-01 07:57:36,1970-01-01 16:46:44,1970-01-01 08:49:08,1970-01-01 05:50:37,1970-01-01 02:58:31,van,90,113.27384317680033,8.597707026065915,"defaultdict(<class 'int'>, {7: 27, 8: 63})",dhl,l,8,169.0,0.0,0.05917159763313609,0.9408284023668639,1.0,0.7347826086956522,1.0,189.15,43.72370346624493,201.6879888888889,30.16298888888889,263.0366923551338,1.8777777777777778,False
freight_fedex_31515_veh_cep_size_l_7_1,28657,60275,31618,11693,19925,1970-01-01 07:57:37,1970-01-01 16:44:35,1970-01-01 08:46:58,1970-01-01 03:14:53,1970-01-01 05:32:05,van,53,185.9184876094798,31.667567969274042,"defaultdict(<class 'int'>, {6: 13, 7: 40})",fedex,l,7,94.0,0.0,0.9574468085106383,0.0425531914893617,1.0,0.40869565217391307,1.0,189.15,71.7645362172592,200.8621277777778,29.33712777777778,290.25166399503695,1.7735849056603774,False
freight_dhl_30419_0_veh_cep_size_l_8_6,28475,58915,30440,23013,7427,1970-01-01 07:54:35,1970-01-01 16:21:55,1970-01-01 08:27:20,1970-01-01 06:23:33,1970-01-01 02:03:47,van,45,48.32589072753565,3.6415324512040628,"defaultdict(<class 'int'>, {3: 25, 5: 20})",dhl,l,3,184.0,0.0,0.043478260869565216,0.9565217391304348,1.0,0.8,1.0,189.15,18.65379382082876,193.37855555555558,21.85355555555556,229.65734937638433,4.088888888888889,True
freight_dhl_30855_2_veh_cep_size_l_8_6,28658,53061,24403,19613,4790,1970-01-01 07:57:38,1970-01-01 14:44:21,1970-01-01 06:46:43,1970-01-01 05:26:53,1970-01-01 01:19:50,van,18,39.669020043893106,9.151365137106527,"defaultdict(<class 'int'>, {5: 6, 4: 2, 6: 10})",dhl,l,6,166.0,0.0,0.12650602409638553,0.8734939759036144,1.0,0.7217391304347827,1.0,189.15,15.31224173694274,155.02683611111112,0.0,204.46224173694276,9.222222222222221,False
freight_dhl_30916_1_veh_cep_size_l_8_3,28650,58730,30080,22015,8065,1970-01-01 07:57:30,1970-01-01 16:18:50,1970-01-01 08:21:20,1970-01-01 06:06:55,1970-01-01 02:14:25,van,27,67.4765611298647,11.668048391416647,"defaultdict(<class 'int'>, {7: 7, 6: 20})",dhl,l,6,171.0,0.0,0.08771929824561403,0.9122807017543859,1.0,0.7434782608695653,1.0,189.15,26.045952596127776,191.09155555555557,19.566555555555556,234.76250815168333,6.333333333333333,False
freight_dhl_31303_2_veh_cep_size_m_7_5,28667,53984,25317,18561,6756,1970-01-01 07:57:47,1970-01-01 14:59:44,1970-01-01 07:01:57,1970-01-01 05:09:21,1970-01-01 01:52:36,van,67,52.60840193349057,1.0843121002939142,"defaultdict(<class 'int'>, {4: 59, 6: 5, 8: 3})",dhl,m,4,148.0,0.0,0.12162162162162163,0.8783783783783784,1.0,0.896969696969697,1.0,171.78,19.570325519258493,160.83327500000001,0.0,191.3503255192585,2.208955223880597,True
freight_dhl_30419_0_veh_cep_size_l_7_8,28475,57514,29039,21127,7912,1970-01-01 07:54:35,1970-01-01 15:58:34,1970-01-01 08:03:59,1970-01-01 05:52:07,1970-01-01 02:11:52,van,56,49.74105194292425,3.3323206551942346,"defaultdict(<class 'int'>, {3: 56})",dhl,l,3,171.0,0.0,0.05263157894736842,0.9473684210526315,1.0,0.7434782608695653,1.0,189.15,19.200046049968762,184.47831388888892,12.95331388888889,221.30335993885765,3.0535714285714284,True
freight_dhl_30855_2_veh_cep_size_l_8_4,28658,53976,25318,21856,3462,1970-01-01 07:57:38,1970-01-01 14:59:36,1970-01-01 07:01:58,1970-01-01 06:04:16,1970-01-01 00:57:42,van,17,31.63269269525699,9.64718896443853,"defaultdict(<class 'int'>, {5: 6, 6: 11})",dhl,l,6,178.0,0.0,0.2303370786516854,0.7696629213483146,1.0,0.7739130434782608,1.0,189.15,12.210219380369198,160.8396277777778,0.0,201.36021938036922,10.470588235294118,False
freight_dhl_30916_1_veh_cep_size_l_8_2,28650,58083,29433,23726,5707,1970-01-01 07:57:30,1970-01-01 16:08:03,1970-01-01 08:10:33,1970-01-01 06:35:26,1970-01-01 01:35:07,van,21,48.21660692497836,11.320211573902178,"defaultdict(<class 'int'>, {7: 13, 6: 8})",dhl,l,7,187.0,0.0,0.16042780748663102,0.839572192513369,1.0,0.8130434782608695,1.0,189.15,18.611610273041645,186.98130833333335,15.456308333333334,223.21791860637498,8.904761904761905,False
freight_dhl_31535_0_veh_cep_size_l_8_9,28670,53333,24663,15006,9657,1970-01-01 07:57:50,1970-01-01 14:48:53,1970-01-01 06:51:03,1970-01-01 04:10:06,1970-01-01 02:40:57,van,48,62.23051966675063,2.9976337577284147,"defaultdict(<class 'int'>, {6: 47, 7: 1})",dhl,l,6,118.0,0.0,0.1864406779661017,0.8135593220338984,1.0,0.5130434782608696,1.0,189.15,24.020980591365745,156.67855833333334,0.0,213.17098059136575,2.4583333333333335,False
freight_ups_30851_veh_cep_size_l_7_1,28673,57682,29009,13494,15515,1970-01-01 07:57:53,1970-01-01 16:01:22,1970-01-01 08:03:29,1970-01-01 03:44:54,1970-01-01 04:18:35,van,55,118.59974814349934,13.606784184898464,"defaultdict(<class 'int'>, {5: 2, 6: 53})",ups,l,6,109.0,0.0,0.9174311926605505,0.08256880733944955,1.0,0.47391304347826085,1.0,189.15,45.77950278339075,184.28773055555558,12.762730555555557,247.6922333389463,1.981818181818182,False
freight_dpd_31275_veh_cep_size_l_8_4,28675,61237,32562,14678,17884,1970-01-01 07:57:55,1970-01-01 17:00:37,1970-01-01 09:02:42,1970-01-01 04:04:38,1970-01-01 04:58:04,van,98,152.87813859122454,4.363185531107989,"defaultdict(<class 'int'>, {6: 98})",dpd,l,6,119.0,0.0,0.16806722689075632,0.8319327731092437,1.0,0.5173913043478261,1.0,189.15,59.01096149621267,206.85915000000003,35.33415,283.4951114962127,1.2142857142857142,False
freight_dhl_30827_1_veh_cep_size_l_8_4,28662,53857,25195,20505,4690,1970-01-01 07:57:42,1970-01-01 14:57:37,1970-01-01 06:59:55,1970-01-01 05:41:45,1970-01-01 01:18:10,van,36,37.60166981699533,3.81884619870156,"defaultdict(<class 'int'>, {6: 36})",dhl,l,6,164.0,0.0,0.042682926829268296,0.9573170731707317,1.0,0.7130434782608696,1.0,189.15,14.5142445493602,160.0582361111111,0.0,203.6642445493602,4.555555555555555,False
freight_dhl_30419_0_veh_cep_size_l_7_7,28475,56918,28443,24471,3972,1970-01-01 07:54:35,1970-01-01 15:48:38,1970-01-01 07:54:03,1970-01-01 06:47:51,1970-01-01 01:06:12,van,20,27.160510243890645,3.878647749170573,"defaultdict(<class 'int'>, {3: 19, 5: 1})",dhl,l,3,196.0,0.0,0.12244897959183673,0.8775510204081632,1.0,0.8521739130434782,1.0,189.15,10.483956954141789,180.69205833333336,9.167058333333333,208.80101528747514,9.8,True
freight_gls_30177_veh_cep_size_m_8_1,28678,64199,35521,17863,17658,1970-01-01 07:57:58,1970-01-01 17:49:59,1970-01-01 09:52:01,1970-01-01 04:57:43,1970-01-01 04:54:18,van,80,101.97432955209038,16.86163889955077,"defaultdict(<class 'int'>, {2: 80})",gls,m,2,144.0,0.0,0.1111111111111111,0.8888888888888888,1.0,0.8727272727272727,1.0,171.78,37.93445059337762,225.65701944444447,54.13201944444445,263.8464700378221,1.8,True
freight_hermes_31275_1_veh_cep_size_m_8_4,28679,54167,25488,9410,16078,1970-01-01 07:57:59,1970-01-01 15:02:47,1970-01-01 07:04:48,1970-01-01 02:36:50,1970-01-01 04:27:58,van,62,166.80284881083307,23.07871714474176,"defaultdict(<class 'int'>, {6: 62})",hermes,m,6,77.0,0.0,0.0,1.0,1.0,0.4666666666666667,1.0,171.78,62.0506597576299,161.9196,0.0,233.83065975762992,1.2419354838709677,False
freight_dhl_31535_0_veh_cep_size_l_8_8,28670,53086,24416,15389,9027,1970-01-01 07:57:50,1970-01-01 14:44:46,1970-01-01 06:46:56,1970-01-01 04:16:29,1970-01-01 02:30:27,van,46,68.27522148429429,2.1490163756523057,"defaultdict(<class 'int'>, {6: 44, 7: 2})",dhl,l,6,122.0,0.0,0.21311475409836064,0.7868852459016393,1.0,0.5304347826086957,1.0,189.15,26.354235492937597,155.10942222222224,0.0,215.5042354929376,2.652173913043478,False
freight_dhl_30900_1_veh_cep_size_l_8_4,28677,56526,27849,16932,10917,1970-01-01 07:57:57,1970-01-01 15:42:06,1970-01-01 07:44:09,1970-01-01 04:42:12,1970-01-01 03:01:57,van,62,103.08969951984236,9.044550353379448,"defaultdict(<class 'int'>, {7: 13, 5: 12, 8: 37})",dhl,l,8,134.0,0.0,0.08208955223880597,0.917910447761194,1.0,0.5826086956521739,1.0,189.15,39.79262401465915,176.91850833333336,5.393508333333334,234.33613234799247,2.161290322580645,False
freight_dhl_31832_1_veh_cep_size_m_7_5,28682,58420,29738,19643,10095,1970-01-01 07:58:02,1970-01-01 16:13:40,1970-01-01 08:15:38,1970-01-01 05:27:23,1970-01-01 02:48:15,van,77,72.49121271906883,1.0158479419999327,"defaultdict(<class 'int'>, {6: 77})",dhl,m,6,158.0,0.0,0.12025316455696203,0.879746835443038,1.0,0.9575757575757575,1.0,171.78,26.966731131493603,188.91890555555557,17.393905555555556,216.14063668704918,2.051948051948052,False
freight_dhl_30159_veh_cep_size_l_7_7,28479,57836,29357,24852,4505,1970-01-01 07:54:39,1970-01-01 16:03:56,1970-01-01 08:09:17,1970-01-01 06:54:12,1970-01-01 01:15:05,van,26,20.98598031064931,3.6856766897066695,"defaultdict(<class 'int'>, {1: 26})",dhl,l,1,209.0,0.0,0.17703349282296652,0.8229665071770335,1.0,0.908695652173913,1.0,189.15,8.100588399910635,186.49849722222223,14.973497222222223,212.22408562213286,8.038461538461538,True
freight_dhl_30900_1_veh_cep_size_l_8_1,28677,58002,29325,17768,11557,1970-01-01 07:57:57,1970-01-01 16:06:42,1970-01-01 08:08:45,1970-01-01 04:56:08,1970-01-01 03:12:37,van,62,100.86327964757895,8.819963924040438,"defaultdict(<class 'int'>, {7: 42, 8: 20})",dhl,l,7,139.0,0.0,0.050359712230215826,0.9496402877697842,1.0,0.6043478260869565,1.0,189.15,38.933225943965475,186.29520833333336,14.770208333333334,242.85343427729882,2.2419354838709675,False
freight_dhl_31535_2_veh_cep_size_m_8_5,28690,57990,29300,19802,9498,1970-01-01 07:58:10,1970-01-01 16:06:30,1970-01-01 08:08:20,1970-01-01 05:30:02,1970-01-01 02:38:18,van,36,44.24331977238437,3.0997044247057293,"defaultdict(<class 'int'>, {6: 36})",dhl,m,6,156.0,0.0,0.08333333333333333,0.9166666666666666,1.0,0.9454545454545454,1.0,171.78,16.458514955326983,186.13638888888892,14.61138888888889,202.84990384421587,4.333333333333333,False
freight_dhl_30880_0_veh_cep_size_m_8_7,28693,35898,7205,4386,2819,1970-01-01 07:58:13,1970-01-01 09:58:18,1970-01-01 02:00:05,1970-01-01 01:13:06,1970-01-01 00:46:59,van,10,27.53191397663654,7.292416758913941,"defaultdict(<class 'int'>, {3: 10})",dhl,m,3,35.0,0.0,0.5428571428571428,0.45714285714285713,1.0,0.21212121212121213,1.0,171.78,10.241871999308794,45.77176388888889,0.0,182.0218719993088,3.5,False
freight_dhl_31319_1_veh_cep_size_m_7_4,28695,57627,28932,19821,9111,1970-01-01 07:58:15,1970-01-01 16:00:27,1970-01-01 08:02:12,1970-01-01 05:30:21,1970-01-01 02:31:51,van,63,58.908894422021255,1.316342163006034,"defaultdict(<class 'int'>, {6: 63})",dhl,m,6,159.0,0.0,0.12578616352201258,0.8742138364779874,1.0,0.9636363636363636,1.0,171.78,21.914108724991905,183.7985666666667,12.273566666666667,205.9676753916586,2.5238095238095237,False
freight_dhl_30853_veh_cep_size_l_8_7,28492,58241,29749,23537,6212,1970-01-01 07:54:52,1970-01-01 16:10:41,1970-01-01 08:15:49,1970-01-01 06:32:17,1970-01-01 01:43:32,van,27,40.874584158389375,7.743764523207541,"defaultdict(<class 'int'>, {6: 27})",dhl,l,6,227.0,0.0,0.13656387665198239,0.8634361233480177,1.0,0.9869565217391304,1.0,189.15,15.777589485138298,188.98878611111112,17.463786111111112,222.39137559624942,8.407407407407407,False
freight_dhl_30900_2_veh_cep_size_l_8_2,28690,64215,35525,19084,16441,1970-01-01 07:58:10,1970-01-01 17:50:15,1970-01-01 09:52:05,1970-01-01 05:18:04,1970-01-01 04:34:01,van,48,96.55923428544128,4.762522712578212,"defaultdict(<class 'int'>, {8: 16, 7: 32})",dhl,l,7,146.0,0.0,0.1232876712328767,0.8767123287671232,1.0,0.6347826086956522,1.0,189.15,37.27186443418034,225.68243055555558,54.157430555555564,280.5792949897359,3.0416666666666665,False
freight_dhl_31535_0_veh_cep_size_m_8_10,28698,52714,24016,12765,11251,1970-01-01 07:58:18,1970-01-01 14:38:34,1970-01-01 06:40:16,1970-01-01 03:32:45,1970-01-01 03:07:31,van,40,84.68823025447645,0.9838921021022684,"defaultdict(<class 'int'>, {6: 37, 7: 3})",dhl,m,6,118.0,0.0,0.13559322033898305,0.864406779661017,1.0,0.7151515151515152,1.0,171.78,31.50402165466524,152.56831111111111,0.0,203.28402165466525,2.95,False
freight_dhl_30974_1_veh_cep_size_m_7_4,28703,46346,17643,12351,5292,1970-01-01 07:58:23,1970-01-01 12:52:26,1970-01-01 04:54:03,1970-01-01 03:25:51,1970-01-01 01:28:12,van,45,37.65667642582444,0.2603523770422017,"defaultdict(<class 'int'>, {7: 45})",dhl,m,7,99.0,0.0,0.16161616161616163,0.8383838383838383,1.0,0.6,1.0,171.78,14.008283630406693,112.08205833333335,0.0,185.78828363040668,2.2,False
freight_dpd_30419_veh_cep_size_m_7_3,28703,62111,33408,16059,17349,1970-01-01 07:58:23,1970-01-01 17:15:11,1970-01-01 09:16:48,1970-01-01 04:27:39,1970-01-01 04:49:09,van,70,115.66967761810433,22.674848497949718,"defaultdict(<class 'int'>, {6: 11, 5: 39, 3: 20})",dpd,m,5,128.0,0.0,0.1640625,0.8359375,1.0,0.7757575757575758,1.0,171.78,43.02912007393481,212.23360000000002,40.708600000000004,255.5177200739348,1.8285714285714285,True
freight_dhl_31275_2_veh_cep_size_m_8_8,28705,40247,11542,8918,2624,1970-01-01 07:58:25,1970-01-01 11:10:47,1970-01-01 03:12:22,1970-01-01 02:28:38,1970-01-01 00:43:44,van,19,19.546830325243647,1.395589930883627,"defaultdict(<class 'int'>, {6: 19})",dhl,m,6,70.0,0.0,0.17142857142857143,0.8285714285714286,1.0,0.42424242424242425,1.0,171.78,7.271420880990637,73.32376111111112,0.0,179.05142088099063,3.6842105263157894,False
freight_dhl_30171_veh_cep_size_l_7_4,28500,56969,28469,23528,4941,1970-01-01 07:55:00,1970-01-01 15:49:29,1970-01-01 07:54:29,1970-01-01 06:32:08,1970-01-01 01:22:21,van,25,23.122020795483994,4.15776039464669,"defaultdict(<class 'int'>, {2: 25})",dhl,l,2,192.0,0.0,0.15625,0.84375,1.0,0.8347826086956521,1.0,189.15,8.925100027056821,180.85723055555556,9.332230555555556,207.4073305826124,7.68,True
freight_dhl_30455_veh_cep_size_l_8_5,28710,56048,27338,22492,4846,1970-01-01 07:58:30,1970-01-01 15:34:08,1970-01-01 07:35:38,1970-01-01 06:14:52,1970-01-01 01:20:46,van,49,34.667487874158404,4.102205871316781,"defaultdict(<class 'int'>, {4: 49})",dhl,l,4,185.0,0.0,0.05945945945945946,0.9405405405405406,1.0,0.8043478260869565,1.0,189.15,13.381650319425145,173.6722388888889,2.147238888888889,204.67888920831405,3.7755102040816326,True
freight_fedex_31275_veh_cep_size_l_8_2,28714,58531,29817,12067,17750,1970-01-01 07:58:34,1970-01-01 16:15:31,1970-01-01 08:16:57,1970-01-01 03:21:07,1970-01-01 04:55:50,van,56,187.8897972547658,28.490560078569892,"defaultdict(<class 'int'>, {6: 52, 7: 3, 8: 1})",fedex,l,6,98.0,0.0,0.8367346938775511,0.16326530612244897,1.0,0.4260869565217391,1.0,189.15,72.5254617403396,189.42077500000002,17.895775,279.5712367403396,1.75,False
freight_dhl_30177_veh_cep_size_l_8_4,28534,59667,31133,20718,10415,1970-01-01 07:55:34,1970-01-01 16:34:27,1970-01-01 08:38:53,1970-01-01 05:45:18,1970-01-01 02:53:35,van,47,53.00030442512638,4.115239526565791,"defaultdict(<class 'int'>, {2: 47})",dhl,l,2,167.0,0.0,0.1437125748502994,0.8562874251497006,1.0,0.7260869565217392,1.0,189.15,20.458117508098784,197.78103055555556,26.256030555555558,235.86414806365434,3.5531914893617023,True
freight_dhl_30455_veh_cep_size_l_8_2,28710,58303,29593,22166,7427,1970-01-01 07:58:30,1970-01-01 16:11:43,1970-01-01 08:13:13,1970-01-01 06:09:26,1970-01-01 02:03:47,van,30,49.307738064821734,4.727681747671583,"defaultdict(<class 'int'>, {4: 30})",dhl,l,4,176.0,0.0,0.2159090909090909,0.7840909090909091,1.0,0.7652173913043478,1.0,189.15,19.03278689302119,187.9977527777778,16.472752777777778,224.65553967079896,5.866666666666666,True
freight_dhl_30826_0_veh_cep_size_l_8_4,28720,55867,27147,17049,10098,1970-01-01 07:58:40,1970-01-01 15:31:07,1970-01-01 07:32:27,1970-01-01 04:44:09,1970-01-01 02:48:18,van,53,75.47970551479021,2.5302781851675573,"defaultdict(<class 'int'>, {8: 41, 7: 12})",dhl,l,8,136.0,0.0,0.19852941176470587,0.8014705882352942,1.0,0.591304347826087,1.0,189.15,29.135166328709023,172.45885833333335,0.9338583333333335,219.2190246620424,2.5660377358490565,False
freight_dhl_30974_1_veh_cep_size_l_7_3,28703,57635,28932,19386,9546,1970-01-01 07:58:23,1970-01-01 16:00:35,1970-01-01 08:02:12,1970-01-01 05:23:06,1970-01-01 02:39:06,van,66,70.06730753490002,3.0311131820119463,"defaultdict(<class 'int'>, {7: 38, 8: 28})",dhl,l,7,156.0,0.0,0.038461538461538464,0.9615384615384616,1.0,0.6782608695652174,1.0,189.15,27.04598070847141,183.7985666666667,12.273566666666667,228.46954737513806,2.3636363636363638,False
freight_hermes_30161_veh_cep_size_m_8_3,28724,40729,12005,6099,5906,1970-01-01 07:58:44,1970-01-01 11:18:49,1970-01-01 03:20:05,1970-01-01 01:41:39,1970-01-01 01:38:26,van,39,41.849762439881786,10.2587616600285,"defaultdict(<class 'int'>, {3: 10, 2: 29})",hermes,m,2,50.0,0.0,0.1,0.9,1.0,0.30303030303030304,1.0,171.78,15.568111627636025,76.26509722222222,0.0,187.34811162763603,1.2820512820512822,True
freight_ups_30853_veh_cep_size_l_8_1,28727,58234,29507,20735,8772,1970-01-01 07:58:47,1970-01-01 16:10:34,1970-01-01 08:11:47,1970-01-01 05:45:35,1970-01-01 02:26:12,van,56,62.49658552229899,2.3022986983612173,"defaultdict(<class 'int'>, {6: 56})",ups,l,6,166.0,0.0,0.8192771084337349,0.18072289156626506,1.0,0.7217391304347827,1.0,189.15,24.12368201160741,187.4514138888889,15.92641388888889,229.2000959004963,2.9642857142857144,False
freight_dhl_30177_veh_cep_size_l_7_5,28534,58054,29520,22563,6957,1970-01-01 07:55:34,1970-01-01 16:07:34,1970-01-01 08:12:00,1970-01-01 06:16:03,1970-01-01 01:55:57,van,35,32.38557807286827,4.10317424440316,"defaultdict(<class 'int'>, {2: 35})",dhl,l,2,183.0,0.0,0.11475409836065574,0.8852459016393442,1.0,0.7956521739130434,1.0,189.15,12.500833136127152,187.53400000000002,16.009,217.65983313612713,5.228571428571429,True
freight_dhl_30823_0_veh_cep_size_l_8_2,28722,56344,27622,21283,6339,1970-01-01 07:58:42,1970-01-01 15:39:04,1970-01-01 07:40:22,1970-01-01 05:54:43,1970-01-01 01:45:39,van,39,42.409766105677484,5.276844609608114,"defaultdict(<class 'int'>, {4: 10, 6: 29})",dhl,l,6,173.0,0.0,0.046242774566473986,0.953757225433526,1.0,0.7521739130434782,1.0,189.15,16.37016971679151,175.4764277777778,3.951427777777778,209.4715974945693,4.435897435897436,False
freight_dhl_30163_veh_cep_size_l_7_1,28535,57204,28669,23834,4835,1970-01-01 07:55:35,1970-01-01 15:53:24,1970-01-01 07:57:49,1970-01-01 06:37:14,1970-01-01 01:20:35,van,36,25.90414578438994,3.006040983915297,"defaultdict(<class 'int'>, {2: 25, 3: 11})",dhl,l,2,198.0,0.0,0.09595959595959595,0.9040404040404041,1.0,0.8608695652173913,1.0,189.15,9.999000272774516,182.12778611111113,10.602786111111111,209.75178638388562,5.5,True
freight_dhl_30823_0_veh_cep_size_m_8_6,28731,31151,2420,726,1694,1970-01-01 07:58:51,1970-01-01 08:39:11,1970-01-01 00:40:20,1970-01-01 00:12:06,1970-01-01 00:28:14,van,6,14.700326777224106,3.4864675758187476,"defaultdict(<class 'int'>, {6: 2, 4: 4})",dhl,m,4,6.0,0.0,0.0,1.0,1.0,0.03636363636363636,1.0,171.78,5.468521561127368,15.373722222222224,0.0,177.24852156112738,1.0,False
freight_dhl_30175_veh_cep_size_l_7_3,28542,57969,29427,23919,5508,1970-01-01 07:55:42,1970-01-01 16:06:09,1970-01-01 08:10:27,1970-01-01 06:38:39,1970-01-01 01:31:48,van,43,30.400217813049196,2.736811180203212,"defaultdict(<class 'int'>, {2: 4, 4: 36, 5: 2, 1: 1})",dhl,l,4,198.0,0.0,0.15656565656565657,0.8434343434343434,1.0,0.8608695652173913,1.0,189.15,11.73448407583699,186.94319166666668,15.418191666666669,216.30267574250368,4.604651162790698,True
freight_dhl_30459_veh_cep_size_l_8_5,28748,62189,33441,20657,12784,1970-01-01 07:59:08,1970-01-01 17:16:29,1970-01-01 09:17:21,1970-01-01 05:44:17,1970-01-01 03:33:04,van,50,72.42806444438878,3.026824044939055,"defaultdict(<class 'int'>, {4: 22, 3: 28})",dhl,l,3,167.0,0.0,0.09580838323353294,0.9041916167664671,1.0,0.7260869565217392,1.0,189.15,27.95723287553407,212.4432416666667,40.918241666666674,258.02547454220075,3.34,True
freight_dhl_31515_1_veh_cep_size_m_7_8,28753,51926,23173,17327,5846,1970-01-01 07:59:13,1970-01-01 14:25:26,1970-01-01 06:26:13,1970-01-01 04:48:47,1970-01-01 01:37:26,van,52,45.929943155805134,0.8613534410133384,"defaultdict(<class 'int'>, {6: 52})",dhl,m,6,139.0,0.0,0.18705035971223022,0.8129496402877698,1.0,0.8424242424242424,1.0,171.78,17.085938853959508,147.21291944444445,0.0,188.8659388539595,2.673076923076923,False
freight_dhl_30161_veh_cep_size_l_7_1,28543,56894,28351,24768,3583,1970-01-01 07:55:43,1970-01-01 15:48:14,1970-01-01 07:52:31,1970-01-01 06:52:48,1970-01-01 00:59:43,van,29,24.075455616272997,2.8889382326666824,"defaultdict(<class 'int'>, {2: 23, 1: 4, 4: 2})",dhl,l,2,204.0,0.0,0.15196078431372548,0.8480392156862745,1.0,0.8869565217391304,1.0,189.15,9.293125867881377,180.1076027777778,8.582602777777778,207.02572864565914,7.0344827586206895,True
freight_dhl_30175_veh_cep_size_l_7_4,28553,56459,27906,24384,3522,1970-01-01 07:55:53,1970-01-01 15:40:59,1970-01-01 07:45:06,1970-01-01 06:46:24,1970-01-01 00:58:42,van,32,22.60909794044556,3.067551060647584,"defaultdict(<class 'int'>, {1: 11, 2: 18, 4: 3})",dhl,l,2,199.0,0.0,0.22613065326633167,0.7738693467336684,1.0,0.8652173913043478,1.0,189.15,8.727111805011987,177.28061666666667,5.7556166666666675,203.63272847167866,6.21875,True
freight_dhl_30167_veh_cep_size_m_8_1,28617,63313,34696,17763,16933,1970-01-01 07:56:57,1970-01-01 17:35:13,1970-01-01 09:38:16,1970-01-01 04:56:03,1970-01-01 04:42:13,van,42,110.27687749231863,2.264978695399549,"defaultdict(<class 'int'>, {3: 41, 1: 1})",dhl,m,3,165.0,0.0,0.10909090909090909,0.8909090909090909,1.0,1.0,1.0,171.78,41.02299842714253,220.4159777777778,48.890977777777785,261.6939762049203,3.9285714285714284,True
freight_dhl_31319_0_veh_cep_size_l_8_5,28782,64079,35297,23056,12241,1970-01-01 07:59:42,1970-01-01 17:47:59,1970-01-01 09:48:17,1970-01-01 06:24:16,1970-01-01 03:24:01,van,95,106.07850769402204,4.822949803458636,"defaultdict(<class 'int'>, {6: 85, 5: 10})",dhl,l,6,185.0,0.0,0.07567567567567568,0.9243243243243243,1.0,0.8043478260869565,1.0,189.15,40.946303969892504,224.23399722222226,52.70899722222223,282.80530119211477,1.9473684210526316,False
freight_dhl_31319_0_veh_cep_size_l_8_2,28782,57164,28382,19668,8714,1970-01-01 07:59:42,1970-01-01 15:52:44,1970-01-01 07:53:02,1970-01-01 05:27:48,1970-01-01 02:25:14,van,52,76.07118172083825,7.951589305641684,"defaultdict(<class 'int'>, {8: 30, 7: 15, 6: 6, 5: 1})",dhl,l,8,157.0,0.0,0.044585987261146494,0.9554140127388535,1.0,0.6826086956521739,1.0,189.15,29.363476144243567,180.3045388888889,8.77953888888889,227.29301503313246,3.019230769230769,False
freight_fedex_30159_veh_cep_size_l_8_5,28785,59580,30795,23268,7527,1970-01-01 07:59:45,1970-01-01 16:33:00,1970-01-01 08:33:15,1970-01-01 06:27:48,1970-01-01 02:05:27,van,35,45.46577744757784,13.73443077489353,"defaultdict(<class 'int'>, {1: 34, 2: 1})",fedex,l,1,198.0,0.0,0.9292929292929293,0.0707070707070707,1.0,0.8608695652173913,1.0,189.15,17.549790094765047,195.6337916666667,24.10879166666667,230.80858176143172,5.6571428571428575,True
freight_dhl_30167_veh_cep_size_l_7_2,28617,58501,29884,24041,5843,1970-01-01 07:56:57,1970-01-01 16:15:01,1970-01-01 08:18:04,1970-01-01 06:40:41,1970-01-01 01:37:23,van,19,35.42020790577571,2.2123335311064576,"defaultdict(<class 'int'>, {3: 19})",dhl,l,3,200.0,0.0,0.125,0.875,1.0,0.8695652173913043,1.0,189.15,13.672200251629425,189.84641111111114,18.321411111111114,221.14361136274053,10.526315789473685,True
freight_dhl_30880_1_veh_cep_size_l_8_3,28790,59041,30251,21924,8327,1970-01-01 07:59:50,1970-01-01 16:24:01,1970-01-01 08:24:11,1970-01-01 06:05:24,1970-01-01 02:18:47,van,38,60.27578349241961,7.264428115528591,"defaultdict(<class 'int'>, {6: 32, 3: 5, 7: 1})",dhl,l,6,193.0,0.0,0.12953367875647667,0.8704663212435233,1.0,0.8391304347826087,1.0,189.15,23.266452428073972,192.17788055555556,20.65288055555556,233.06933298362952,5.078947368421052,False
freight_dhl_30880_1_veh_cep_size_l_8_2,28790,57351,28561,20746,7815,1970-01-01 07:59:50,1970-01-01 15:55:51,1970-01-01 07:56:01,1970-01-01 05:45:46,1970-01-01 02:10:15,van,26,50.89033271303638,6.945859965622299,"defaultdict(<class 'int'>, {3: 4, 6: 22})",dhl,l,6,165.0,0.0,0.24242424242424243,0.7575757575757576,1.0,0.717391304347826,1.0,189.15,19.643668427232043,181.44168611111112,9.916686111111112,218.71035453834315,6.346153846153846,False
freight_dhl_30823_1_veh_cep_size_m_8_5,28795,56606,27811,20419,7392,1970-01-01 07:59:55,1970-01-01 15:43:26,1970-01-01 07:43:31,1970-01-01 05:40:19,1970-01-01 02:03:12,van,53,62.64056261351009,4.62294559283821,"defaultdict(<class 'int'>, {4: 18, 8: 35})",dhl,m,8,165.0,0.0,0.07878787878787878,0.9212121212121213,1.0,1.0,1.0,171.78,23.302289292225755,176.6771027777778,5.152102777777778,200.23439207000354,3.1132075471698113,False
freight_dhl_30161_veh_cep_size_l_7_2,28626,56196,27570,25126,2444,1970-01-01 07:57:06,1970-01-01 15:36:36,1970-01-01 07:39:30,1970-01-01 06:58:46,1970-01-01 00:40:44,van,18,16.344255783327245,2.1826034056214376,"defaultdict(<class 'int'>, {2: 11, 1: 7})",dhl,l,2,217.0,0.0,0.21658986175115208,0.783410138248848,1.0,0.9434782608695652,1.0,189.15,6.308882732364316,175.14608333333334,3.621083333333334,199.07996606569765,12.055555555555555,True
freight_dhl_30890_0_veh_cep_size_m_8_6,28798,57338,28540,19586,8954,1970-01-01 07:59:58,1970-01-01 15:55:38,1970-01-01 07:55:40,1970-01-01 05:26:26,1970-01-01 02:29:14,van,54,91.8558688856892,6.2857177785419225,"defaultdict(<class 'int'>, {5: 20, 4: 3, 8: 31})",dhl,m,8,154.0,0.0,0.06493506493506493,0.935064935064935,1.0,0.9333333333333333,1.0,171.78,34.170383225476385,181.3082777777778,9.783277777777778,215.73366100325418,2.8518518518518516,False
freight_dhl_30163_veh_cep_size_l_7_7,28632,55274,26642,23806,2836,1970-01-01 07:57:12,1970-01-01 15:21:14,1970-01-01 07:24:02,1970-01-01 06:36:46,1970-01-01 00:47:16,van,29,16.364716703163232,2.156581201318799,"defaultdict(<class 'int'>, {2: 27, 3: 2})",dhl,l,2,201.0,0.0,0.22388059701492538,0.7761194029850746,1.0,0.8739130434782608,1.0,189.15,6.316780647421008,169.25070555555558,0.0,195.46678064742102,6.931034482758621,True
freight_dhl_30890_0_veh_cep_size_m_8_2,28798,57399,28601,16929,11672,1970-01-01 07:59:58,1970-01-01 15:56:39,1970-01-01 07:56:41,1970-01-01 04:42:09,1970-01-01 03:14:32,van,39,93.33085431930819,14.104910362104704,"defaultdict(<class 'int'>, {4: 14, 8: 19, 5: 1, 7: 5})",dhl,m,8,133.0,0.0,0.09774436090225563,0.9022556390977443,1.0,0.806060606060606,1.0,171.78,34.71907780678264,181.69579722222224,10.170797222222223,216.66987502900488,3.41025641025641,False
freight_dhl_30163_veh_cep_size_l_7_5,28632,55304,26672,22421,4251,1970-01-01 07:57:12,1970-01-01 15:21:44,1970-01-01 07:24:32,1970-01-01 06:13:41,1970-01-01 01:10:51,van,38,28.513704004825318,1.9363663399657098,"defaultdict(<class 'int'>, {2: 30, 3: 7, 5: 1})",dhl,l,2,189.0,0.0,0.09523809523809523,0.9047619047619048,1.0,0.8217391304347826,1.0,189.15,11.006289745862572,169.4412888888889,0.0,200.15628974586258,4.973684210526316,True
freight_dhl_30161_veh_cep_size_l_7_6,28646,54917,26271,23590,2681,1970-01-01 07:57:26,1970-01-01 15:15:17,1970-01-01 07:17:51,1970-01-01 06:33:10,1970-01-01 00:44:41,van,26,17.856522304702665,2.0247812536112386,"defaultdict(<class 'int'>, {2: 26})",dhl,l,2,195.0,0.0,0.15897435897435896,0.841025641025641,1.0,0.8478260869565217,1.0,189.15,6.892617609615229,166.89382500000002,0.0,196.04261760961523,7.5,True
freight_fedex_30167_veh_cep_size_m_7_1,28825,55912,27087,18623,8464,1970-01-01 08:00:25,1970-01-01 15:31:52,1970-01-01 07:31:27,1970-01-01 05:10:23,1970-01-01 02:21:04,van,49,64.21265457849503,14.05603072550121,"defaultdict(<class 'int'>, {3: 48, 1: 1})",fedex,m,3,150.0,0.0,0.9133333333333333,0.08666666666666667,1.0,0.9090909090909091,1.0,171.78,23.887107503200152,172.07769166666668,0.5526916666666667,196.21979916986683,3.061224489795918,True
freight_dhl_30161_veh_cep_size_l_7_9,28660,56601,27941,22925,5016,1970-01-01 07:57:40,1970-01-01 15:43:21,1970-01-01 07:45:41,1970-01-01 06:22:05,1970-01-01 01:23:36,van,35,32.552164051129026,1.4640380890998541,"defaultdict(<class 'int'>, {3: 17, 1: 7, 2: 11})",dhl,l,3,189.0,0.0,0.15873015873015872,0.8412698412698413,1.0,0.8217391304347826,1.0,189.15,12.565135323735804,177.5029638888889,5.9779638888888895,207.6930992126247,5.4,True
freight_dpd_30916_veh_cep_size_m_8_2,28838,61391,32553,16476,16077,1970-01-01 08:00:38,1970-01-01 17:03:11,1970-01-01 09:02:33,1970-01-01 04:34:36,1970-01-01 04:27:57,van,82,140.46180854656438,12.988671427797518,"defaultdict(<class 'int'>, {6: 2, 7: 47, 8: 33})",dpd,m,7,131.0,0.0,0.1984732824427481,0.8015267175572519,1.0,0.793939393939394,1.0,171.78,52.25179277932195,206.80197500000003,35.276975,259.30876777932195,1.5975609756097562,False
freight_dhl_30161_veh_cep_size_l_7_8,28660,56489,27829,24214,3615,1970-01-01 07:57:40,1970-01-01 15:41:29,1970-01-01 07:43:49,1970-01-01 06:43:34,1970-01-01 01:00:15,van,30,22.568926404178633,1.6224477577744802,"defaultdict(<class 'int'>, {3: 3, 1: 4, 2: 23})",dhl,l,2,206.0,0.0,0.0970873786407767,0.9029126213592233,1.0,0.8956521739130435,1.0,189.15,8.711605592012953,176.7914527777778,5.266452777777778,203.12805836979072,6.866666666666666,True
freight_dpd_30655_veh_cep_size_m_8_2,28841,57024,28183,16940,11243,1970-01-01 08:00:41,1970-01-01 15:50:24,1970-01-01 07:49:43,1970-01-01 04:42:20,1970-01-01 03:07:23,van,74,85.16978470569289,13.936853196400593,"defaultdict(<class 'int'>, {4: 65, 2: 9})",dpd,m,4,136.0,0.0,0.21323529411764705,0.7867647058823529,1.0,0.8242424242424242,1.0,171.78,31.683159910517755,179.04033611111112,7.515336111111112,210.97849602162887,1.837837837837838,True
freight_dhl_30966_1_veh_cep_size_l_8_3,28847,57342,28495,20137,8358,1970-01-01 08:00:47,1970-01-01 15:55:42,1970-01-01 07:54:55,1970-01-01 05:35:37,1970-01-01 02:19:18,van,62,62.07804838631555,3.874015693294838,"defaultdict(<class 'int'>, {4: 30, 6: 32})",dhl,l,6,163.0,0.0,0.08588957055214724,0.9141104294478528,1.0,0.7086956521739131,1.0,189.15,23.962126677117805,181.02240277777778,9.49740277777778,222.60952945489558,2.629032258064516,False
freight_dhl_30165_veh_cep_size_l_7_5,28666,57336,28670,23967,4703,1970-01-01 07:57:46,1970-01-01 15:55:36,1970-01-01 07:57:50,1970-01-01 06:39:27,1970-01-01 01:18:23,van,30,29.761266031369328,1.4819968191817456,"defaultdict(<class 'int'>, {3: 28, 5: 2})",dhl,l,3,193.0,0.0,0.12435233160621761,0.8756476683937824,1.0,0.8391304347826087,1.0,189.15,11.48784868810856,182.1341388888889,10.60913888888889,211.24698757699744,6.433333333333334,True
freight_dhl_30926_1_veh_cep_size_l_8_6,28853,54382,25529,20529,5000,1970-01-01 08:00:53,1970-01-01 15:06:22,1970-01-01 07:05:29,1970-01-01 05:42:09,1970-01-01 01:23:20,van,37,40.20905228835123,5.118315789277955,"defaultdict(<class 'int'>, {7: 2, 8: 1, 6: 34})",dhl,l,6,166.0,0.0,0.1144578313253012,0.8855421686746988,1.0,0.7217391304347827,1.0,189.15,15.520694183303576,162.1800638888889,0.0,204.67069418330357,4.486486486486487,False
freight_dhl_30966_1_veh_cep_size_l_8_2,28847,57711,28864,21403,7461,1970-01-01 08:00:47,1970-01-01 16:01:51,1970-01-01 08:01:04,1970-01-01 05:56:43,1970-01-01 02:04:21,van,33,52.89451927396159,5.4860737742231676,"defaultdict(<class 'int'>, {6: 11, 4: 22})",dhl,l,4,170.0,0.0,0.18235294117647058,0.8176470588235294,1.0,0.7391304347826086,1.0,189.15,20.417284439749174,183.3665777777778,11.841577777777779,221.40886221752697,5.151515151515151,False
freight_dpd_30167_veh_cep_size_l_7_1,28843,60280,31437,17330,14107,1970-01-01 08:00:43,1970-01-01 16:44:40,1970-01-01 08:43:57,1970-01-01 04:48:50,1970-01-01 03:55:07,van,68,100.473220043189,19.45827023150456,"defaultdict(<class 'int'>, {3: 68})",dpd,l,3,139.0,0.0,0.2446043165467626,0.7553956834532374,1.0,0.6043478260869565,1.0,189.15,38.78266293667095,199.712275,28.187275000000003,256.11993793667096,2.0441176470588234,True
freight_ups_30657_veh_cep_size_l_8_1,28858,58029,29171,18410,10761,1970-01-01 08:00:58,1970-01-01 16:07:09,1970-01-01 08:06:11,1970-01-01 05:06:50,1970-01-01 02:59:21,van,45,79.4823919169995,7.432021002824708,"defaultdict(<class 'int'>, {4: 29, 8: 16})",ups,l,4,168.0,0.0,0.8571428571428571,0.14285714285714285,1.0,0.7304347826086957,1.0,189.15,30.68020327996181,185.31688055555557,13.791880555555556,233.62208383551737,3.7333333333333334,True
freight_dhl_30165_veh_cep_size_l_7_4,28666,57885,29219,21644,7575,1970-01-01 07:57:46,1970-01-01 16:04:45,1970-01-01 08:06:59,1970-01-01 06:00:44,1970-01-01 02:06:15,van,37,43.95275831952613,1.0548621164787193,"defaultdict(<class 'int'>, {3: 36, 5: 1})",dhl,l,3,174.0,0.0,0.14942528735632185,0.8505747126436781,1.0,0.7565217391304347,1.0,189.15,16.965764711337087,185.6218138888889,14.09681388888889,220.21257860022598,4.702702702702703,True
freight_dhl_30926_1_veh_cep_size_l_8_4,28853,55959,27106,20507,6599,1970-01-01 08:00:53,1970-01-01 15:32:39,1970-01-01 07:31:46,1970-01-01 05:41:47,1970-01-01 01:49:59,van,57,44.152627241951265,3.2088697340060732,"defaultdict(<class 'int'>, {6: 1, 4: 56})",dhl,l,4,167.0,0.0,0.09580838323353294,0.9041916167664671,1.0,0.7260869565217392,1.0,189.15,17.042914115393188,172.19839444444446,0.6733944444444445,206.86630855983765,2.9298245614035086,False
freight_dhl_30449_veh_cep_size_l_8_7,28855,58652,29797,23447,6350,1970-01-01 08:00:55,1970-01-01 16:17:32,1970-01-01 08:16:37,1970-01-01 06:30:47,1970-01-01 01:45:50,van,30,36.41993749159291,4.200482977232364,"defaultdict(<class 'int'>, {3: 30})",dhl,l,3,197.0,0.0,0.19796954314720813,0.8020304568527918,1.0,0.8565217391304348,1.0,189.15,14.058095871754864,189.29371944444446,17.768719444444447,220.97681531619932,6.566666666666666,True
freight_dpd_31832_veh_cep_size_m_7_1,28860,57868,29008,9942,19066,1970-01-01 08:01:00,1970-01-01 16:04:28,1970-01-01 08:03:28,1970-01-01 02:45:42,1970-01-01 05:17:46,van,61,170.9124909686475,38.430936326406005,"defaultdict(<class 'int'>, {7: 16, 6: 45})",dpd,m,6,80.0,0.0,0.1625,0.8375,1.0,0.48484848484848486,1.0,171.78,63.57944664033687,184.2813777777778,12.756377777777779,248.11582441811464,1.3114754098360655,False
freight_dhl_30165_veh_cep_size_l_7_6,28668,56680,28012,24405,3607,1970-01-01 07:57:48,1970-01-01 15:44:40,1970-01-01 07:46:52,1970-01-01 06:46:45,1970-01-01 01:00:07,van,32,22.108663035771823,1.6066472449875695,"defaultdict(<class 'int'>, {3: 28, 5: 4})",dhl,l,3,201.0,0.0,0.09950248756218906,0.900497512437811,1.0,0.8739130434782608,1.0,189.15,8.533943931807924,177.95401111111113,6.4290111111111115,204.11295504291905,6.28125,True
freight_dhl_30966_0_veh_cep_size_l_8_2,28870,56613,27743,23252,4491,1970-01-01 08:01:10,1970-01-01 15:43:33,1970-01-01 07:42:23,1970-01-01 06:27:32,1970-01-01 01:14:51,van,25,42.26490404054906,6.735272143243009,"defaultdict(<class 'int'>, {4: 16, 8: 9})",dhl,l,4,184.0,0.0,0.04891304347826087,0.9510869565217391,1.0,0.8,1.0,189.15,16.314252959651938,176.2451138888889,4.720113888888889,210.18436684854083,7.36,False
freight_dhl_30926_1_veh_cep_size_l_8_3,28853,56436,27583,21137,6446,1970-01-01 08:00:53,1970-01-01 15:40:36,1970-01-01 07:39:43,1970-01-01 05:52:17,1970-01-01 01:47:26,van,43,43.51278733232561,7.752370481544508,"defaultdict(<class 'int'>, {8: 6, 4: 37})",dhl,l,4,169.0,0.0,0.08875739644970414,0.9112426035502958,1.0,0.7347826086956522,1.0,189.15,16.795935910277684,175.22866944444445,3.703669444444445,209.64960535472213,3.9302325581395348,False
freight_dhl_30449_veh_cep_size_l_8_6,28855,59762,30907,23881,7026,1970-01-01 08:00:55,1970-01-01 16:36:02,1970-01-01 08:35:07,1970-01-01 06:38:01,1970-01-01 01:57:06,van,39,32.08061490700025,2.486502792711531,"defaultdict(<class 'int'>, {3: 39})",dhl,l,3,193.0,0.0,0.10362694300518134,0.8963730569948186,1.0,0.8391304347826087,1.0,189.15,12.383117354102097,196.3453027777778,24.82030277777778,226.3534201318799,4.948717948717949,True
freight_dhl_30167_veh_cep_size_l_7_4,28673,56885,28212,24486,3726,1970-01-01 07:57:53,1970-01-01 15:48:05,1970-01-01 07:50:12,1970-01-01 06:48:06,1970-01-01 01:02:06,van,26,22.053154127137326,1.2374128259508228,"defaultdict(<class 'int'>, {3: 23, 1: 3})",dhl,l,3,220.0,0.0,0.12272727272727273,0.8772727272727273,1.0,0.9565217391304348,1.0,189.15,8.512517493075007,179.22456666666668,7.699566666666668,205.36208415974167,8.461538461538462,True
freight_dhl_30926_1_veh_cep_size_l_8_2,28853,58289,29436,23917,5519,1970-01-01 08:00:53,1970-01-01 16:11:29,1970-01-01 08:10:36,1970-01-01 06:38:37,1970-01-01 01:31:59,van,28,43.509107419967435,7.625295932159723,"defaultdict(<class 'int'>, {8: 12, 4: 14, 6: 2})",dhl,l,4,209.0,0.0,0.12440191387559808,0.8755980861244019,1.0,0.908695652173913,1.0,189.15,16.79451546410743,187.00036666666668,15.475366666666668,221.4198821307741,7.464285714285714,False
freight_dhl_30449_veh_cep_size_l_8_1,28855,59192,30337,22695,7642,1970-01-01 08:00:55,1970-01-01 16:26:32,1970-01-01 08:25:37,1970-01-01 06:18:15,1970-01-01 02:07:22,van,36,36.20365273015512,4.8538936785521765,"defaultdict(<class 'int'>, {3: 36})",dhl,l,3,185.0,0.0,0.21081081081081082,0.7891891891891892,1.0,0.8043478260869565,1.0,189.15,13.974609953839877,192.72421944444446,21.199219444444445,224.32382939828435,5.138888888888889,True
freight_gls_30179_veh_cep_size_m_8_2,28898,52600,23702,12224,11478,1970-01-01 08:01:38,1970-01-01 14:36:40,1970-01-01 06:35:02,1970-01-01 03:23:44,1970-01-01 03:11:18,van,55,83.25570061949058,19.150384658250164,"defaultdict(<class 'int'>, {4: 20, 5: 35})",gls,m,5,98.0,0.0,0.09183673469387756,0.9081632653061225,1.0,0.593939393939394,1.0,171.78,30.971120630450496,150.5735388888889,0.0,202.7511206304505,1.7818181818181817,True
freight_dhl_30165_veh_cep_size_m_7_8,28694,51151,22457,19532,2925,1970-01-01 07:58:14,1970-01-01 14:12:31,1970-01-01 06:14:17,1970-01-01 05:25:32,1970-01-01 00:48:45,van,32,17.693999113958622,1.2733690516524423,"defaultdict(<class 'int'>, {3: 32})",dhl,m,3,161.0,0.0,0.12422360248447205,0.8757763975155279,1.0,0.9757575757575757,1.0,171.78,6.582167670392607,142.66433055555558,0.0,178.3621676703926,5.03125,True
freight_dhl_30457_veh_cep_size_l_8_7,28910,53225,24315,20931,3384,1970-01-01 08:01:50,1970-01-01 14:47:05,1970-01-01 06:45:15,1970-01-01 05:48:51,1970-01-01 00:56:24,van,25,26.80936001788721,2.9284540027217054,"defaultdict(<class 'int'>, {3: 24, 4: 1})",dhl,l,3,170.0,0.0,0.1411764705882353,0.8588235294117647,1.0,0.7391304347826086,1.0,189.15,10.348412966904464,154.46779166666667,0.0,199.49841296690448,6.8,True
freight_dhl_30826_0_veh_cep_size_m_8_2,28912,55886,26974,20724,6250,1970-01-01 08:01:52,1970-01-01 15:31:26,1970-01-01 07:29:34,1970-01-01 05:45:24,1970-01-01 01:44:10,van,32,58.1331437542676,2.359460547073882,"defaultdict(<class 'int'>, {8: 6, 7: 26})",dhl,m,7,162.0,0.0,0.08641975308641975,0.9135802469135802,1.0,0.9818181818181818,1.0,171.78,21.62552947658755,171.35982777777778,0.0,193.40552947658756,5.0625,False
freight_dhl_30890_1_veh_cep_size_m_8_4,28916,57836,28920,18509,10411,1970-01-01 08:01:56,1970-01-01 16:03:56,1970-01-01 08:02:00,1970-01-01 05:08:29,1970-01-01 02:53:31,van,56,81.42854484035631,6.376277334431571,"defaultdict(<class 'int'>, {8: 55, 6: 1})",dhl,m,8,148.0,0.0,0.0945945945945946,0.9054054054054054,1.0,0.896969696969697,1.0,171.78,30.291418680612548,183.72233333333335,12.197333333333335,214.26875201394589,2.642857142857143,False
freight_dhl_30161_veh_cep_size_l_7_10,28713,54609,25896,22781,3115,1970-01-01 07:58:33,1970-01-01 15:10:09,1970-01-01 07:11:36,1970-01-01 06:19:41,1970-01-01 00:51:55,van,29,18.795934173346726,1.4507340678759049,"defaultdict(<class 'int'>, {1: 5, 3: 9, 2: 15})",dhl,l,2,186.0,0.0,0.08602150537634409,0.9139784946236559,1.0,0.808695652173913,1.0,189.15,7.255230590911837,164.51153333333335,0.0,196.40523059091186,6.413793103448276,True
freight_dhl_30457_veh_cep_size_l_8_5,28910,56982,28072,22302,5770,1970-01-01 08:01:50,1970-01-01 15:49:42,1970-01-01 07:47:52,1970-01-01 06:11:42,1970-01-01 01:36:10,van,45,34.91592469006304,3.0695545534506867,"defaultdict(<class 'int'>, {3: 1, 4: 44})",dhl,l,4,179.0,0.0,0.0893854748603352,0.9106145251396648,1.0,0.7782608695652173,1.0,189.15,13.477546930364332,178.3351777777778,6.8101777777777786,209.4377247081421,3.977777777777778,True
freight_ups_30539_veh_cep_size_l_7_1,28926,61208,32282,17528,14754,1970-01-01 08:02:06,1970-01-01 17:00:08,1970-01-01 08:58:02,1970-01-01 04:52:08,1970-01-01 04:05:54,van,51,99.22462705969141,19.49698043035186,"defaultdict(<class 'int'>, {4: 26, 5: 19, 7: 6})",ups,l,4,206.0,0.0,0.8349514563106796,0.1650485436893204,1.0,0.8956521739130435,1.0,189.15,38.30070604504089,205.08037222222225,33.555372222222225,261.00607826726315,4.03921568627451,True
freight_dhl_30826_1_veh_cep_size_l_8_3,28926,59155,30229,21644,8585,1970-01-01 08:02:06,1970-01-01 16:25:55,1970-01-01 08:23:49,1970-01-01 06:00:44,1970-01-01 02:23:05,van,37,77.94530854199935,2.138193277805368,"defaultdict(<class 'int'>, {7: 37})",dhl,l,7,171.0,0.0,0.17543859649122806,0.8245614035087719,1.0,0.7434782608695653,1.0,189.15,30.086889097211753,192.03811944444448,20.513119444444445,239.7500085416562,4.621621621621622,False
freight_dhl_30451_veh_cep_size_l_8_2,28760,55863,27103,24047,3056,1970-01-01 07:59:20,1970-01-01 15:31:03,1970-01-01 07:31:43,1970-01-01 06:40:47,1970-01-01 00:50:56,van,26,17.90058860897101,3.9847973818770694,"defaultdict(<class 'int'>, {2: 25, 3: 1})",dhl,l,2,217.0,0.0,0.12903225806451613,0.8709677419354839,1.0,0.9434782608695652,1.0,189.15,6.90962720306281,172.17933611111113,0.6543361111111111,196.71396331417392,8.346153846153847,True
freight_dhl_30457_veh_cep_size_l_8_1,28910,59791,30881,21796,9085,1970-01-01 08:01:50,1970-01-01 16:36:31,1970-01-01 08:34:41,1970-01-01 06:03:16,1970-01-01 02:31:25,van,55,60.584163215051284,4.161840541712159,"defaultdict(<class 'int'>, {4: 55})",dhl,l,4,177.0,0.0,0.07344632768361582,0.9265536723163842,1.0,0.7695652173913043,1.0,189.15,23.385487001009796,196.18013055555556,24.65513055555556,237.19061755656537,3.2181818181818183,True
freight_dhl_30890_1_veh_cep_size_m_8_3,28916,58643,29727,21258,8469,1970-01-01 08:01:56,1970-01-01 16:17:23,1970-01-01 08:15:27,1970-01-01 05:54:18,1970-01-01 02:21:09,van,32,62.75914915994243,6.323453439774375,"defaultdict(<class 'int'>, {8: 32})",dhl,m,8,165.0,0.0,0.06060606060606061,0.9393939393939394,1.0,1.0,1.0,171.78,23.346403487498584,188.849025,17.324025000000002,212.45042848749858,5.15625,False
freight_dpd_30419_veh_cep_size_m_8_4,28936,60202,31266,13012,18254,1970-01-01 08:02:16,1970-01-01 16:43:22,1970-01-01 08:41:06,1970-01-01 03:36:52,1970-01-01 05:04:14,van,94,125.84685449299405,21.64086300536547,"defaultdict(<class 'int'>, {3: 36, 6: 7, 5: 51})",dpd,m,5,107.0,0.0,0.14953271028037382,0.8504672897196262,1.0,0.6484848484848484,1.0,171.78,46.81502987139379,198.62595000000002,27.10095,245.6959798713938,1.1382978723404256,True
freight_dhl_30451_veh_cep_size_l_8_1,28760,58347,29587,25485,4102,1970-01-01 07:59:20,1970-01-01 16:12:27,1970-01-01 08:13:07,1970-01-01 07:04:45,1970-01-01 01:08:22,van,29,21.4612305551177,4.205218810004885,"defaultdict(<class 'int'>, {6: 5, 2: 24})",dhl,l,2,215.0,0.0,0.15348837209302327,0.8465116279069768,1.0,0.9347826086956522,1.0,189.15,8.284034994275434,187.95963611111114,16.434636111111114,213.86867110538654,7.413793103448276,True
freight_dhl_30657_veh_cep_size_l_8_5,28847,54522,25675,19661,6014,1970-01-01 08:00:47,1970-01-01 15:08:42,1970-01-01 07:07:55,1970-01-01 05:27:41,1970-01-01 01:40:14,van,22,38.66258225069367,7.843208012778805,"defaultdict(<class 'int'>, {4: 22})",dhl,l,4,175.0,0.0,0.22285714285714286,0.7771428571428571,1.0,0.7608695652173914,1.0,189.15,14.923756748767756,163.10756944444447,0.0,204.07375674876775,7.954545454545454,True
freight_dhl_30938_1_veh_cep_size_l_8_4,28946,54439,25493,18660,6833,1970-01-01 08:02:26,1970-01-01 15:07:19,1970-01-01 07:04:53,1970-01-01 05:11:00,1970-01-01 01:53:53,van,33,53.88982164124406,10.705394390619446,"defaultdict(<class 'int'>, {6: 31, 7: 2})",dhl,l,6,168.0,0.0,0.27380952380952384,0.7261904761904762,1.0,0.7304347826086957,1.0,189.15,20.801471153520207,161.9513638888889,0.0,209.9514711535202,5.090909090909091,False
freight_dhl_30519_0_veh_cep_size_l_8_2,28949,57559,28610,22994,5616,1970-01-01 08:02:29,1970-01-01 15:59:19,1970-01-01 07:56:50,1970-01-01 06:23:14,1970-01-01 01:33:36,van,29,37.91822034863869,8.779814134108028,"defaultdict(<class 'int'>, {3: 23, 4: 6})",dhl,l,3,184.0,0.0,0.11413043478260869,0.8858695652173914,1.0,0.8,1.0,189.15,14.636433054574535,181.75297222222224,10.227972222222224,214.01440527679677,6.344827586206897,True
freight_ups_30916_veh_cep_size_m_8_5,28950,60422,31472,19172,12300,1970-01-01 08:02:30,1970-01-01 16:47:02,1970-01-01 08:44:32,1970-01-01 05:19:32,1970-01-01 03:25:00,van,67,97.79592192000403,6.836483801788467,"defaultdict(<class 'int'>, {6: 37, 8: 1, 7: 29})",ups,m,6,152.0,0.0,0.7828947368421053,0.21710526315789475,1.0,0.9212121212121213,1.0,171.78,36.3800829542415,199.93462222222223,28.409622222222225,236.5697051764637,2.2686567164179103,False
freight_dpd_30167_veh_cep_size_l_8_2,28953,62869,33916,17725,16191,1970-01-01 08:02:33,1970-01-01 17:27:49,1970-01-01 09:25:16,1970-01-01 04:55:25,1970-01-01 04:29:51,van,65,102.4729329495259,19.36077730574054,"defaultdict(<class 'int'>, {3: 61, 1: 4})",dpd,l,3,143.0,0.0,0.3076923076923077,0.6923076923076923,1.0,0.6217391304347826,1.0,189.15,39.554552118516995,215.46081111111113,43.935811111111114,272.6403632296281,2.2,True
freight_dhl_30657_veh_cep_size_l_8_4,28847,56824,27977,20876,7101,1970-01-01 08:00:47,1970-01-01 15:47:04,1970-01-01 07:46:17,1970-01-01 05:47:56,1970-01-01 01:58:21,van,25,51.64414955663226,7.455641327447281,"defaultdict(<class 'int'>, {4: 24, 8: 1})",dhl,l,4,175.0,0.0,0.21142857142857144,0.7885714285714286,1.0,0.7608695652173914,1.0,189.15,19.93464172886005,177.7316638888889,6.206663888888889,215.29130561774895,7.0,True
freight_dhl_30519_0_veh_cep_size_l_8_1,28949,61783,32834,22014,10820,1970-01-01 08:02:29,1970-01-01 17:09:43,1970-01-01 09:07:14,1970-01-01 06:06:54,1970-01-01 03:00:20,van,46,93.6972550575877,7.906223611659964,"defaultdict(<class 'int'>, {3: 39, 4: 7})",dhl,l,3,178.0,0.0,0.10674157303370786,0.8932584269662921,1.0,0.7739130434782608,1.0,189.15,36.16714045222885,208.58710555555558,37.06210555555556,262.3792460077844,3.869565217391304,True
freight_hermes_30177_veh_cep_size_m_8_2,28961,53090,24129,14972,9157,1970-01-01 08:02:41,1970-01-01 14:44:50,1970-01-01 06:42:09,1970-01-01 04:09:32,1970-01-01 02:32:37,van,55,54.45056019118578,11.420914975030279,"defaultdict(<class 'int'>, {2: 54, 4: 1})",hermes,m,2,121.0,0.0,0.03305785123966942,0.9669421487603306,1.0,0.7333333333333333,1.0,171.78,20.25560839112111,153.28617500000001,0.0,192.03560839112112,2.2,True
freight_dhl_30179_veh_cep_size_l_8_7,28919,54064,25145,18277,6868,1970-01-01 08:01:59,1970-01-01 15:01:04,1970-01-01 06:59:05,1970-01-01 05:04:37,1970-01-01 01:54:28,van,36,46.57793513885944,6.051554191089815,"defaultdict(<class 'int'>, {4: 25, 5: 10, 3: 1})",dhl,l,4,165.0,0.0,0.08484848484848485,0.9151515151515152,1.0,0.717391304347826,1.0,189.15,17.979082963599744,159.74059722222225,0.0,207.12908296359976,4.583333333333333,True
freight_hermes_30974_veh_cep_size_m_7_2,28967,58989,30022,12923,17099,1970-01-01 08:02:47,1970-01-01 16:23:09,1970-01-01 08:20:22,1970-01-01 03:35:23,1970-01-01 04:44:59,van,70,124.6376719679718,27.676634588227106,"defaultdict(<class 'int'>, {8: 51, 7: 19})",hermes,m,8,105.0,0.0,0.0,1.0,1.0,0.6363636363636364,1.0,171.78,46.365213972085506,190.72309444444446,19.198094444444447,237.34330841652996,1.5,False
freight_dhl_30163_veh_cep_size_l_8_8,28932,56951,28019,24120,3899,1970-01-01 08:02:12,1970-01-01 15:49:11,1970-01-01 07:46:59,1970-01-01 06:42:00,1970-01-01 01:04:59,van,27,22.50502877474411,1.6026479735639383,"defaultdict(<class 'int'>, {2: 15, 3: 12})",dhl,l,2,206.0,0.0,0.06796116504854369,0.9320388349514563,1.0,0.8956521739130435,1.0,189.15,8.686941107051226,177.99848055555557,6.473480555555557,204.3104216626068,7.62962962962963,True
freight_dhl_31515_1_veh_cep_size_l_8_5,28984,55526,26542,19720,6822,1970-01-01 08:03:04,1970-01-01 15:25:26,1970-01-01 07:22:22,1970-01-01 05:28:40,1970-01-01 01:53:42,van,32,43.80351764361738,2.8301053052113354,"defaultdict(<class 'int'>, {6: 32})",dhl,l,6,154.0,0.0,0.045454545454545456,0.9545454545454546,1.0,0.6695652173913044,1.0,189.15,16.90815781043631,168.6154277777778,0.0,206.0581578104363,4.8125,False
freight_dpd_30165_veh_cep_size_m_7_1,28986,63918,34932,15758,19174,1970-01-01 08:03:06,1970-01-01 17:45:18,1970-01-01 09:42:12,1970-01-01 04:22:38,1970-01-01 05:19:34,van,79,126.02855560890406,20.602254131938675,"defaultdict(<class 'int'>, {3: 25, 5: 54})",dpd,m,5,127.0,0.0,0.23622047244094488,0.7637795275590551,1.0,0.7696969696969697,1.0,171.78,46.882622686512306,221.91523333333336,50.390233333333335,269.05285601984565,1.6075949367088607,True
freight_dhl_30163_veh_cep_size_l_8_6,28932,56468,27536,24882,2654,1970-01-01 08:02:12,1970-01-01 15:41:08,1970-01-01 07:38:56,1970-01-01 06:54:42,1970-01-01 00:44:14,van,24,16.61158577866991,2.2322605382437013,"defaultdict(<class 'int'>, {3: 5, 2: 19})",dhl,l,2,209.0,0.0,0.1722488038277512,0.8277511961722488,1.0,0.908695652173913,1.0,189.15,6.4120721105665845,174.93008888888892,3.4050888888888893,198.96716099945547,8.708333333333334,True
freight_dhl_30163_veh_cep_size_l_8_4,28932,56978,28046,24857,3189,1970-01-01 08:02:12,1970-01-01 15:49:38,1970-01-01 07:47:26,1970-01-01 06:54:17,1970-01-01 00:53:09,van,19,21.30376667701052,3.2520792808461487,"defaultdict(<class 'int'>, {2: 17, 3: 2})",dhl,l,2,204.0,0.0,0.14705882352941177,0.8529411764705882,1.0,0.8869565217391304,1.0,189.15,8.22325393732606,178.17000555555558,6.6450055555555565,204.0182594928816,10.736842105263158,True
freight_dhl_30163_veh_cep_size_l_8_3,28932,57959,29027,24289,4738,1970-01-01 08:02:12,1970-01-01 16:05:59,1970-01-01 08:03:47,1970-01-01 06:44:49,1970-01-01 01:18:58,van,32,28.930733046260222,2.292753082787343,"defaultdict(<class 'int'>, {2: 28, 3: 3, 5: 1})",dhl,l,2,204.0,0.0,0.10294117647058823,0.8970588235294118,1.0,0.8869565217391304,1.0,189.15,11.167262955856446,184.40208055555559,12.877080555555557,213.194343511412,6.375,True
freight_ups_30890_veh_cep_size_l_7_1,29013,58572,29559,9365,20194,1970-01-01 08:03:33,1970-01-01 16:16:12,1970-01-01 08:12:39,1970-01-01 02:36:05,1970-01-01 05:36:34,van,59,163.412735181588,29.15248748792934,"defaultdict(<class 'int'>, {8: 19, 4: 35, 6: 3, 5: 2})",ups,l,4,76.0,0.0,0.8157894736842105,0.18421052631578946,1.0,0.33043478260869563,1.0,189.15,63.077315780092974,187.78175833333336,16.256758333333334,268.4840741134263,1.2881355932203389,False
freight_dpd_30855_0_veh_cep_size_l_8_1,29013,52136,23123,11909,11214,1970-01-01 08:03:33,1970-01-01 14:28:56,1970-01-01 06:25:23,1970-01-01 03:18:29,1970-01-01 03:06:54,van,37,119.45200256809838,28.53710597448828,"defaultdict(<class 'int'>, {5: 2, 4: 33, 6: 2})",dpd,l,4,94.0,0.0,0.19148936170212766,0.8085106382978723,1.0,0.40869565217391307,1.0,189.15,46.10847299128598,146.89528055555556,0.0,235.258472991286,2.5405405405405403,False
freight_dhl_30163_veh_cep_size_l_8_2,28932,57193,28261,25426,2835,1970-01-01 08:02:12,1970-01-01 15:53:13,1970-01-01 07:51:01,1970-01-01 07:03:46,1970-01-01 00:47:15,van,24,17.095999742491735,2.351132589709425,"defaultdict(<class 'int'>, {2: 24})",dhl,l,2,212.0,0.0,0.21226415094339623,0.7877358490566038,1.0,0.9217391304347826,1.0,189.15,6.59905590060181,179.5358527777778,8.010852777777778,203.7599086783796,8.833333333333334,True
freight_ups_30167_veh_cep_size_l_8_2,29019,55908,26889,20675,6214,1970-01-01 08:03:39,1970-01-01 15:31:48,1970-01-01 07:28:09,1970-01-01 05:44:35,1970-01-01 01:43:34,van,21,38.90804539345238,10.725452807578513,"defaultdict(<class 'int'>, {3: 21})",ups,l,3,167.0,0.0,0.7604790419161677,0.23952095808383234,1.0,0.7260869565217392,1.0,189.15,15.018505521872621,170.8198416666667,0.0,204.16850552187262,7.9523809523809526,True
freight_dhl_30851_veh_cep_size_l_8_1,28944,59979,31035,22347,8688,1970-01-01 08:02:24,1970-01-01 16:39:39,1970-01-01 08:37:15,1970-01-01 06:12:27,1970-01-01 02:24:48,van,43,72.66371668832174,6.68507205447256,"defaultdict(<class 'int'>, {6: 40, 5: 3})",dhl,l,6,180.0,0.0,0.13333333333333333,0.8666666666666667,1.0,0.782608695652174,1.0,189.15,28.04819464169219,197.15845833333336,25.633458333333337,242.83165297502552,4.186046511627907,False
freight_fedex_30855_veh_cep_size_l_8_8,29027,57949,28922,17467,11455,1970-01-01 08:03:47,1970-01-01 16:05:49,1970-01-01 08:02:02,1970-01-01 04:51:07,1970-01-01 03:10:55,van,51,101.96231735806067,6.940699393399628,"defaultdict(<class 'int'>, {4: 7, 6: 1, 5: 43})",fedex,l,5,145.0,0.0,0.8896551724137931,0.1103448275862069,1.0,0.6304347826086957,1.0,189.15,39.35745450021142,183.7350388888889,12.21003888888889,240.71749338910033,2.843137254901961,False
freight_fedex_30855_veh_cep_size_l_8_7,29027,54225,25198,16551,8647,1970-01-01 08:03:47,1970-01-01 15:03:45,1970-01-01 06:59:58,1970-01-01 04:35:51,1970-01-01 02:24:07,van,27,57.20966207876806,5.5307985262675565,"defaultdict(<class 'int'>, {6: 22, 5: 5})",fedex,l,6,137.0,0.0,0.8102189781021898,0.1897810218978102,1.0,0.5956521739130435,1.0,189.15,22.082929562404473,160.07729444444445,0.0,211.23292956240448,5.074074074074074,False
freight_dhl_30171_veh_cep_size_l_8_7,28998,56356,27358,23546,3812,1970-01-01 08:03:18,1970-01-01 15:39:16,1970-01-01 07:35:58,1970-01-01 06:32:26,1970-01-01 01:03:32,van,26,25.294545145386873,4.191198706954158,"defaultdict(<class 'int'>, {2: 26})",dhl,l,2,197.0,0.0,0.15228426395939088,0.8477157360406091,1.0,0.8565217391304348,1.0,189.15,9.763694426119333,173.79929444444446,2.2742944444444446,201.1879888705638,7.576923076923077,True
freight_ups_30627_veh_cep_size_m_8_2,29037,56038,27001,16790,10211,1970-01-01 08:03:57,1970-01-01 15:33:58,1970-01-01 07:30:01,1970-01-01 04:39:50,1970-01-01 02:50:11,van,40,77.61626314470382,13.895866042186322,"defaultdict(<class 'int'>, {4: 40})",ups,m,4,135.0,0.0,0.8,0.2,1.0,0.8181818181818182,1.0,171.78,28.87324988982982,171.53135277777778,0.006352777777777778,200.6596026676076,3.375,True
freight_dhl_30171_veh_cep_size_l_8_6,28998,57583,28585,24358,4227,1970-01-01 08:03:18,1970-01-01 15:59:43,1970-01-01 07:56:25,1970-01-01 06:45:58,1970-01-01 01:10:27,van,27,28.096711988637132,4.2408282656720795,"defaultdict(<class 'int'>, {2: 27})",dhl,l,2,201.0,0.0,0.0845771144278607,0.9154228855721394,1.0,0.8739130434782608,1.0,189.15,10.845330827613934,181.5941527777778,10.069152777777779,210.06448360539173,7.444444444444445,True
freight_fedex_30855_veh_cep_size_l_8_2,29027,58914,29887,23469,6418,1970-01-01 08:03:47,1970-01-01 16:21:54,1970-01-01 08:18:07,1970-01-01 06:31:09,1970-01-01 01:46:58,van,18,59.961535252467144,6.134716568834434,"defaultdict(<class 'int'>, {6: 1, 5: 6, 4: 11})",fedex,l,4,211.0,0.0,0.9052132701421801,0.0947867298578199,1.0,0.9173913043478261,1.0,189.15,23.145152607452317,189.86546944444447,18.340469444444444,230.63562205189677,11.722222222222221,False
freight_dhl_30171_veh_cep_size_l_8_2,28998,57430,28432,24189,4243,1970-01-01 08:03:18,1970-01-01 15:57:10,1970-01-01 07:53:52,1970-01-01 06:43:09,1970-01-01 01:10:43,van,27,28.749795694558,3.825751791445956,"defaultdict(<class 'int'>, {2: 24, 1: 3})",dhl,l,2,222.0,0.0,0.07657657657657657,0.9234234234234234,1.0,0.9652173913043478,1.0,189.15,11.097421138099389,180.6221777777778,9.097177777777778,209.34459891587716,8.222222222222221,True
freight_dhl_30171_veh_cep_size_l_8_1,28998,55583,26585,23793,2792,1970-01-01 08:03:18,1970-01-01 15:26:23,1970-01-01 07:23:05,1970-01-01 06:36:33,1970-01-01 00:46:32,van,21,18.640995691985594,3.481266618393395,"defaultdict(<class 'int'>, {2: 21})",dhl,l,2,229.0,0.0,0.013100436681222707,0.9868995633187773,1.0,0.9956521739130435,1.0,189.15,7.19542433710644,168.88859722222224,0.0,196.34542433710644,10.904761904761905,True
freight_dhl_30855_0_veh_cep_size_l_8_7,29075,58382,29307,21079,8228,1970-01-01 08:04:35,1970-01-01 16:13:02,1970-01-01 08:08:27,1970-01-01 05:51:19,1970-01-01 02:17:08,van,42,61.95677335239142,6.557105226173617,"defaultdict(<class 'int'>, {6: 1, 4: 41})",dhl,l,4,178.0,0.0,0.0898876404494382,0.9101123595505618,1.0,0.7739130434782608,1.0,189.15,23.91531451402309,186.18085833333336,14.655858333333335,227.72117284735643,4.238095238095238,False
freight_dhl_30165_veh_cep_size_l_8_3,29001,57950,28949,22380,6569,1970-01-01 08:03:21,1970-01-01 16:05:50,1970-01-01 08:02:29,1970-01-01 06:13:00,1970-01-01 01:49:29,van,33,38.86680335393603,2.631308222996244,"defaultdict(<class 'int'>, {3: 5, 5: 27, 1: 1})",dhl,l,5,183.0,0.0,0.1366120218579235,0.8633879781420765,1.0,0.7956521739130434,1.0,189.15,15.002586094619307,183.9065638888889,12.38156388888889,216.5341499835082,5.545454545454546,True
freight_fedex_30519_veh_cep_size_m_8_3,29078,58865,29787,12265,17522,1970-01-01 08:04:38,1970-01-01 16:21:05,1970-01-01 08:16:27,1970-01-01 03:24:25,1970-01-01 04:52:02,van,72,123.9553589532494,17.136948662163228,"defaultdict(<class 'int'>, {4: 26, 2: 1, 3: 45})",fedex,m,3,100.0,0.0,0.84,0.16,1.0,0.6060606060606061,1.0,171.78,46.11139353060878,189.23019166666668,17.705191666666668,235.59658519727546,1.3888888888888888,True
freight_gls_30453_veh_cep_size_m_7_1,29081,62705,33624,15712,17912,1970-01-01 08:04:41,1970-01-01 17:25:05,1970-01-01 09:20:24,1970-01-01 04:21:52,1970-01-01 04:58:32,van,89,127.8287404184949,19.07729854582894,"defaultdict(<class 'int'>, {4: 89})",gls,m,4,128.0,0.0,0.1171875,0.8828125,1.0,0.7757575757575758,1.0,171.78,47.552291435680104,213.60580000000002,42.0808,261.4130914356801,1.4382022471910112,True
freight_dhl_30855_0_veh_cep_size_l_8_5,29075,57020,27945,23135,4810,1970-01-01 08:04:35,1970-01-01 15:50:20,1970-01-01 07:45:45,1970-01-01 06:25:35,1970-01-01 01:20:10,van,27,35.3552280432999,4.114409682401054,"defaultdict(<class 'int'>, {4: 27})",dhl,l,4,194.0,0.0,0.06701030927835051,0.9329896907216495,1.0,0.8434782608695652,1.0,189.15,13.647118024713762,177.528375,6.003375,208.80049302471377,7.185185185185185,False
freight_dhl_30165_veh_cep_size_l_8_2,29001,57741,28740,23890,4850,1970-01-01 08:03:21,1970-01-01 16:02:21,1970-01-01 07:59:00,1970-01-01 06:38:10,1970-01-01 01:20:50,van,22,29.18893110507393,1.9295560407974666,"defaultdict(<class 'int'>, {5: 13, 3: 9})",dhl,l,5,195.0,0.0,0.16923076923076924,0.8307692307692308,1.0,0.8478260869565217,1.0,189.15,11.266927406558537,182.57883333333336,11.053833333333335,211.4707607398919,8.863636363636363,True
freight_ups_30855_1_veh_cep_size_l_8_5,29093,59366,30273,21348,8925,1970-01-01 08:04:53,1970-01-01 16:29:26,1970-01-01 08:24:33,1970-01-01 05:55:48,1970-01-01 02:28:45,van,60,66.93257342049908,4.746819808150285,"defaultdict(<class 'int'>, {4: 58, 6: 2})",ups,l,4,174.0,0.0,0.7011494252873564,0.2988505747126437,1.0,0.7565217391304347,1.0,189.15,25.835973340312645,192.31764166666667,20.79264166666667,235.77861500697932,2.9,False
freight_dhl_30855_0_veh_cep_size_l_8_4,29075,54226,25151,21263,3888,1970-01-01 08:04:35,1970-01-01 15:03:46,1970-01-01 06:59:11,1970-01-01 05:54:23,1970-01-01 01:04:48,van,17,30.072086893611267,6.713902645597379,"defaultdict(<class 'int'>, {4: 17})",dhl,l,4,175.0,0.0,0.15428571428571428,0.8457142857142858,1.0,0.7608695652173914,1.0,189.15,11.60782554093395,159.77871388888892,0.0,200.75782554093396,10.294117647058824,False
freight_dhl_30165_veh_cep_size_l_8_1,29001,58293,29292,22160,7132,1970-01-01 08:03:21,1970-01-01 16:11:33,1970-01-01 08:08:12,1970-01-01 06:09:20,1970-01-01 01:58:52,van,42,52.90203152889922,2.048166125637138,"defaultdict(<class 'int'>, {5: 39, 3: 3})",dhl,l,5,178.0,0.0,0.19101123595505617,0.8089887640449438,1.0,0.7739130434782608,1.0,189.15,20.4201841701551,186.0855666666667,14.560566666666668,224.13075083682176,4.238095238095238,True
freight_ups_30855_1_veh_cep_size_l_8_1,29093,58146,29053,23306,5747,1970-01-01 08:04:53,1970-01-01 16:09:06,1970-01-01 08:04:13,1970-01-01 06:28:26,1970-01-01 01:35:47,van,16,56.25618770137104,5.112851310528174,"defaultdict(<class 'int'>, {5: 10, 6: 6})",ups,l,5,225.0,0.0,0.9155555555555556,0.08444444444444445,1.0,0.9782608695652174,1.0,189.15,21.714888452729223,184.56725277777778,13.04225277777778,223.907141230507,14.0625,False
freight_dhl_30855_0_veh_cep_size_l_8_11,29075,56213,27138,21882,5256,1970-01-01 08:04:35,1970-01-01 15:36:53,1970-01-01 07:32:18,1970-01-01 06:04:42,1970-01-01 01:27:36,van,38,40.728159588436434,5.045549505072344,"defaultdict(<class 'int'>, {4: 33, 6: 5})",dhl,l,4,181.0,0.0,0.06629834254143646,0.9337016574585635,1.0,0.7869565217391304,1.0,189.15,15.721069601136463,172.40168333333335,0.8766833333333334,205.74775293446982,4.7631578947368425,False
freight_dhl_30167_veh_cep_size_l_8_7,29008,55147,26139,23252,2887,1970-01-01 08:03:28,1970-01-01 15:19:07,1970-01-01 07:15:39,1970-01-01 06:27:32,1970-01-01 00:48:07,van,29,19.343931405655976,0.7622345725896367,"defaultdict(<class 'int'>, {3: 29})",dhl,l,3,191.0,0.0,0.21465968586387435,0.7853403141361257,1.0,0.8304347826086956,1.0,189.15,7.466757522583207,166.05525833333334,0.0,196.6167575225832,6.586206896551724,True
freight_dpd_30177_veh_cep_size_m_8_1,29114,61897,32783,17544,15239,1970-01-01 08:05:14,1970-01-01 17:11:37,1970-01-01 09:06:23,1970-01-01 04:52:24,1970-01-01 04:13:59,van,84,101.32852945735512,17.153559860812187,"defaultdict(<class 'int'>, {2: 83, 4: 1})",dpd,m,2,142.0,0.0,0.14788732394366197,0.852112676056338,1.0,0.8606060606060606,1.0,171.78,37.694212958136106,208.2631138888889,36.73811388888889,246.212326847025,1.6904761904761905,True
freight_dhl_30167_veh_cep_size_l_8_6,29008,56342,27334,24723,2611,1970-01-01 08:03:28,1970-01-01 15:39:02,1970-01-01 07:35:34,1970-01-01 06:52:03,1970-01-01 00:43:31,van,21,18.072465920726195,0.9683407522872971,"defaultdict(<class 'int'>, {3: 21})",dhl,l,3,216.0,0.0,0.1527777777777778,0.8472222222222222,1.0,0.9391304347826087,1.0,189.15,6.975971845400312,173.6468277777778,2.121827777777778,198.2477996231781,10.285714285714286,True
freight_dhl_30167_veh_cep_size_l_8_5,29008,56375,27367,24810,2557,1970-01-01 08:03:28,1970-01-01 15:39:35,1970-01-01 07:36:07,1970-01-01 06:53:30,1970-01-01 00:42:37,van,26,17.400819061359314,1.015360337701799,"defaultdict(<class 'int'>, {3: 26})",dhl,l,3,225.0,0.0,0.12444444444444444,0.8755555555555555,1.0,0.9782608695652174,1.0,189.15,6.716716157684695,173.85646944444446,2.3314694444444446,198.19818560212914,8.653846153846153,True
freight_dhl_30167_veh_cep_size_l_8_3,29008,57086,28078,22907,5171,1970-01-01 08:03:28,1970-01-01 15:51:26,1970-01-01 07:47:58,1970-01-01 06:21:47,1970-01-01 01:26:11,van,36,36.07228474903918,1.057869338304382,"defaultdict(<class 'int'>, {3: 36})",dhl,l,3,187.0,0.0,0.1657754010695187,0.8342245989304813,1.0,0.8130434782608695,1.0,189.15,13.923901913129123,178.37329444444447,6.848294444444445,209.92219635757357,5.194444444444445,True
freight_dpd_30539_veh_cep_size_m_7_1,29141,59626,30485,17946,12539,1970-01-01 08:05:41,1970-01-01 16:33:46,1970-01-01 08:28:05,1970-01-01 04:59:06,1970-01-01 03:28:59,van,88,93.28655748297642,13.452824609047484,"defaultdict(<class 'int'>, {4: 58, 7: 11, 5: 19})",dpd,m,4,165.0,0.0,0.3696969696969697,0.6303030303030303,1.0,1.0,1.0,171.78,34.70259938366723,193.66443055555558,22.139430555555556,228.62202993922278,1.875,True
freight_dhl_30827_0_veh_cep_size_m_8_4,29142,55876,26734,20734,6000,1970-01-01 08:05:42,1970-01-01 15:31:16,1970-01-01 07:25:34,1970-01-01 05:45:34,1970-01-01 01:40:00,van,49,48.3182420401009,3.1341878615885217,"defaultdict(<class 'int'>, {6: 49})",dhl,m,6,165.0,0.0,0.16363636363636364,0.8363636363636363,1.0,1.0,1.0,171.78,17.974386038917533,169.83516111111112,0.0,189.75438603891754,3.36734693877551,False
freight_dhl_30179_veh_cep_size_m_8_5,29013,59237,30224,19832,10392,1970-01-01 08:03:33,1970-01-01 16:27:17,1970-01-01 08:23:44,1970-01-01 05:30:32,1970-01-01 02:53:12,van,37,69.50437401248638,5.089438177794979,"defaultdict(<class 'int'>, {4: 12, 5: 24, 3: 1})",dhl,m,5,160.0,0.0,0.06875,0.93125,1.0,0.9696969696969697,1.0,171.78,25.855627132644933,192.0063555555556,20.481355555555556,218.1169826882005,4.324324324324325,True
freight_dpd_30161_veh_cep_size_m_7_1,29143,58773,29630,18941,10689,1970-01-01 08:05:43,1970-01-01 16:19:33,1970-01-01 08:13:50,1970-01-01 05:15:41,1970-01-01 02:58:09,van,77,78.58035062329493,18.15819691362009,"defaultdict(<class 'int'>, {2: 57, 1: 3, 3: 17})",dpd,m,2,155.0,0.0,0.23870967741935484,0.7612903225806451,1.0,0.9393939393939394,1.0,171.78,29.231890431865715,188.2328055555556,16.707805555555556,217.71969598742126,2.012987012987013,True
freight_dhl_30827_0_veh_cep_size_m_8_3,29142,56463,27321,20882,6439,1970-01-01 08:05:42,1970-01-01 15:41:03,1970-01-01 07:35:21,1970-01-01 05:48:02,1970-01-01 01:47:19,van,38,53.101045821523755,2.958635184533609,"defaultdict(<class 'int'>, {6: 38})",dhl,m,6,165.0,0.0,0.11515151515151516,0.8848484848484849,1.0,1.0,1.0,171.78,19.753589045606837,173.56424166666667,2.039241666666667,193.57283071227351,4.342105263157895,False
freight_dhl_31319_1_veh_cep_size_l_8_5,29154,57136,27982,20935,7047,1970-01-01 08:05:54,1970-01-01 15:52:16,1970-01-01 07:46:22,1970-01-01 05:48:55,1970-01-01 01:57:27,van,76,54.377398998376236,1.3772956256669537,"defaultdict(<class 'int'>, {6: 76})",dhl,l,6,169.0,0.0,0.14201183431952663,0.8579881656804734,1.0,0.7347826086956522,1.0,189.15,20.989676013373227,177.7634277777778,6.238427777777779,216.378103791151,2.223684210526316,False
freight_dhl_30655_veh_cep_size_l_8_4,29026,57847,28821,22209,6612,1970-01-01 08:03:46,1970-01-01 16:04:07,1970-01-01 08:00:21,1970-01-01 06:10:09,1970-01-01 01:50:12,van,30,39.37797217353847,7.6388973965921165,"defaultdict(<class 'int'>, {4: 27, 2: 3})",dhl,l,4,181.0,0.0,0.10497237569060773,0.8950276243093923,1.0,0.7869565217391304,1.0,189.15,15.199897258985848,183.09340833333334,11.568408333333334,215.9183055923192,6.033333333333333,True
freight_dhl_30827_0_veh_cep_size_m_8_2,29142,58893,29751,18127,11624,1970-01-01 08:05:42,1970-01-01 16:21:33,1970-01-01 08:15:51,1970-01-01 05:02:07,1970-01-01 03:13:44,van,59,84.54456837874172,3.9447704785732585,"defaultdict(<class 'int'>, {6: 59})",dhl,m,6,146.0,0.0,0.3013698630136986,0.6986301369863014,1.0,0.8848484848484849,1.0,171.78,31.450579436891918,189.00149166666668,17.476491666666668,220.7070711035586,2.4745762711864407,False
freight_dhl_31319_1_veh_cep_size_l_8_2,29154,59272,30118,17052,13066,1970-01-01 08:05:54,1970-01-01 16:27:52,1970-01-01 08:21:58,1970-01-01 04:44:12,1970-01-01 03:37:46,van,76,105.64078002687414,3.216108474196111,"defaultdict(<class 'int'>, {6: 24, 8: 5, 7: 47})",dhl,l,7,138.0,0.0,0.057971014492753624,0.9420289855072463,1.0,0.6,1.0,189.15,40.77734109037342,191.33296111111113,19.807961111111112,249.73530220148456,1.8157894736842106,False
freight_gls_30171_veh_cep_size_m_7_1,29167,60383,31216,17676,13540,1970-01-01 08:06:07,1970-01-01 16:46:23,1970-01-01 08:40:16,1970-01-01 04:54:36,1970-01-01 03:45:40,van,96,86.79704130506171,13.698704332492923,"defaultdict(<class 'int'>, {4: 48, 2: 35, 1: 12, 5: 1})",gls,m,4,144.0,0.0,0.20833333333333334,0.7916666666666666,1.0,0.8727272727272727,1.0,171.78,32.288499365482956,198.30831111111112,26.783311111111114,230.85181047659407,1.5,True
freight_fedex_30161_veh_cep_size_m_8_4,29168,55268,26100,17855,8245,1970-01-01 08:06:08,1970-01-01 15:21:08,1970-01-01 07:15:00,1970-01-01 04:57:35,1970-01-01 02:17:25,van,58,57.1521339519146,12.129488909245831,"defaultdict(<class 'int'>, {2: 45, 3: 13})",fedex,m,2,145.0,0.0,0.8344827586206897,0.16551724137931034,1.0,0.8787878787878788,1.0,171.78,21.26059383011223,165.8075,0.0,193.04059383011224,2.5,True
freight_dhl_30827_0_veh_cep_size_m_8_1,29142,57349,28207,19231,8976,1970-01-01 08:05:42,1970-01-01 15:55:49,1970-01-01 07:50:07,1970-01-01 05:20:31,1970-01-01 02:29:36,van,40,64.76079769049703,5.115786019073089,"defaultdict(<class 'int'>, {6: 39, 4: 1})",dhl,m,6,153.0,0.0,0.1568627450980392,0.8431372549019608,1.0,0.9272727272727272,1.0,171.78,24.091016740864895,179.19280277777779,7.667802777777778,203.53881951864267,3.825,False
freight_dhl_31832_1_veh_cep_size_l_8_6,29172,59840,30668,22748,7920,1970-01-01 08:06:12,1970-01-01 16:37:20,1970-01-01 08:31:08,1970-01-01 06:19:08,1970-01-01 02:12:00,van,73,61.491875110325026,0.20988677582378232,"defaultdict(<class 'int'>, {6: 73})",dhl,l,6,182.0,0.0,0.15934065934065933,0.8406593406593407,1.0,0.7913043478260869,1.0,189.15,23.735863792585462,194.8269888888889,23.30198888888889,236.18785268147437,2.493150684931507,False
freight_dhl_30159_veh_cep_size_l_8_9,29174,57095,27921,24822,3099,1970-01-01 08:06:14,1970-01-01 15:51:35,1970-01-01 07:45:21,1970-01-01 06:53:42,1970-01-01 00:51:39,van,29,18.27877574327612,1.494043422493844,"defaultdict(<class 'int'>, {3: 1, 1: 28})",dhl,l,1,204.0,0.0,0.18627450980392157,0.8137254901960784,1.0,0.8869565217391304,1.0,189.15,7.055607436904583,177.37590833333334,5.850908333333334,202.05651577023792,7.0344827586206895,True
freight_gls_30453_veh_cep_size_m_7_2,29168,62002,32834,14253,18581,1970-01-01 08:06:08,1970-01-01 17:13:22,1970-01-01 09:07:14,1970-01-01 03:57:33,1970-01-01 05:09:41,van,74,109.74444932374918,18.77952085606587,"defaultdict(<class 'int'>, {4: 6, 3: 13, 5: 12, 6: 43})",gls,m,6,115.0,0.0,0.10434782608695652,0.8956521739130435,1.0,0.696969696969697,1.0,171.78,40.8249351484347,208.58710555555558,37.06210555555556,249.66704070399027,1.554054054054054,True
freight_dhl_31832_1_veh_cep_size_l_8_4,29172,56033,26861,19419,7442,1970-01-01 08:06:12,1970-01-01 15:33:53,1970-01-01 07:27:41,1970-01-01 05:23:39,1970-01-01 02:04:02,van,45,59.08090943969201,1.2796557265709942,"defaultdict(<class 'int'>, {6: 45})",dhl,l,6,154.0,0.0,0.09090909090909091,0.9090909090909091,1.0,0.6695652173913044,1.0,189.15,22.805231043721115,170.6419638888889,0.0,211.9552310437211,3.422222222222222,False
freight_dhl_30159_veh_cep_size_l_8_8,29174,57564,28390,24779,3611,1970-01-01 08:06:14,1970-01-01 15:59:24,1970-01-01 07:53:10,1970-01-01 06:52:59,1970-01-01 01:00:11,van,29,21.551932052619744,1.9037887443963388,"defaultdict(<class 'int'>, {1: 29})",dhl,l,1,228.0,0.0,0.15789473684210525,0.8421052631578947,1.0,0.991304347826087,1.0,189.15,8.319045772311222,180.35536111111114,8.830361111111111,206.29940688342234,7.862068965517241,True
freight_dhl_30159_veh_cep_size_l_8_4,29174,58931,29757,23747,6010,1970-01-01 08:06:14,1970-01-01 16:22:11,1970-01-01 08:15:57,1970-01-01 06:35:47,1970-01-01 01:40:10,van,31,27.33044532186494,3.3317340689457375,"defaultdict(<class 'int'>, {1: 31})",dhl,l,1,213.0,0.0,0.107981220657277,0.892018779342723,1.0,0.9260869565217391,1.0,189.15,10.549551894239867,189.03960833333335,17.514608333333335,217.21416022757322,6.870967741935484,True
freight_dhl_31535_3_veh_cep_size_m_8_5,29195,59592,30397,15797,14600,1970-01-01 08:06:35,1970-01-01 16:33:12,1970-01-01 08:26:37,1970-01-01 04:23:17,1970-01-01 04:03:20,van,60,120.80660526982876,12.052043985706414,"defaultdict(<class 'int'>, {8: 36, 5: 3, 6: 19, 7: 2})",dhl,m,8,123.0,0.0,0.056910569105691054,0.943089430894309,1.0,0.7454545454545455,1.0,171.78,44.9400571603763,193.10538611111113,21.580386111111114,238.30044327148744,2.05,False
freight_dhl_30159_veh_cep_size_l_8_3,29174,52916,23742,19673,4069,1970-01-01 08:06:14,1970-01-01 14:41:56,1970-01-01 06:35:42,1970-01-01 05:27:53,1970-01-01 01:07:49,van,15,20.26313817501084,3.6305315002460294,"defaultdict(<class 'int'>, {1: 15})",dhl,l,1,175.0,0.0,0.15428571428571428,0.8457142857142858,1.0,0.7608695652173914,1.0,189.15,7.821571335554185,150.82765,0.0,196.9715713355542,11.666666666666666,True
freight_dhl_31535_3_veh_cep_size_m_8_2,29195,58418,29223,16313,12910,1970-01-01 08:06:35,1970-01-01 16:13:38,1970-01-01 08:07:03,1970-01-01 04:31:53,1970-01-01 03:35:10,van,39,97.93893955573364,19.161715651406258,"defaultdict(<class 'int'>, {8: 39})",dhl,m,8,127.0,0.0,0.07874015748031496,0.9212598425196851,1.0,0.7696969696969697,1.0,171.78,36.433285514732916,185.64722500000002,14.122225000000002,222.33551051473293,3.2564102564102564,False
freight_dhl_30659_veh_cep_size_l_8_4,29199,58862,29663,23447,6216,1970-01-01 08:06:39,1970-01-01 16:21:02,1970-01-01 08:14:23,1970-01-01 06:30:47,1970-01-01 01:43:36,van,26,45.4202872776932,8.299020445947985,"defaultdict(<class 'int'>, {5: 6, 4: 20})",dhl,l,4,187.0,0.0,0.08021390374331551,0.9197860962566845,1.0,0.8130434782608695,1.0,189.15,17.532230889189574,188.44244722222223,16.917447222222222,223.5996781114118,7.1923076923076925,True
freight_dpd_31303_veh_cep_size_m_8_3,29258,58956,29698,14739,14959,1970-01-01 08:07:38,1970-01-01 16:22:36,1970-01-01 08:14:58,1970-01-01 04:05:39,1970-01-01 04:09:19,van,86,113.9113028290006,11.095272852825648,"defaultdict(<class 'int'>, {8: 8, 6: 1, 4: 77})",dpd,m,4,119.0,0.0,0.21008403361344538,0.7899159663865546,1.0,0.7212121212121212,1.0,171.78,42.37500465238823,188.66479444444445,17.139794444444448,231.2947990968327,1.3837209302325582,True
freight_dpd_31303_veh_cep_size_m_8_2,29258,62132,32874,17470,15404,1970-01-01 08:07:38,1970-01-01 17:15:32,1970-01-01 09:07:54,1970-01-01 04:51:10,1970-01-01 04:16:44,van,116,131.48256147962164,10.90612065340623,"defaultdict(<class 'int'>, {4: 69, 7: 14, 6: 30, 8: 3})",dpd,m,4,143.0,0.0,0.1888111888111888,0.8111888111888111,1.0,0.8666666666666667,1.0,171.78,48.91151287041925,208.8412166666667,37.31621666666667,258.00772953708594,1.2327586206896552,True
freight_dhl_30853_veh_cep_size_m_8_3,29269,56836,27567,18669,8898,1970-01-01 08:07:49,1970-01-01 15:47:16,1970-01-01 07:39:27,1970-01-01 05:11:09,1970-01-01 02:28:18,van,32,69.17270851709196,8.303709284001124,"defaultdict(<class 'int'>, {6: 32})",dhl,m,6,151.0,0.0,0.18543046357615894,0.8145695364238411,1.0,0.9151515151515152,1.0,171.78,25.73224756835821,175.127025,3.6020250000000003,201.11427256835822,4.71875,False
freight_ups_30855_1_veh_cep_size_m_8_6,29275,53184,23909,14337,9572,1970-01-01 08:07:55,1970-01-01 14:46:24,1970-01-01 06:38:29,1970-01-01 03:58:57,1970-01-01 02:39:32,van,39,50.359350109400786,3.2032939493204444,"defaultdict(<class 'int'>, {6: 34, 4: 5})",ups,m,6,116.0,0.0,0.6206896551724138,0.3793103448275862,1.0,0.703030303030303,1.0,171.78,18.733678240697092,151.8885638888889,0.0,190.5136782406971,2.9743589743589745,False
freight_dpd_31303_veh_cep_size_m_8_1,29258,61674,32416,11238,21178,1970-01-01 08:07:38,1970-01-01 17:07:54,1970-01-01 09:00:16,1970-01-01 03:07:18,1970-01-01 05:52:58,van,79,159.36257317064698,13.042028557464283,"defaultdict(<class 'int'>, {8: 33, 7: 46})",dpd,m,7,91.0,0.0,0.07692307692307693,0.9230769230769231,1.0,0.5515151515151515,1.0,171.78,59.282877219480675,205.93164444444446,34.406644444444446,265.4695216639251,1.1518987341772151,True
freight_gls_30459_veh_cep_size_m_8_2,29282,53299,24017,10872,13145,1970-01-01 08:08:02,1970-01-01 14:48:19,1970-01-01 06:40:17,1970-01-01 03:01:12,1970-01-01 03:39:05,van,53,85.051029211694,14.138222429572787,"defaultdict(<class 'int'>, {3: 32, 4: 21})",gls,m,3,88.0,0.0,0.125,0.875,1.0,0.5333333333333333,1.0,171.78,31.63898286675017,152.5746638888889,0.0,203.41898286675018,1.6603773584905661,True
freight_hermes_30900_veh_cep_size_l_8_6,29285,62414,33129,15330,17799,1970-01-01 08:08:05,1970-01-01 17:20:14,1970-01-01 09:12:09,1970-01-01 04:15:30,1970-01-01 04:56:39,van,105,148.80050706245808,13.384803954609191,"defaultdict(<class 'int'>, {7: 68, 8: 37})",hermes,l,7,125.0,0.0,0.0,1.0,1.0,0.5434782608695652,1.0,189.15,57.43699572610882,210.46117500000003,38.936175000000006,285.52317072610884,1.1904761904761905,False
freight_gls_30459_veh_cep_size_m_8_1,29282,63257,33975,13858,20117,1970-01-01 08:08:02,1970-01-01 17:34:17,1970-01-01 09:26:15,1970-01-01 03:50:58,1970-01-01 05:35:17,van,89,119.53239643110162,14.207167644551017,"defaultdict(<class 'int'>, {3: 39, 4: 50})",gls,m,4,113.0,0.0,0.08849557522123894,0.911504424778761,1.0,0.6848484848484848,1.0,171.78,44.4660514723698,215.83562500000002,44.310625,260.5566764723698,1.2696629213483146,True
freight_dhl_30629_veh_cep_size_l_7_3,29294,57079,27785,22759,5026,1970-01-01 08:08:14,1970-01-01 15:51:19,1970-01-01 07:43:05,1970-01-01 06:19:19,1970-01-01 01:23:46,van,38,37.328190945934196,7.803308915647023,"defaultdict(<class 'int'>, {4: 38})",dhl,l,4,183.0,0.0,0.12021857923497267,0.8797814207650273,1.0,0.7956521739130434,1.0,189.15,14.4086817051306,176.51193055555558,4.986930555555556,208.54561226068614,4.815789473684211,True
freight_hermes_30982_veh_cep_size_m_8_3,29291,58907,29616,10583,19033,1970-01-01 08:08:11,1970-01-01 16:21:47,1970-01-01 08:13:36,1970-01-01 02:56:23,1970-01-01 05:17:13,van,72,118.94646138490799,29.129913116588405,"defaultdict(<class 'int'>, {8: 8, 6: 64})",hermes,m,6,86.0,0.0,0.06976744186046512,0.9302325581395349,1.0,0.5212121212121212,1.0,171.78,44.24808363518577,188.1438666666667,16.61886666666667,232.64695030185243,1.1944444444444444,False
freight_dpd_30539_veh_cep_size_m_8_2,29304,61704,32400,15725,16675,1970-01-01 08:08:24,1970-01-01 17:08:24,1970-01-01 09:00:00,1970-01-01 04:22:05,1970-01-01 04:37:55,van,94,117.32807989214109,11.840835079844021,"defaultdict(<class 'int'>, {4: 94})",dpd,m,4,127.0,0.0,0.16535433070866143,0.8346456692913385,1.0,0.7696969696969697,1.0,171.78,43.64604571987648,205.83,34.305,249.73104571987648,1.351063829787234,True
freight_dpd_31303_veh_cep_size_m_7_4,29316,55476,26160,9990,16170,1970-01-01 08:08:36,1970-01-01 15:24:36,1970-01-01 07:16:00,1970-01-01 02:46:30,1970-01-01 04:29:30,van,74,115.98469229096925,11.095519952113175,"defaultdict(<class 'int'>, {8: 31, 4: 41, 6: 2})",dpd,m,4,82.0,0.0,0.2073170731707317,0.7926829268292683,1.0,0.49696969696969695,1.0,171.78,43.14630553224056,166.18866666666668,0.0,214.92630553224058,1.1081081081081081,True
freight_fedex_30926_veh_cep_size_m_7_1,29360,57710,28350,14118,14232,1970-01-01 08:09:20,1970-01-01 16:01:50,1970-01-01 07:52:30,1970-01-01 03:55:18,1970-01-01 03:57:12,van,63,116.41947497478216,18.067035331168967,"defaultdict(<class 'int'>, {8: 10, 7: 12, 6: 39, 4: 2})",fedex,m,6,114.0,0.0,0.9473684210526315,0.05263157894736842,1.0,0.6909090909090909,1.0,171.78,43.308044690618964,180.10125000000002,8.57625,223.66429469061896,1.8095238095238095,False
freight_dhl_30175_veh_cep_size_l_8_2,29385,56811,27426,23612,3814,1970-01-01 08:09:45,1970-01-01 15:46:51,1970-01-01 07:37:06,1970-01-01 06:33:32,1970-01-01 01:03:34,van,32,24.8525021364016,4.279344281705147,"defaultdict(<class 'int'>, {4: 26, 2: 3, 1: 3})",dhl,l,4,197.0,0.0,0.06091370558375635,0.9390862944162437,1.0,0.8565217391304348,1.0,189.15,9.593065824651019,174.23128333333335,2.7062833333333334,201.44934915798436,6.15625,True
freight_dhl_30938_0_veh_cep_size_m_8_4,29388,65204,35816,19632,16184,1970-01-01 08:09:48,1970-01-01 18:06:44,1970-01-01 09:56:56,1970-01-01 05:27:12,1970-01-01 04:29:44,van,54,142.54293682055587,9.337032273759657,"defaultdict(<class 'int'>, {7: 20, 6: 34})",dhl,m,6,152.0,0.0,0.05263157894736842,0.9473684210526315,1.0,0.9212121212121213,1.0,171.78,53.025972497246784,227.53108888888892,56.0060888888889,280.81206138613567,2.814814814814815,False
freight_dpd_31832_veh_cep_size_m_8_4,29390,58409,29019,5832,23187,1970-01-01 08:09:50,1970-01-01 16:13:29,1970-01-01 08:03:39,1970-01-01 01:37:12,1970-01-01 06:26:27,van,46,208.8674943858392,38.53498022936162,"defaultdict(<class 'int'>, {7: 44, 6: 2})",dpd,m,7,48.0,0.0,0.0625,0.9375,1.0,0.2909090909090909,1.0,171.78,77.69870791153218,184.35125833333336,12.826258333333335,262.3049662448655,1.0434782608695652,False
freight_hermes_31303_veh_cep_size_m_7_4,29398,60128,30730,11014,19716,1970-01-01 08:09:58,1970-01-01 16:42:08,1970-01-01 08:32:10,1970-01-01 03:03:34,1970-01-01 05:28:36,van,63,152.38022010010508,30.205752334947203,"defaultdict(<class 'int'>, {4: 19, 6: 2, 8: 42})",hermes,m,8,89.0,0.0,0.033707865168539325,0.9662921348314607,1.0,0.5393939393939394,1.0,171.78,56.685441877239086,195.22086111111113,23.695861111111114,252.1613029883502,1.4126984126984128,True
freight_ups_30855_1_veh_cep_size_l_7_4,29414,59445,30031,17026,13005,1970-01-01 08:10:14,1970-01-01 16:30:45,1970-01-01 08:20:31,1970-01-01 04:43:46,1970-01-01 03:36:45,van,43,102.69033831273778,4.892472045195862,"defaultdict(<class 'int'>, {4: 34, 6: 9})",ups,l,4,139.0,0.0,0.8273381294964028,0.17266187050359713,1.0,0.6043478260869565,1.0,189.15,39.638470588716785,190.78026944444446,19.255269444444448,248.04374003316124,3.2325581395348837,False
freight_fedex_30890_veh_cep_size_m_7_1,29424,59316,29892,10799,19093,1970-01-01 08:10:24,1970-01-01 16:28:36,1970-01-01 08:18:12,1970-01-01 02:59:59,1970-01-01 05:18:13,van,60,168.00511284940166,34.26060014191498,"defaultdict(<class 'int'>, {8: 10, 4: 45, 5: 3, 7: 2})",fedex,m,4,87.0,0.0,0.8390804597701149,0.16091954022988506,1.0,0.5272727272727272,1.0,171.78,62.497901979977414,189.89723333333336,18.372233333333334,252.65013531331073,1.45,False
freight_gls_31311_veh_cep_size_m_7_3,29461,58366,28905,9377,19528,1970-01-01 08:11:01,1970-01-01 16:12:46,1970-01-01 08:01:45,1970-01-01 02:36:17,1970-01-01 05:25:28,van,66,179.91306570742208,36.80665883848506,"defaultdict(<class 'int'>, {6: 1, 7: 65})",gls,m,7,76.0,0.0,0.013157894736842105,0.9868421052631579,1.0,0.46060606060606063,1.0,171.78,66.92766044316102,183.62704166666668,12.102041666666668,250.8097021098277,1.1515151515151516,False
freight_dhl_30449_veh_cep_size_l_7_4,29466,56218,26752,21920,4832,1970-01-01 08:11:06,1970-01-01 15:36:58,1970-01-01 07:25:52,1970-01-01 06:05:20,1970-01-01 01:20:32,van,29,23.602930404916265,4.5466184079386975,"defaultdict(<class 'int'>, {3: 29})",dhl,l,3,184.0,0.0,0.05434782608695652,0.9456521739130435,1.0,0.8,1.0,189.15,9.110731136297678,169.94951111111112,0.0,198.2607311362977,6.344827586206897,True
freight_gls_31311_veh_cep_size_m_7_2,29473,61675,32202,9310,22892,1970-01-01 08:11:13,1970-01-01 17:07:55,1970-01-01 08:56:42,1970-01-01 02:35:10,1970-01-01 06:21:32,van,68,179.84923374240648,37.37263614243295,"defaultdict(<class 'int'>, {8: 15, 7: 20, 6: 33})",gls,m,6,76.0,0.0,0.02631578947368421,0.9736842105263158,1.0,0.46060606060606063,1.0,171.78,66.90391495217521,204.57215000000002,33.04715,271.7310649521752,1.1176470588235294,False
freight_dhl_30173_veh_cep_size_l_8_1,29508,61729,32221,19718,12503,1970-01-01 08:11:48,1970-01-01 17:08:49,1970-01-01 08:57:01,1970-01-01 05:28:38,1970-01-01 03:28:23,van,47,70.32108508373497,8.212955953536268,"defaultdict(<class 'int'>, {5: 46, 4: 1})",dhl,l,5,180.0,0.0,0.08333333333333333,0.9166666666666666,1.0,0.782608695652174,1.0,189.15,27.1439388423217,204.6928527777778,33.16785277777778,249.46179162009946,3.8297872340425534,True
freight_dhl_30855_1_veh_cep_size_m_8_9,29516,53431,23915,20013,3902,1970-01-01 08:11:56,1970-01-01 14:50:31,1970-01-01 06:38:35,1970-01-01 05:33:33,1970-01-01 01:05:02,van,16,25.035735713699232,7.467162361039477,"defaultdict(<class 'int'>, {6: 16})",dhl,m,6,165.0,0.0,0.15757575757575756,0.8424242424242424,1.0,1.0,1.0,171.78,9.313293685496115,151.92668055555558,0.0,181.09329368549612,10.3125,False
freight_dhl_31515_0_veh_cep_size_m_8_9,29521,31796,2275,866,1409,1970-01-01 08:12:01,1970-01-01 08:49:56,1970-01-01 00:37:55,1970-01-01 00:14:26,1970-01-01 00:23:29,van,3,13.242762207051173,5.792162937556572,"defaultdict(<class 'int'>, {5: 3})",dhl,m,5,7.0,0.0,0.14285714285714285,0.8571428571428571,1.0,0.04242424242424243,1.0,171.78,4.926307541023037,14.452569444444446,0.0,176.70630754102305,2.3333333333333335,False
freight_hermes_30926_veh_cep_size_m_8_1,29525,58610,29085,13802,15283,1970-01-01 08:12:05,1970-01-01 16:16:50,1970-01-01 08:04:45,1970-01-01 03:50:02,1970-01-01 04:14:43,van,83,119.25418392909143,16.512777783986085,"defaultdict(<class 'int'>, {6: 1, 7: 30, 8: 52})",hermes,m,8,112.0,0.0,0.008928571428571428,0.9910714285714286,1.0,0.6787878787878788,1.0,171.78,44.36255642162201,184.77054166666667,13.245541666666668,229.38809808828867,1.3493975903614457,False
freight_dhl_30855_1_veh_cep_size_m_8_10,29516,53925,24409,16353,8056,1970-01-01 08:11:56,1970-01-01 14:58:45,1970-01-01 06:46:49,1970-01-01 04:32:33,1970-01-01 02:14:16,van,27,54.014328210253815,6.331670880866247,"defaultdict(<class 'int'>, {4: 2, 6: 24, 5: 1})",dhl,m,6,132.0,0.0,0.08333333333333333,0.9166666666666666,1.0,0.8,1.0,171.78,20.09333009421442,155.0649527777778,0.0,191.87333009421442,4.888888888888889,False
freight_dhl_31515_0_veh_cep_size_m_8_8,29521,59355,29834,19404,10430,1970-01-01 08:12:01,1970-01-01 16:29:15,1970-01-01 08:17:14,1970-01-01 05:23:24,1970-01-01 02:53:50,van,72,89.29319721847975,5.117471951300168,"defaultdict(<class 'int'>, {6: 3, 5: 14, 7: 54, 8: 1})",dhl,m,7,156.0,0.0,0.0641025641025641,0.9358974358974359,1.0,0.9454545454545454,1.0,171.78,33.21706936527447,189.52877222222224,18.003772222222224,223.00084158749667,2.1666666666666665,False
freight_dhl_30826_0_veh_cep_size_m_7_3,29542,54833,25291,16998,8293,1970-01-01 08:12:22,1970-01-01 15:13:53,1970-01-01 07:01:31,1970-01-01 04:43:18,1970-01-01 02:18:13,van,41,58.95148691547035,6.32962720080692,"defaultdict(<class 'int'>, {8: 38, 7: 3})",dhl,m,8,135.0,0.0,0.08148148148148149,0.9185185185185185,1.0,0.8181818181818182,1.0,171.78,21.92995313255497,160.6681027777778,0.0,193.70995313255497,3.292682926829268,False
freight_ups_30457_veh_cep_size_l_7_2,29543,46597,17054,8251,8803,1970-01-01 08:12:23,1970-01-01 12:56:37,1970-01-01 04:44:14,1970-01-01 02:17:31,1970-01-01 02:26:43,van,18,57.440877586880056,16.289822517456923,"defaultdict(<class 'int'>, {3: 14, 4: 4})",ups,l,3,66.0,0.0,0.8484848484848485,0.15151515151515152,1.0,0.28695652173913044,1.0,189.15,22.172178748535703,108.34027222222224,0.0,211.32217874853572,3.6666666666666665,True
freight_dhl_30952_1_veh_cep_size_m_8_7,29560,31068,1508,361,1147,1970-01-01 08:12:40,1970-01-01 08:37:48,1970-01-01 00:25:08,1970-01-01 00:06:01,1970-01-01 00:19:07,van,1,8.283643005712758,3.903165075089975,"defaultdict(<class 'int'>, {6: 1})",dhl,m,6,3.0,0.0,0.0,1.0,1.0,0.01818181818181818,1.0,171.78,3.081515198125146,9.57998888888889,0.0,174.86151519812515,3.0,False
freight_dhl_30952_1_veh_cep_size_m_8_6,29560,60829,31269,19667,11602,1970-01-01 08:12:40,1970-01-01 16:53:49,1970-01-01 08:41:09,1970-01-01 05:27:47,1970-01-01 03:13:22,van,50,57.27590002043414,3.7642474062657985,"defaultdict(<class 'int'>, {6: 50})",dhl,m,6,159.0,0.0,0.14465408805031446,0.8553459119496856,1.0,0.9636363636363636,1.0,171.78,21.3066348076015,198.64500833333335,27.120008333333335,220.20664314093486,3.18,False
freight_dhl_30952_1_veh_cep_size_m_8_4,29560,58904,29344,19991,9353,1970-01-01 08:12:40,1970-01-01 16:21:44,1970-01-01 08:09:04,1970-01-01 05:33:11,1970-01-01 02:35:53,van,46,52.87481740321062,5.386846117722364,"defaultdict(<class 'int'>, {6: 46})",dhl,m,6,160.0,0.0,0.2,0.8,1.0,0.9696969696969697,1.0,171.78,19.66943207399435,186.41591111111111,14.890911111111112,206.34034318510547,3.4782608695652173,False
freight_hermes_31303_veh_cep_size_m_7_2,29601,60088,30487,16431,14056,1970-01-01 08:13:21,1970-01-01 16:41:28,1970-01-01 08:28:07,1970-01-01 04:33:51,1970-01-01 03:54:16,van,75,115.42198004173738,28.963416972292297,"defaultdict(<class 'int'>, {4: 74, 7: 1})",hermes,m,4,131.0,0.0,0.007633587786259542,0.9923664122137404,1.0,0.793939393939394,1.0,171.78,42.93697657552631,193.67713611111114,22.152136111111112,236.8691126866374,1.7466666666666666,True
freight_hermes_30900_veh_cep_size_m_8_7,29617,32142,2525,495,2030,1970-01-01 08:13:37,1970-01-01 08:55:42,1970-01-01 00:42:05,1970-01-01 00:08:15,1970-01-01 00:33:50,van,3,23.184746812636952,11.957155550850594,"defaultdict(<class 'int'>, {7: 3})",hermes,m,7,4.0,0.0,0.5,0.5,1.0,0.024242424242424242,1.0,171.78,8.624725814300946,16.04076388888889,0.0,180.40472581430095,1.3333333333333333,False
freight_hermes_30900_veh_cep_size_m_8_1,29617,64583,34966,14206,20760,1970-01-01 08:13:37,1970-01-01 17:56:23,1970-01-01 09:42:46,1970-01-01 03:56:46,1970-01-01 05:46:00,van,96,180.9031465135984,19.051365333759822,"defaultdict(<class 'int'>, {6: 1, 7: 80, 8: 15})",hermes,m,7,115.0,0.0,0.008695652173913044,0.991304347826087,1.0,0.696969696969697,1.0,171.78,67.2959705030586,222.1312277777778,50.60622777777778,289.6821982808364,1.1979166666666667,False
freight_gls_30629_veh_cep_size_m_8_1,29630,60829,31199,17462,13737,1970-01-01 08:13:50,1970-01-01 16:53:49,1970-01-01 08:39:59,1970-01-01 04:51:02,1970-01-01 03:48:57,van,102,110.75566388593865,17.469001403892264,"defaultdict(<class 'int'>, {4: 102})",gls,m,4,140.0,0.0,0.07857142857142857,0.9214285714285714,1.0,0.8484848484848485,1.0,171.78,41.201106965569174,198.2003138888889,26.67531388888889,239.65642085445808,1.3725490196078431,True
freight_hermes_30457_veh_cep_size_m_8_1,29652,55061,25409,10920,14489,1970-01-01 08:14:12,1970-01-01 15:17:41,1970-01-01 07:03:29,1970-01-01 03:02:00,1970-01-01 04:01:29,van,55,88.13799284346449,18.61929872264375,"defaultdict(<class 'int'>, {4: 55})",hermes,m,4,89.0,0.0,0.06741573033707865,0.9325842696629213,1.0,0.5393939393939394,1.0,171.78,32.78733333776879,161.41773055555558,0.0,204.5673333377688,1.6181818181818182,True
freight_dhl_30826_0_veh_cep_size_m_7_5,29668,54257,24589,17816,6773,1970-01-01 08:14:28,1970-01-01 15:04:17,1970-01-01 06:49:49,1970-01-01 04:56:56,1970-01-01 01:52:53,van,55,53.82024755971688,2.5502366741911073,"defaultdict(<class 'int'>, {8: 55})",dhl,m,8,142.0,0.0,0.09859154929577464,0.9014084507042254,1.0,0.8606060606060606,1.0,171.78,20.021132092214682,156.20845277777778,0.0,191.8011320922147,2.581818181818182,False
freight_dhl_30880_2_veh_cep_size_m_8_6,29704,56236,26532,14114,12418,1970-01-01 08:15:04,1970-01-01 15:37:16,1970-01-01 07:22:12,1970-01-01 03:55:14,1970-01-01 03:26:58,van,65,68.90008711333574,7.503567843186997,"defaultdict(<class 'int'>, {6: 31, 4: 34})",dhl,m,4,114.0,0.0,0.02631578947368421,0.9736842105263158,1.0,0.6909090909090909,1.0,171.78,25.630832406160895,168.55190000000002,0.0,197.4108324061609,1.7538461538461538,False
freight_amazon_31275_1_veh_cep_size_m_9_5,29750,62758,33008,16271,16737,1970-01-01 08:15:50,1970-01-01 17:25:58,1970-01-01 09:10:08,1970-01-01 04:31:11,1970-01-01 04:38:57,van,108,174.81282938109146,32.35503061315882,"defaultdict(<class 'int'>, {6: 108})",amazon,m,6,133.0,0.0,0.007518796992481203,0.9924812030075187,1.0,0.806060606060606,1.0,171.78,65.03037252976603,209.6924888888889,38.16748888888889,274.9778614186549,1.2314814814814814,False
freight_gls_30657_veh_cep_size_m_7_1,29757,62629,32872,16342,16530,1970-01-01 08:15:57,1970-01-01 17:23:49,1970-01-01 09:07:52,1970-01-01 04:32:22,1970-01-01 04:35:30,van,85,127.94162980675486,19.75527365298751,"defaultdict(<class 'int'>, {4: 45, 8: 39, 7: 1})",gls,m,4,131.0,0.0,0.03816793893129771,0.9618320610687023,1.0,0.793939393939394,1.0,171.78,47.594286288112805,208.82851111111114,37.30351111111111,256.67779739922395,1.5411764705882354,True
freight_amazon_31275_1_veh_cep_size_m_9_3,29750,58957,29207,18587,10620,1970-01-01 08:15:50,1970-01-01 16:22:37,1970-01-01 08:06:47,1970-01-01 05:09:47,1970-01-01 02:57:00,van,70,134.66375927498194,31.561782207100638,"defaultdict(<class 'int'>, {6: 70})",amazon,m,6,149.0,0.0,0.006711409395973154,0.9932885906040269,1.0,0.9030303030303031,1.0,171.78,50.094918450293285,185.54558055555557,14.020580555555556,235.89549900584885,2.1285714285714286,False
freight_amazon_31275_1_veh_cep_size_m_9_2,29750,57811,28061,19546,8515,1970-01-01 08:15:50,1970-01-01 16:03:31,1970-01-01 07:47:41,1970-01-01 05:25:46,1970-01-01 02:21:55,van,45,114.88352795486213,32.16930587286734,"defaultdict(<class 'int'>, {6: 45})",amazon,m,6,156.0,0.0,0.0,1.0,1.0,0.9454545454545454,1.0,171.78,42.736672399208715,178.26529722222224,6.740297222222223,221.25696962143093,3.466666666666667,False
freight_amazon_31275_1_veh_cep_size_m_9_1,29750,59847,30097,18615,11482,1970-01-01 08:15:50,1970-01-01 16:37:27,1970-01-01 08:21:37,1970-01-01 05:10:15,1970-01-01 03:11:22,van,78,150.9609621333396,34.90178354836542,"defaultdict(<class 'int'>, {8: 12, 6: 66})",amazon,m,6,150.0,0.0,0.0,1.0,1.0,0.9090909090909091,1.0,171.78,56.15747791360233,191.1995527777778,19.67455277777778,247.6120306913801,1.9230769230769231,False
freight_ups_30982_veh_cep_size_m_8_2,29799,54759,24960,8280,16680,1970-01-01 08:16:39,1970-01-01 15:12:39,1970-01-01 06:56:00,1970-01-01 02:18:00,1970-01-01 04:38:00,van,53,96.9229213317575,25.620244157159444,"defaultdict(<class 'int'>, {6: 53})",ups,m,6,67.0,0.0,0.7761194029850746,0.22388059701492538,1.0,0.40606060606060607,1.0,171.78,36.055326735413786,158.56533333333334,0.0,207.8353267354138,1.2641509433962264,False
freight_dpd_31319_veh_cep_size_m_7_1,29815,63249,33434,15154,18280,1970-01-01 08:16:55,1970-01-01 17:34:09,1970-01-01 09:17:14,1970-01-01 04:12:34,1970-01-01 05:04:40,van,112,132.91710473745022,12.02724364432782,"defaultdict(<class 'int'>, {8: 44, 6: 51, 7: 17})",dpd,m,6,124.0,0.0,0.11290322580645161,0.8870967741935484,1.0,0.7515151515151515,1.0,171.78,49.44516296233148,212.39877222222225,40.87377222222223,262.0989351845537,1.1071428571428572,False
freight_dhl_30161_veh_cep_size_l_8_7,29888,57222,27334,23455,3879,1970-01-01 08:18:08,1970-01-01 15:53:42,1970-01-01 07:35:34,1970-01-01 06:30:55,1970-01-01 01:04:39,van,32,22.8617235168382,2.3819548643556314,"defaultdict(<class 'int'>, {2: 31, 1: 1})",dhl,l,2,196.0,0.0,0.10204081632653061,0.8979591836734694,1.0,0.8521739130434782,1.0,189.15,8.824625277499546,173.6468277777778,2.121827777777778,200.09645305527732,6.125,True
freight_dhl_30161_veh_cep_size_l_8_5,29888,56757,26869,24849,2020,1970-01-01 08:18:08,1970-01-01 15:45:57,1970-01-01 07:27:49,1970-01-01 06:54:09,1970-01-01 00:33:40,van,21,14.72948979380961,2.829041190214728,"defaultdict(<class 'int'>, {2: 21})",dhl,l,2,209.0,0.0,0.23923444976076555,0.7607655502392344,1.0,0.908695652173913,1.0,189.15,5.685583060410509,170.69278611111113,0.0,194.83558306041053,9.952380952380953,True
freight_dhl_30161_veh_cep_size_l_8_4,29888,57286,27398,24976,2422,1970-01-01 08:18:08,1970-01-01 15:54:46,1970-01-01 07:36:38,1970-01-01 06:56:16,1970-01-01 00:40:22,van,19,16.634199168027067,2.245782578817192,"defaultdict(<class 'int'>, {2: 19})",dhl,l,2,206.0,0.0,0.1941747572815534,0.8058252427184466,1.0,0.8956521739130435,1.0,189.15,6.420800878858448,174.05340555555557,2.5284055555555556,198.09920643441401,10.842105263157896,True
freight_dhl_30161_veh_cep_size_l_8_3,29888,57243,27355,25391,1964,1970-01-01 08:18:08,1970-01-01 15:54:03,1970-01-01 07:35:55,1970-01-01 07:03:11,1970-01-01 00:32:44,van,12,13.406168721550095,2.2497682943256745,"defaultdict(<class 'int'>, {2: 9, 1: 3})",dhl,l,2,223.0,0.0,0.273542600896861,0.726457399103139,1.0,0.9695652173913043,1.0,189.15,5.1747811265183365,173.78023611111112,2.2552361111111114,196.58001723762945,18.583333333333332,True
freight_gls_30989_veh_cep_size_m_8_2,29920,58581,28661,14145,14516,1970-01-01 08:18:40,1970-01-01 16:16:21,1970-01-01 07:57:41,1970-01-01 03:55:45,1970-01-01 04:01:56,van,83,109.8274422070085,20.918831532146058,"defaultdict(<class 'int'>, {4: 73, 8: 10})",gls,m,4,115.0,0.0,0.06086956521739131,0.9391304347826087,1.0,0.696969696969697,1.0,171.78,40.85580850100716,182.0769638888889,10.55196388888889,223.18777238989603,1.3855421686746987,False
freight_ups_30890_veh_cep_size_m_7_3,29949,60780,30831,9747,21084,1970-01-01 08:19:09,1970-01-01 16:53:00,1970-01-01 08:33:51,1970-01-01 02:42:27,1970-01-01 05:51:24,van,63,175.96835691901765,32.93511784491891,"defaultdict(<class 'int'>, {8: 22, 6: 11, 5: 3, 4: 25, 7: 2})",ups,m,4,79.0,0.0,0.8607594936708861,0.13924050632911392,1.0,0.47878787878787876,1.0,171.78,65.46022877387456,195.8624916666667,24.33749166666667,261.5777204405412,1.253968253968254,False
freight_gls_30629_veh_cep_size_m_7_2,29949,59386,29437,17151,12286,1970-01-01 08:19:09,1970-01-01 16:29:46,1970-01-01 08:10:37,1970-01-01 04:45:51,1970-01-01 03:24:46,van,73,101.6509192525237,16.116863646009136,"defaultdict(<class 'int'>, {5: 4, 4: 69})",gls,m,4,136.0,0.0,0.13970588235294118,0.8602941176470589,1.0,0.8242424242424242,1.0,171.78,37.814141961938816,187.00671944444446,15.481719444444446,225.07586140638327,1.8630136986301369,True
freight_amazon_31275_1_veh_cep_size_m_9_6,29962,47044,17082,9498,7584,1970-01-01 08:19:22,1970-01-01 13:04:04,1970-01-01 04:44:42,1970-01-01 02:38:18,1970-01-01 02:06:24,van,52,106.9193169346256,30.979586921353032,"defaultdict(<class 'int'>, {6: 52})",amazon,m,6,77.0,0.0,0.0,1.0,1.0,0.4666666666666667,1.0,171.78,39.773985899680724,108.51815,0.0,211.55398589968073,1.4807692307692308,False
freight_dhl_31275_1_veh_cep_size_m_8_7,29971,58654,28683,19248,9435,1970-01-01 08:19:31,1970-01-01 16:17:34,1970-01-01 07:58:03,1970-01-01 05:20:48,1970-01-01 02:37:15,van,50,77.1271794420892,2.377673756451258,"defaultdict(<class 'int'>, {6: 50})",dhl,m,6,155.0,0.0,0.09032258064516129,0.9096774193548387,1.0,0.9393939393939394,1.0,171.78,28.691310752457184,182.21672500000003,10.691725000000002,211.16303575245718,3.1,False
freight_ups_30457_veh_cep_size_m_7_1,29979,61287,31308,15282,16026,1970-01-01 08:19:39,1970-01-01 17:01:27,1970-01-01 08:41:48,1970-01-01 04:14:42,1970-01-01 04:27:06,van,70,99.98922481319067,18.089316952692,"defaultdict(<class 'int'>, {4: 70})",ups,m,4,124.0,0.0,0.8306451612903226,0.1693548387096774,1.0,0.7515151515151515,1.0,171.78,37.19599163050693,198.8927666666667,27.367766666666668,236.34375829717362,1.7714285714285714,True
freight_dhl_30627_veh_cep_size_l_7_3,29996,57257,27261,21482,5779,1970-01-01 08:19:56,1970-01-01 15:54:17,1970-01-01 07:34:21,1970-01-01 05:58:02,1970-01-01 01:36:19,van,31,44.136963036434295,9.578623471142944,"defaultdict(<class 'int'>, {4: 31})",dhl,l,4,173.0,0.0,0.15606936416184972,0.8439306358381503,1.0,0.7521739130434782,1.0,189.15,17.036867732063637,173.183075,1.6580750000000002,207.84494273206363,5.580645161290323,True
freight_ups_30159_veh_cep_size_l_8_5,30023,65788,35765,27805,7960,1970-01-01 08:20:23,1970-01-01 18:16:28,1970-01-01 09:56:05,1970-01-01 07:43:25,1970-01-01 02:12:40,van,32,43.17361312432829,11.683255514521408,"defaultdict(<class 'int'>, {1: 32})",ups,l,1,226.0,0.0,0.8938053097345132,0.10619469026548672,1.0,0.9826086956521739,1.0,189.15,16.66501466599072,227.20709722222225,55.682097222222225,261.49711188821294,7.0625,True
freight_dpd_30659_veh_cep_size_m_8_1,30025,63798,33773,18321,15452,1970-01-01 08:20:25,1970-01-01 17:43:18,1970-01-01 09:22:53,1970-01-01 05:05:21,1970-01-01 04:17:32,van,83,128.4687836622595,12.20459539885703,"defaultdict(<class 'int'>, {5: 2, 4: 80, 2: 1})",dpd,m,4,147.0,0.0,0.1836734693877551,0.8163265306122449,1.0,0.8909090909090909,1.0,171.78,47.79038752236054,214.55236388888892,43.02736388888889,262.5977514112494,1.7710843373493976,True
freight_dpd_30175_veh_cep_size_m_7_1,30039,60918,30879,18465,12414,1970-01-01 08:20:39,1970-01-01 16:55:18,1970-01-01 08:34:39,1970-01-01 05:07:45,1970-01-01 03:26:54,van,84,86.84835820391147,15.972678997857695,"defaultdict(<class 'int'>, {4: 47, 5: 1, 1: 20, 2: 16})",dpd,m,4,150.0,0.0,0.26,0.74,1.0,0.9090909090909091,1.0,171.78,32.30758925185507,196.167425,24.642425000000003,228.73001425185507,1.7857142857142858,True
freight_dhl_30627_veh_cep_size_m_8_5,30110,55144,25034,19512,5522,1970-01-01 08:21:50,1970-01-01 15:19:04,1970-01-01 06:57:14,1970-01-01 05:25:12,1970-01-01 01:32:02,van,58,45.42755974507087,7.802071490938472,"defaultdict(<class 'int'>, {4: 58})",dhl,m,4,158.0,0.0,0.11392405063291139,0.8860759493670886,1.0,0.9575757575757575,1.0,171.78,16.899052225166365,159.0354388888889,0.0,188.67905222516637,2.7241379310344827,True
freight_ups_31832_veh_cep_size_m_7_3,30116,56601,26485,8081,18404,1970-01-01 08:21:56,1970-01-01 15:43:21,1970-01-01 07:21:25,1970-01-01 02:14:41,1970-01-01 05:06:44,van,54,150.54235921878717,28.424874740988642,"defaultdict(<class 'int'>, {7: 25, 8: 10, 6: 19})",ups,m,7,65.0,0.0,0.8307692307692308,0.16923076923076924,1.0,0.3939393939393939,1.0,171.78,56.00175762938883,168.25331944444446,0.0,227.78175762938884,1.2037037037037037,False
freight_dhl_30627_veh_cep_size_m_8_1,30125,58385,28260,20442,7818,1970-01-01 08:22:05,1970-01-01 16:13:05,1970-01-01 07:51:00,1970-01-01 05:40:42,1970-01-01 02:10:18,van,39,59.5234487123957,8.795130944990328,"defaultdict(<class 'int'>, {4: 39})",dhl,m,4,165.0,0.0,0.11515151515151516,0.8848484848484849,1.0,1.0,1.0,171.78,22.1427229210112,179.5295,8.0045,201.9272229210112,4.230769230769231,True
freight_gls_31515_veh_cep_size_m_7_1,30131,58616,28485,9313,19172,1970-01-01 08:22:11,1970-01-01 16:16:56,1970-01-01 07:54:45,1970-01-01 02:35:13,1970-01-01 05:19:32,van,64,158.87879515484647,44.52399635230669,"defaultdict(<class 'int'>, {7: 62, 8: 2})",gls,m,7,76.0,0.0,0.05263157894736842,0.9473684210526315,1.0,0.46060606060606063,1.0,171.78,59.102911797602886,180.958875,9.433875,240.3167867976029,1.1875,False
freight_fedex_30900_veh_cep_size_m_8_3,30155,44030,13875,8077,5798,1970-01-01 08:22:35,1970-01-01 12:13:50,1970-01-01 03:51:15,1970-01-01 02:14:37,1970-01-01 01:36:38,van,29,50.48307226069123,11.5740342535998,"defaultdict(<class 'int'>, {7: 23, 6: 6})",fedex,m,7,65.0,0.0,0.7692307692307693,0.23076923076923078,1.0,0.3939393939393939,1.0,171.78,18.779702880977137,88.14479166666668,0.0,190.55970288097714,2.2413793103448274,False
freight_hermes_30457_veh_cep_size_l_7_2,30160,61763,31603,17670,13933,1970-01-01 08:22:40,1970-01-01 17:09:23,1970-01-01 08:46:43,1970-01-01 04:54:30,1970-01-01 03:52:13,van,62,86.6695890553514,18.64363027477098,"defaultdict(<class 'int'>, {4: 54, 3: 8})",hermes,l,4,140.0,0.0,0.05714285714285714,0.9428571428571428,1.0,0.6086956521739131,1.0,189.15,33.45446137536564,200.76683611111113,29.241836111111112,251.84629748647677,2.2580645161290325,True
freight_gls_30826_veh_cep_size_m_9_3,30162,55083,24921,8068,16853,1970-01-01 08:22:42,1970-01-01 15:18:03,1970-01-01 06:55:21,1970-01-01 02:14:28,1970-01-01 04:40:53,van,57,137.46887698550606,26.499201747384948,"defaultdict(<class 'int'>, {7: 48, 6: 1, 8: 8})",gls,m,7,65.0,0.0,0.03076923076923077,0.9692307692307692,1.0,0.3939393939393939,1.0,171.78,51.13842223860825,158.317575,0.0,222.91842223860826,1.1403508771929824,False
freight_dhl_30982_1_veh_cep_size_l_7_1,30184,63566,33382,22362,11020,1970-01-01 08:23:04,1970-01-01 17:39:26,1970-01-01 09:16:22,1970-01-01 06:12:42,1970-01-01 03:03:40,van,64,66.64300722499026,3.676673630885668,"defaultdict(<class 'int'>, {6: 29, 8: 35})",dhl,l,8,175.0,0.0,0.10857142857142857,0.8914285714285715,1.0,0.7608695652173914,1.0,189.15,25.72420078884624,212.0684277777778,40.54342777777778,255.41762856662405,2.734375,False
freight_hermes_30938_veh_cep_size_m_7_2,30188,61747,31559,12460,19099,1970-01-01 08:23:08,1970-01-01 17:09:07,1970-01-01 08:45:59,1970-01-01 03:27:40,1970-01-01 05:18:19,van,75,178.38424827332773,19.38810134812818,"defaultdict(<class 'int'>, {7: 65, 8: 9, 6: 1})",hermes,m,7,101.0,0.0,0.0,1.0,1.0,0.6121212121212121,1.0,171.78,66.35894035767791,200.4873138888889,28.962313888888893,267.1012542465668,1.3466666666666667,False
freight_hermes_30938_veh_cep_size_m_7_5,30217,60868,30651,13868,16783,1970-01-01 08:23:37,1970-01-01 16:54:28,1970-01-01 08:30:51,1970-01-01 03:51:08,1970-01-01 04:39:43,van,82,129.75877292824208,17.14796208624142,"defaultdict(<class 'int'>, {6: 79, 7: 3})",hermes,m,6,112.0,0.0,0.044642857142857144,0.9553571428571429,1.0,0.6787878787878788,1.0,171.78,48.27026352930606,194.71899166666668,23.19399166666667,243.24425519597273,1.3658536585365855,False
freight_hermes_30974_veh_cep_size_m_8_3,30230,54690,24460,10613,13847,1970-01-01 08:23:50,1970-01-01 15:11:30,1970-01-01 06:47:40,1970-01-01 02:56:53,1970-01-01 03:50:47,van,70,118.2774922946248,27.13188728875215,"defaultdict(<class 'int'>, {8: 19, 7: 51})",hermes,m,7,86.0,0.0,0.011627906976744186,0.9883720930232558,1.0,0.5212121212121212,1.0,171.78,43.99922713360043,155.38894444444446,0.0,215.77922713360044,1.2285714285714286,False
freight_dpd_30827_veh_cep_size_m_7_2,30233,50807,20574,9125,11449,1970-01-01 08:23:53,1970-01-01 14:06:47,1970-01-01 05:42:54,1970-01-01 02:32:05,1970-01-01 03:10:49,van,44,118.82137817334367,28.686361846179526,"defaultdict(<class 'int'>, {6: 43, 4: 1})",dpd,m,6,73.0,0.0,0.1232876712328767,0.8767123287671232,1.0,0.44242424242424244,1.0,171.78,44.20155268048385,130.70205,0.0,215.98155268048384,1.6590909090909092,False
freight_dhl_30449_veh_cep_size_l_7_3,30243,56718,26475,21516,4959,1970-01-01 08:24:03,1970-01-01 15:45:18,1970-01-01 07:21:15,1970-01-01 05:58:36,1970-01-01 01:22:39,van,28,25.471064806299044,4.658580633123933,"defaultdict(<class 'int'>, {3: 28})",dhl,l,3,177.0,0.0,0.192090395480226,0.807909604519774,1.0,0.7695652173913043,1.0,189.15,9.831831015231431,168.18979166666668,0.0,198.98183101523145,6.321428571428571,True
freight_hermes_30173_veh_cep_size_l_7_2,30245,62188,31943,18170,13773,1970-01-01 08:24:05,1970-01-01 17:16:28,1970-01-01 08:52:23,1970-01-01 05:02:50,1970-01-01 03:49:33,van,62,96.95161035068078,14.687763919746876,"defaultdict(<class 'int'>, {2: 36, 5: 26})",hermes,l,2,146.0,0.0,0.0821917808219178,0.9178082191780822,1.0,0.6347826086956522,1.0,189.15,37.42332159536278,202.92678055555558,31.401780555555558,257.97510215091836,2.3548387096774195,True
freight_dpd_30159_veh_cep_size_m_8_3,30301,49971,19670,9801,9869,1970-01-01 08:25:01,1970-01-01 13:52:51,1970-01-01 05:27:50,1970-01-01 02:43:21,1970-01-01 02:44:29,van,47,60.00619345944694,17.050732758505173,"defaultdict(<class 'int'>, {1: 39, 2: 7, 5: 1})",dpd,m,1,80.0,0.0,0.4625,0.5375,1.0,0.48484848484848486,1.0,171.78,22.322303966914262,124.9591388888889,0.0,194.10230396691426,1.702127659574468,True
freight_hermes_30974_veh_cep_size_m_7_1,30322,61091,30769,12130,18639,1970-01-01 08:25:22,1970-01-01 16:58:11,1970-01-01 08:32:49,1970-01-01 03:22:10,1970-01-01 05:10:39,van,71,153.834471375545,30.406646425743066,"defaultdict(<class 'int'>, {8: 31, 7: 40})",hermes,m,7,98.0,0.0,0.02040816326530612,0.9795918367346939,1.0,0.593939393939394,1.0,171.78,57.22642335170274,195.46861944444447,23.943619444444447,252.9500427961472,1.380281690140845,False
freight_ups_30855_1_veh_cep_size_m_8_2,30349,58248,27899,18403,9496,1970-01-01 08:25:49,1970-01-01 16:10:48,1970-01-01 07:44:59,1970-01-01 05:06:43,1970-01-01 02:38:16,van,21,90.26564533473564,5.189458591402181,"defaultdict(<class 'int'>, {5: 11, 6: 9, 4: 1})",ups,m,5,153.0,0.0,0.9281045751633987,0.0718954248366013,1.0,0.9272727272727272,1.0,171.78,33.57882006452166,177.23614722222223,5.711147222222222,211.0699672867439,7.285714285714286,False
freight_fedex_31303_veh_cep_size_m_7_3,30377,65744,35367,12944,22423,1970-01-01 08:26:17,1970-01-01 18:15:44,1970-01-01 09:49:27,1970-01-01 03:35:44,1970-01-01 06:13:43,van,72,168.46409980955036,26.76927991550707,"defaultdict(<class 'int'>, {4: 44, 8: 7, 6: 17, 7: 4})",fedex,m,4,105.0,0.0,0.9047619047619048,0.09523809523809523,1.0,0.6363636363636364,1.0,171.78,62.668645129152736,224.67869166666668,53.153691666666674,287.6023367958194,1.4583333333333333,True
freight_dhl_30627_veh_cep_size_l_8_2,30382,57951,27569,23636,3933,1970-01-01 08:26:22,1970-01-01 16:05:51,1970-01-01 07:39:29,1970-01-01 06:33:56,1970-01-01 01:05:33,van,17,30.538192370963838,9.662794967505802,"defaultdict(<class 'int'>, {4: 17})",dhl,l,4,202.0,0.0,0.2079207920792079,0.7920792079207921,1.0,0.8782608695652174,1.0,189.15,11.787742255192041,175.13973055555556,3.614730555555556,204.5524728107476,11.882352941176471,True
freight_hermes_30173_veh_cep_size_m_7_1,30389,60971,30582,19288,11294,1970-01-01 08:26:29,1970-01-01 16:56:11,1970-01-01 08:29:42,1970-01-01 05:21:28,1970-01-01 03:08:14,van,80,82.40284285920052,14.778408570806914,"defaultdict(<class 'int'>, {2: 79, 5: 1})",hermes,m,2,156.0,0.0,0.04487179487179487,0.9551282051282052,1.0,0.9454545454545454,1.0,171.78,30.653857543622593,194.28065,22.755650000000003,225.1895075436226,1.95,True
freight_fedex_30175_veh_cep_size_m_7_1,30424,53225,22801,12452,10349,1970-01-01 08:27:04,1970-01-01 14:47:05,1970-01-01 06:20:01,1970-01-01 03:27:32,1970-01-01 02:52:29,van,56,69.04006517568051,14.605399921315865,"defaultdict(<class 'int'>, {5: 1, 4: 40, 2: 4, 1: 11})",fedex,m,4,101.0,0.0,0.8910891089108911,0.10891089108910891,1.0,0.6121212121212121,1.0,171.78,25.68290424535315,144.8496861111111,0.0,197.46290424535314,1.8035714285714286,True
freight_dpd_30455_veh_cep_size_m_7_2,30427,61041,30614,13750,16864,1970-01-01 08:27:07,1970-01-01 16:57:21,1970-01-01 08:30:14,1970-01-01 03:49:10,1970-01-01 04:41:04,van,70,100.18454310017262,22.198370278706566,"defaultdict(<class 'int'>, {4: 69, 3: 1})",dpd,m,4,110.0,0.0,0.16363636363636364,0.8363636363636363,1.0,0.6666666666666666,1.0,171.78,37.268650033264215,194.4839388888889,22.95893888888889,232.0075889221531,1.5714285714285714,True
freight_dpd_30625_veh_cep_size_m_8_1,30428,63175,32747,14337,18410,1970-01-01 08:27:08,1970-01-01 17:32:55,1970-01-01 09:05:47,1970-01-01 03:58:57,1970-01-01 05:06:50,van,87,129.46338176361246,14.580387378225838,"defaultdict(<class 'int'>, {4: 60, 3: 27})",dpd,m,4,117.0,0.0,0.17094017094017094,0.8290598290598291,1.0,0.7090909090909091,1.0,171.78,48.16037801606384,208.0344138888889,36.50941388888889,256.44979190495275,1.3448275862068966,True
freight_fedex_31303_veh_cep_size_m_7_2,30448,58184,27736,11643,16093,1970-01-01 08:27:28,1970-01-01 16:09:44,1970-01-01 07:42:16,1970-01-01 03:14:03,1970-01-01 04:28:13,van,52,141.26028515644717,25.78470636264785,"defaultdict(<class 'int'>, {4: 13, 6: 5, 7: 21, 8: 13})",fedex,m,7,94.0,0.0,0.8723404255319149,0.1276595744680851,1.0,0.5696969696969697,1.0,171.78,52.548826078198346,176.20064444444446,4.675644444444445,229.0044705226428,1.8076923076923077,True
freight_dpd_30938_veh_cep_size_m_7_4,30462,68556,38094,16383,21711,1970-01-01 08:27:42,1970-01-01 19:02:36,1970-01-01 10:34:54,1970-01-01 04:33:03,1970-01-01 06:01:51,van,101,182.76692538362695,19.165228176791732,"defaultdict(<class 'int'>, {7: 5, 6: 96})",dpd,m,6,134.0,0.0,0.3582089552238806,0.6417910447761194,1.0,0.8121212121212121,1.0,171.78,67.98929624270923,242.0027166666667,70.47771666666668,310.24701290937594,1.3267326732673268,False
freight_ups_30179_veh_cep_size_l_7_1,30481,64529,34048,16176,17872,1970-01-01 08:28:01,1970-01-01 17:55:29,1970-01-01 09:27:28,1970-01-01 04:29:36,1970-01-01 04:57:52,van,51,121.02951138923973,7.6247931379242475,"defaultdict(<class 'int'>, {5: 31, 4: 18, 3: 2})",ups,l,5,131.0,0.0,0.7404580152671756,0.2595419847328244,1.0,0.5695652173913044,1.0,189.15,46.71739139624653,216.2993777777778,44.77437777777778,280.6417691740243,2.5686274509803924,True
freight_fedex_31535_veh_cep_size_m_7_3,30529,61907,31378,13212,18166,1970-01-01 08:28:49,1970-01-01 17:11:47,1970-01-01 08:42:58,1970-01-01 03:40:12,1970-01-01 05:02:46,van,70,149.66293801679242,27.31450744356926,"defaultdict(<class 'int'>, {7: 6, 6: 57, 8: 6, 5: 1})",fedex,m,6,107.0,0.0,0.8504672897196262,0.14953271028037382,1.0,0.6484848484848484,1.0,171.78,55.67461294224678,199.33746111111114,27.812461111111112,255.2670740533579,1.5285714285714285,False
freight_dpd_30165_veh_cep_size_m_7_2,30555,62044,31489,19367,12122,1970-01-01 08:29:15,1970-01-01 17:14:04,1970-01-01 08:44:49,1970-01-01 05:22:47,1970-01-01 03:22:02,van,83,99.47830034585357,19.856266927869175,"defaultdict(<class 'int'>, {3: 80, 5: 3})",dpd,m,3,155.0,0.0,0.25161290322580643,0.7483870967741936,1.0,0.9393939393939394,1.0,171.78,37.005927728657525,200.04261944444445,28.517619444444446,237.30354717310198,1.8674698795180722,True
freight_fedex_30655_veh_cep_size_m_7_1,30567,62909,32342,15255,17087,1970-01-01 08:29:27,1970-01-01 17:28:29,1970-01-01 08:59:02,1970-01-01 04:14:15,1970-01-01 04:44:47,van,71,114.5399455460609,13.467239715477632,"defaultdict(<class 'int'>, {4: 67, 2: 4})",fedex,m,4,124.0,0.0,0.8951612903225806,0.10483870967741936,1.0,0.7515151515151515,1.0,171.78,42.60885974313466,205.4615388888889,33.93653888888889,248.32539863202356,1.7464788732394365,True
freight_dhl_31319_1_veh_cep_size_m_8_6,30606,57618,27012,17700,9312,1970-01-01 08:30:06,1970-01-01 16:00:18,1970-01-01 07:30:12,1970-01-01 04:55:00,1970-01-01 02:35:12,van,62,74.26566727625394,2.6129556737560793,"defaultdict(<class 'int'>, {6: 62})",dhl,m,6,141.0,0.0,0.14893617021276595,0.851063829787234,1.0,0.8545454545454545,1.0,171.78,27.626828226766463,171.60123333333334,0.07623333333333335,199.4830615600998,2.274193548387097,False
freight_dpd_30853_veh_cep_size_m_8_2,30613,61080,30467,18386,12081,1970-01-01 08:30:13,1970-01-01 16:58:00,1970-01-01 08:27:47,1970-01-01 05:06:26,1970-01-01 03:21:21,van,88,101.39881748508262,19.602498692250773,"defaultdict(<class 'int'>, {6: 88})",dpd,m,6,148.0,0.0,0.2635135135135135,0.7364864864864865,1.0,0.896969696969697,1.0,171.78,37.720360104450734,193.55008055555558,22.025080555555558,231.5254406600063,1.6818181818181819,False
freight_ups_30159_veh_cep_size_l_8_3,30641,63933,33292,27906,5386,1970-01-01 08:30:41,1970-01-01 17:45:33,1970-01-01 09:14:52,1970-01-01 07:45:06,1970-01-01 01:29:46,van,12,30.62039223515362,12.299658917566354,"defaultdict(<class 'int'>, {1: 12})",ups,l,1,230.0,0.0,0.8391304347826087,0.1608695652173913,1.0,1.0,1.0,189.15,11.819471402769297,211.4966777777778,39.971677777777785,240.9411491805471,19.166666666666668,True
freight_gls_30455_veh_cep_size_m_7_1,30697,64288,33591,15086,18505,1970-01-01 08:31:37,1970-01-01 17:51:28,1970-01-01 09:19:51,1970-01-01 04:11:26,1970-01-01 05:08:25,van,84,114.42260283924824,17.85342388922227,"defaultdict(<class 'int'>, {4: 84})",gls,m,4,120.0,0.0,0.15,0.85,1.0,0.7272727272727273,1.0,171.78,42.56520825620034,213.39615833333335,41.871158333333334,256.21636658953366,1.4285714285714286,True
freight_ups_30179_veh_cep_size_l_7_2,30715,61326,30611,20212,10399,1970-01-01 08:31:55,1970-01-01 17:02:06,1970-01-01 08:30:11,1970-01-01 05:36:52,1970-01-01 02:53:19,van,42,74.51358950665069,5.9820465404027425,"defaultdict(<class 'int'>, {5: 36, 4: 5, 3: 1})",ups,l,5,167.0,0.0,0.874251497005988,0.12574850299401197,1.0,0.7260869565217392,1.0,189.15,28.762245549567165,194.46488055555557,22.939880555555558,240.85212610512272,3.9761904761904763,True
freight_amazon_30900_1_veh_cep_size_m_9_4,30721,61502,30781,14707,16074,1970-01-01 08:32:01,1970-01-01 17:05:02,1970-01-01 08:33:01,1970-01-01 04:05:07,1970-01-01 04:27:54,van,67,132.8011688949603,22.47280150852482,"defaultdict(<class 'int'>, {7: 65, 8: 2})",amazon,m,7,117.0,0.0,0.0,1.0,1.0,0.7090909090909091,1.0,171.78,49.40203482892524,195.5448527777778,24.01985277777778,245.201887606703,1.7462686567164178,False
freight_ups_30657_veh_cep_size_l_7_3,30725,54734,24009,14768,9241,1970-01-01 08:32:05,1970-01-01 15:12:14,1970-01-01 06:40:09,1970-01-01 04:06:08,1970-01-01 02:34:01,van,31,65.01539530457927,8.497503595103646,"defaultdict(<class 'int'>, {4: 22, 8: 9})",ups,l,4,197.0,0.0,0.8781725888324873,0.1218274111675127,1.0,0.8565217391304348,1.0,189.15,25.0959425875676,152.52384166666667,0.0,214.2459425875676,6.354838709677419,True
freight_amazon_30900_1_veh_cep_size_m_9_2,30721,63288,32567,15777,16790,1970-01-01 08:32:01,1970-01-01 17:34:48,1970-01-01 09:02:47,1970-01-01 04:22:57,1970-01-01 04:39:50,van,77,156.15914864750474,25.02006820807059,"defaultdict(<class 'int'>, {8: 15, 7: 29, 6: 19, 5: 14})",amazon,m,7,126.0,0.0,0.0,1.0,1.0,0.7636363636363637,1.0,171.78,58.09120329687176,206.89091388888892,35.36591388888889,265.23711718576067,1.6363636363636365,False
freight_amazon_30900_1_veh_cep_size_m_9_1,30721,62534,31813,15219,16594,1970-01-01 08:32:01,1970-01-01 17:22:14,1970-01-01 08:50:13,1970-01-01 04:13:39,1970-01-01 04:36:34,van,75,147.35886189100248,26.766760715012726,"defaultdict(<class 'int'>, {7: 66, 8: 9})",amazon,m,7,121.0,0.0,0.0,1.0,1.0,0.7333333333333333,1.0,171.78,54.81749662345292,202.10091944444446,30.575919444444448,257.17341606789734,1.6133333333333333,False
freight_hermes_30938_veh_cep_size_m_8_1,30740,60968,30228,13285,16943,1970-01-01 08:32:20,1970-01-01 16:56:08,1970-01-01 08:23:48,1970-01-01 03:41:25,1970-01-01 04:42:23,van,82,130.8634693507373,16.12071085447686,"defaultdict(<class 'int'>, {6: 1, 7: 58, 8: 23})",hermes,m,7,107.0,0.0,0.0,1.0,1.0,0.6484848484848484,1.0,171.78,48.68121059847427,192.0317666666667,20.506766666666667,240.96797726514095,1.3048780487804879,False
freight_ups_30938_veh_cep_size_m_9_1,30745,55482,24737,13802,10935,1970-01-01 08:32:25,1970-01-01 15:24:42,1970-01-01 06:52:17,1970-01-01 03:50:02,1970-01-01 03:02:15,van,24,113.42542397446799,17.479181719563222,"defaultdict(<class 'int'>, {7: 11, 6: 13})",ups,m,6,152.0,0.0,0.7828947368421053,0.21710526315789475,1.0,0.9212121212121213,1.0,171.78,42.194257718502094,157.1486638888889,0.0,213.9742577185021,6.333333333333333,False
freight_gls_31832_veh_cep_size_m_8_3,30751,63437,32686,13973,18713,1970-01-01 08:32:31,1970-01-01 17:37:17,1970-01-01 09:04:46,1970-01-01 03:52:53,1970-01-01 05:11:53,van,92,138.60844743149735,18.86548737411381,"defaultdict(<class 'int'>, {7: 68, 8: 24})",gls,m,7,113.0,0.0,0.04424778761061947,0.9557522123893806,1.0,0.6848484848484848,1.0,171.78,51.562342444517014,207.64689444444446,36.12189444444445,259.46423688896147,1.2282608695652173,False
freight_ups_30625_veh_cep_size_m_8_1,30776,62225,31449,15730,15719,1970-01-01 08:32:56,1970-01-01 17:17:05,1970-01-01 08:44:09,1970-01-01 04:22:10,1970-01-01 04:21:59,van,68,93.05115205962414,13.517834743309148,"defaultdict(<class 'int'>, {3: 49, 4: 19})",ups,m,3,127.0,0.0,0.7952755905511811,0.2047244094488189,1.0,0.7696969696969697,1.0,171.78,34.61502856618018,199.78850833333334,28.263508333333338,234.6585368995135,1.8676470588235294,True
freight_dhl_31311_0_veh_cep_size_m_7_3,30780,63353,32573,17880,14693,1970-01-01 08:33:00,1970-01-01 17:35:53,1970-01-01 09:02:53,1970-01-01 04:58:00,1970-01-01 04:04:53,van,69,94.87669500896853,9.942466632781432,"defaultdict(<class 'int'>, {6: 13, 8: 11, 7: 45})",dhl,m,7,141.0,0.0,0.09219858156028368,0.9078014184397163,1.0,0.8545454545454545,1.0,171.78,35.294130543336294,206.92903055555558,35.40403055555556,242.47816109889186,2.0434782608695654,False
freight_hermes_30459_veh_cep_size_m_8_1,30800,65530,34730,17051,17679,1970-01-01 08:33:20,1970-01-01 18:12:10,1970-01-01 09:38:50,1970-01-01 04:44:11,1970-01-01 04:54:39,van,96,109.35642103809889,14.900306198376501,"defaultdict(<class 'int'>, {3: 10, 4: 86})",hermes,m,4,138.0,0.0,0.028985507246376812,0.9710144927536232,1.0,0.8363636363636363,1.0,171.78,40.680588626172785,220.63197222222223,49.106972222222225,261.56756084839503,1.4375,True
freight_gls_30165_veh_cep_size_m_7_1,30806,60658,29852,14077,15775,1970-01-01 08:33:26,1970-01-01 16:50:58,1970-01-01 08:17:32,1970-01-01 03:54:37,1970-01-01 04:22:55,van,76,102.32553880971565,16.306757031822336,"defaultdict(<class 'int'>, {3: 38, 5: 38})",gls,m,3,114.0,0.0,0.14035087719298245,0.8596491228070176,1.0,0.6909090909090909,1.0,171.78,38.06510043721422,189.64312222222225,18.118122222222222,227.96322265943644,1.5,True
freight_fedex_31515_veh_cep_size_l_7_3,30847,60936,30089,15471,14618,1970-01-01 08:34:07,1970-01-01 16:55:36,1970-01-01 08:21:29,1970-01-01 04:17:51,1970-01-01 04:03:38,van,46,139.12806445885295,27.512602986051828,"defaultdict(<class 'int'>, {6: 42, 7: 4})",fedex,l,6,122.0,0.0,0.8934426229508197,0.10655737704918032,1.0,0.5304347826086957,1.0,189.15,53.70343288111724,191.14873055555557,19.623730555555557,262.4771634366728,2.652173913043478,False
freight_hermes_30159_veh_cep_size_m_8_2,30865,61828,30963,15199,15764,1970-01-01 08:34:25,1970-01-01 17:10:28,1970-01-01 08:36:03,1970-01-01 04:13:19,1970-01-01 04:22:44,van,61,86.95310783572896,13.161927505004439,"defaultdict(<class 'int'>, {1: 58, 3: 3})",hermes,m,1,122.0,0.0,0.06557377049180328,0.9344262295081968,1.0,0.7393939393939394,1.0,171.78,32.34655611489117,196.70105833333335,25.176058333333337,229.30261444822452,2.0,True
freight_dpd_30163_veh_cep_size_m_8_3,30883,48496,17613,9050,8563,1970-01-01 08:34:43,1970-01-01 13:28:16,1970-01-01 04:53:33,1970-01-01 02:30:50,1970-01-01 02:22:43,van,33,62.908373552118306,18.48581793588852,"defaultdict(<class 'int'>, {2: 33})",dpd,m,2,73.0,0.0,0.3150684931506849,0.684931506849315,1.0,0.44242424242424244,1.0,171.78,23.40191496138801,111.89147500000001,0.0,195.181914961388,2.212121212121212,True
freight_fedex_30175_veh_cep_size_m_8_2,30899,53570,22671,13552,9119,1970-01-01 08:34:59,1970-01-01 14:52:50,1970-01-01 06:17:51,1970-01-01 03:45:52,1970-01-01 02:31:59,van,43,60.464930574704226,13.939010710971338,"defaultdict(<class 'int'>, {4: 18, 5: 1, 2: 14, 1: 10})",fedex,m,4,109.0,0.0,0.8807339449541285,0.11926605504587157,1.0,0.6606060606060606,1.0,171.78,22.492954173789972,144.02382500000002,0.0,194.27295417378997,2.5348837209302326,True
freight_hermes_31515_0_veh_cep_size_m_9_4,30900,59338,28438,12823,15615,1970-01-01 08:35:00,1970-01-01 16:28:58,1970-01-01 07:53:58,1970-01-01 03:33:43,1970-01-01 04:20:15,van,79,133.19028955479544,21.824971051677572,"defaultdict(<class 'int'>, {7: 30, 6: 49})",hermes,m,6,104.0,0.0,0.028846153846153848,0.9711538461538461,1.0,0.6303030303030303,1.0,171.78,49.5467877143839,180.66029444444447,9.135294444444446,230.46208215882834,1.3164556962025316,False
freight_hermes_30179_veh_cep_size_m_9_2,30903,55544,24641,16224,8417,1970-01-01 08:35:03,1970-01-01 15:25:44,1970-01-01 06:50:41,1970-01-01 04:30:24,1970-01-01 02:20:17,van,60,60.24359118930651,6.324977185735856,"defaultdict(<class 'int'>, {5: 36, 4: 24})",hermes,m,5,129.0,0.0,0.03875968992248062,0.9612403100775194,1.0,0.7818181818181819,1.0,171.78,22.41061592242202,156.53879722222223,0.0,194.190615922422,2.15,True
freight_gls_30163_veh_cep_size_m_7_1,30919,62432,31513,18127,13386,1970-01-01 08:35:19,1970-01-01 17:20:32,1970-01-01 08:45:13,1970-01-01 05:02:07,1970-01-01 03:43:06,van,84,83.95497160838185,15.62664387427336,"defaultdict(<class 'int'>, {3: 30, 2: 54})",gls,m,2,147.0,0.0,0.10884353741496598,0.891156462585034,1.0,0.8909090909090909,1.0,171.78,31.23124943831805,200.19508611111112,28.670086111111114,231.68133554942918,1.75,True
freight_dpd_31319_veh_cep_size_m_7_2,30928,64651,33723,16931,16792,1970-01-01 08:35:28,1970-01-01 17:57:31,1970-01-01 09:22:03,1970-01-01 04:42:11,1970-01-01 04:39:52,van,107,142.52655930577367,9.91601672772275,"defaultdict(<class 'int'>, {6: 92, 7: 8, 8: 2, 5: 5})",dpd,m,6,138.0,0.0,0.14492753623188406,0.855072463768116,1.0,0.8363636363636363,1.0,171.78,53.019880061747806,214.23472500000003,42.709725000000006,267.50960506174783,1.2897196261682242,False
freight_ups_30851_veh_cep_size_l_8_2,30931,50036,19105,9903,9202,1970-01-01 08:35:31,1970-01-01 13:53:56,1970-01-01 05:18:25,1970-01-01 02:45:03,1970-01-01 02:33:22,van,40,59.717902505616856,5.269930262264179,"defaultdict(<class 'int'>, {6: 40})",ups,l,6,80.0,0.0,0.7625,0.2375,1.0,0.34782608695652173,1.0,189.15,23.051110367168107,121.36981944444446,0.0,212.2011103671681,2.0,False
freight_fedex_30890_veh_cep_size_m_8_3,30961,50320,19359,6762,12597,1970-01-01 08:36:01,1970-01-01 13:58:40,1970-01-01 05:22:39,1970-01-01 01:52:42,1970-01-01 03:29:57,van,31,103.36778775515025,25.51416923082008,"defaultdict(<class 'int'>, {7: 2, 8: 8, 6: 8, 4: 13})",fedex,m,4,54.0,0.0,0.9444444444444444,0.05555555555555555,1.0,0.32727272727272727,1.0,171.78,38.45281704491589,122.98342500000001,0.0,210.2328170449159,1.7419354838709677,False
freight_amazon_30900_1_veh_cep_size_m_9_3,30963,58784,27821,13988,13833,1970-01-01 08:36:03,1970-01-01 16:19:44,1970-01-01 07:43:41,1970-01-01 03:53:08,1970-01-01 03:50:33,van,55,126.28182025712992,24.032586897153337,"defaultdict(<class 'int'>, {8: 48, 7: 5, 5: 2})",amazon,m,8,109.0,0.0,0.0,1.0,1.0,0.6606060606060606,1.0,171.78,46.97683713565233,176.74063055555558,5.215630555555556,223.9724676912079,1.981818181818182,False
freight_hermes_30459_veh_cep_size_m_7_2,30964,66721,35757,19275,16482,1970-01-01 08:36:04,1970-01-01 18:32:01,1970-01-01 09:55:57,1970-01-01 05:21:15,1970-01-01 04:34:42,van,86,98.90477875168197,15.787512049714726,"defaultdict(<class 'int'>, {4: 16, 3: 70})",hermes,m,3,155.0,0.0,0.05161290322580645,0.9483870967741935,1.0,0.9393939393939394,1.0,171.78,36.792577695625695,227.15627500000002,55.631275,264.2038526956257,1.802325581395349,True
freight_dpd_30419_veh_cep_size_m_8_1,30969,65515,34546,17103,17443,1970-01-01 08:36:09,1970-01-01 18:11:55,1970-01-01 09:35:46,1970-01-01 04:45:03,1970-01-01 04:50:43,van,103,160.21342525510394,22.30060642044024,"defaultdict(<class 'int'>, {5: 103})",dpd,m,5,139.0,0.0,0.2014388489208633,0.7985611510791367,1.0,0.8424242424242424,1.0,171.78,59.599394194898665,219.46306111111113,47.93806111111112,279.3174553060098,1.3495145631067962,True
freight_amazon_30952_veh_cep_size_m_9_7,31028,38483,7455,2343,5112,1970-01-01 08:37:08,1970-01-01 10:41:23,1970-01-01 02:04:15,1970-01-01 00:39:03,1970-01-01 01:25:12,van,16,38.91877872202937,15.811612015431011,"defaultdict(<class 'int'>, {6: 16})",amazon,m,6,19.0,0.0,0.0,1.0,1.0,0.11515151515151516,1.0,171.78,14.477785684594927,47.35995833333334,0.0,186.25778568459492,1.1875,False
freight_dpd_30659_veh_cep_size_m_7_2,31035,56504,25469,13555,11914,1970-01-01 08:37:15,1970-01-01 15:41:44,1970-01-01 07:04:29,1970-01-01 03:45:55,1970-01-01 03:18:34,van,67,97.58733275998868,14.962909145536452,"defaultdict(<class 'int'>, {4: 40, 5: 27})",dpd,m,4,108.0,0.0,0.2222222222222222,0.7777777777777778,1.0,0.6545454545454545,1.0,171.78,36.30248778671579,161.79889722222225,0.0,208.08248778671577,1.6119402985074627,True
freight_amazon_30952_veh_cep_size_m_9_6,31028,64347,33319,17304,16015,1970-01-01 08:37:08,1970-01-01 17:52:27,1970-01-01 09:15:19,1970-01-01 04:48:24,1970-01-01 04:26:55,van,84,102.17860600829958,17.186226123494087,"defaultdict(<class 'int'>, {7: 36, 6: 48})",amazon,m,6,140.0,0.0,0.007142857142857143,0.9928571428571429,1.0,0.8484848484848485,1.0,171.78,38.01044143508744,211.6682027777778,40.14320277777778,249.93364421286523,1.6666666666666667,False
freight_dpd_30627_veh_cep_size_m_7_1,31036,58210,27174,15564,11610,1970-01-01 08:37:16,1970-01-01 16:10:10,1970-01-01 07:32:54,1970-01-01 04:19:24,1970-01-01 03:13:30,van,75,96.55323504728202,14.883050468999457,"defaultdict(<class 'int'>, {4: 75})",dpd,m,4,125.0,0.0,0.256,0.744,1.0,0.7575757575757576,1.0,171.78,35.91780343758891,172.63038333333336,1.1053833333333334,208.80318677092222,1.6666666666666667,True
freight_amazon_30952_veh_cep_size_m_9_5,31028,58394,27366,13897,13469,1970-01-01 08:37:08,1970-01-01 16:13:14,1970-01-01 07:36:06,1970-01-01 03:51:37,1970-01-01 03:44:29,van,73,87.1622770499653,16.329529558042307,"defaultdict(<class 'int'>, {6: 33, 4: 33, 7: 7})",amazon,m,6,113.0,0.0,0.0,1.0,1.0,0.6848484848484848,1.0,171.78,32.42436706258709,173.85011666666668,2.3251166666666667,206.52948372925377,1.547945205479452,False
freight_dpd_30851_veh_cep_size_m_8_1,31041,61400,30359,14263,16096,1970-01-01 08:37:21,1970-01-01 17:03:20,1970-01-01 08:25:59,1970-01-01 03:57:43,1970-01-01 04:28:16,van,79,124.43945362934826,20.985553581215417,"defaultdict(<class 'int'>, {6: 77, 5: 2})",dpd,m,6,115.0,0.0,0.17391304347826086,0.8260869565217391,1.0,0.696969696969697,1.0,171.78,46.29147675011755,192.86398055555557,21.33898055555556,239.4104573056731,1.4556962025316456,False
freight_hermes_30159_veh_cep_size_m_8_1,31054,63263,32209,18419,13790,1970-01-01 08:37:34,1970-01-01 17:34:23,1970-01-01 08:56:49,1970-01-01 05:06:59,1970-01-01 03:49:50,van,64,82.33660383879293,12.970383514409733,"defaultdict(<class 'int'>, {1: 52, 2: 10, 5: 2})",hermes,m,1,148.0,0.0,0.07432432432432433,0.9256756756756757,1.0,0.896969696969697,1.0,171.78,30.629216628030967,204.61661944444447,33.09161944444445,235.5008360724754,2.3125,True
freight_amazon_30952_veh_cep_size_m_9_4,31028,58945,27917,15999,11918,1970-01-01 08:37:08,1970-01-01 16:22:25,1970-01-01 07:45:17,1970-01-01 04:26:39,1970-01-01 03:18:38,van,59,74.86458824018406,18.123269195079704,"defaultdict(<class 'int'>, {4: 27, 6: 32})",amazon,m,6,128.0,0.0,0.0,1.0,1.0,0.7757575757575758,1.0,171.78,27.84962682534847,177.35049722222223,5.825497222222222,205.4551240475707,2.169491525423729,False
freight_amazon_30952_veh_cep_size_m_9_3,31028,61470,30442,19152,11290,1970-01-01 08:37:08,1970-01-01 17:04:30,1970-01-01 08:27:22,1970-01-01 05:19:12,1970-01-01 03:08:10,van,44,77.94983711934087,18.12859876360562,"defaultdict(<class 'int'>, {4: 15, 6: 29})",amazon,m,6,150.0,0.0,0.0,1.0,1.0,0.9090909090909091,1.0,171.78,28.997339408394804,193.39126111111113,21.866261111111115,222.64360051950592,3.409090909090909,False
freight_fedex_31535_veh_cep_size_m_7_2,31068,66674,35606,15979,19627,1970-01-01 08:37:48,1970-01-01 18:31:14,1970-01-01 09:53:26,1970-01-01 04:26:19,1970-01-01 05:27:07,van,52,156.70747143221664,29.115713966820863,"defaultdict(<class 'int'>, {7: 7, 6: 45})",fedex,m,6,126.0,0.0,0.8333333333333334,0.16666666666666666,1.0,0.7636363636363637,1.0,171.78,58.29517937278459,226.19700555555556,54.67200555555556,284.7471849283402,2.423076923076923,False
freight_amazon_30952_veh_cep_size_m_9_2,31028,61718,30690,17716,12974,1970-01-01 08:37:08,1970-01-01 17:08:38,1970-01-01 08:31:30,1970-01-01 04:55:16,1970-01-01 03:36:14,van,57,88.45161213310709,19.327172535173094,"defaultdict(<class 'int'>, {4: 56, 6: 1})",amazon,m,4,139.0,0.0,0.0,1.0,1.0,0.8424242424242424,1.0,171.78,32.90399971351584,194.96675000000002,23.441750000000003,228.12574971351586,2.43859649122807,False
freight_amazon_30952_veh_cep_size_m_9_1,31028,60189,29161,15541,13620,1970-01-01 08:37:08,1970-01-01 16:43:09,1970-01-01 08:06:01,1970-01-01 04:19:01,1970-01-01 03:47:00,van,73,113.2659038410255,21.500213518200532,"defaultdict(<class 'int'>, {8: 30, 7: 6, 4: 37})",amazon,m,4,126.0,0.0,0.0,1.0,1.0,0.7636363636363637,1.0,171.78,42.134916228861485,185.2533527777778,13.72835277777778,227.6432690066393,1.726027397260274,False
freight_amazon_31515_1_veh_cep_size_m_9_6,31081,59739,28658,15238,13420,1970-01-01 08:38:01,1970-01-01 16:35:39,1970-01-01 07:57:38,1970-01-01 04:13:58,1970-01-01 03:43:40,van,80,100.7556391805768,11.922830604778575,"defaultdict(<class 'int'>, {7: 1, 6: 79})",amazon,m,6,123.0,0.0,0.0,1.0,1.0,0.7454545454545455,1.0,171.78,37.48109777517457,182.05790555555558,10.532905555555557,219.7940033307301,1.5375,False
freight_amazon_31515_1_veh_cep_size_m_9_5,31081,65823,34742,17016,17726,1970-01-01 08:38:01,1970-01-01 18:17:03,1970-01-01 09:39:02,1970-01-01 04:43:36,1970-01-01 04:55:26,van,79,158.56525339811583,11.581735632712038,"defaultdict(<class 'int'>, {6: 54, 5: 23, 7: 2})",amazon,m,6,136.0,0.0,0.0,1.0,1.0,0.8242424242424242,1.0,171.78,58.98627426409909,220.70820555555557,49.18320555555556,279.94947981965464,1.7215189873417722,False
freight_amazon_31515_1_veh_cep_size_m_9_4,31081,62961,31880,15832,16048,1970-01-01 08:38:01,1970-01-01 17:29:21,1970-01-01 08:51:20,1970-01-01 04:23:52,1970-01-01 04:27:28,van,89,148.68711684640573,15.170751765154847,"defaultdict(<class 'int'>, {7: 45, 8: 16, 6: 28})",amazon,m,7,127.0,0.0,0.0,1.0,1.0,0.7696969696969697,1.0,171.78,55.31160746686293,202.52655555555557,31.00155555555556,258.0931630224185,1.4269662921348314,False
freight_amazon_31515_1_veh_cep_size_m_9_3,31081,60567,29486,17310,12176,1970-01-01 08:38:01,1970-01-01 16:49:27,1970-01-01 08:11:26,1970-01-01 04:48:30,1970-01-01 03:22:56,van,49,120.20143430486789,17.234256197346795,"defaultdict(<class 'int'>, {6: 31, 7: 17, 8: 1})",amazon,m,6,136.0,0.0,0.0,1.0,1.0,0.8242424242424242,1.0,171.78,44.71493356141085,187.31800555555557,15.793005555555556,232.2879391169664,2.7755102040816326,False
freight_amazon_31515_1_veh_cep_size_m_9_2,31081,56107,25026,15088,9938,1970-01-01 08:38:01,1970-01-01 15:35:07,1970-01-01 06:57:06,1970-01-01 04:11:28,1970-01-01 02:45:38,van,54,82.32847798421311,16.092458555875638,"defaultdict(<class 'int'>, {6: 1, 7: 53})",amazon,m,7,120.0,0.0,0.008333333333333333,0.9916666666666667,1.0,0.7272727272727273,1.0,171.78,30.626193810127276,158.98461666666668,0.0,202.40619381012726,2.2222222222222223,False
freight_amazon_31515_1_veh_cep_size_m_9_1,31081,60058,28977,13033,15944,1970-01-01 08:38:01,1970-01-01 16:40:58,1970-01-01 08:02:57,1970-01-01 03:37:13,1970-01-01 04:25:44,van,73,121.08544201853404,18.630286216460995,"defaultdict(<class 'int'>, {7: 42, 8: 30, 6: 1})",amazon,m,7,106.0,0.0,0.009433962264150943,0.9905660377358491,1.0,0.6424242424242425,1.0,171.78,45.04378443089466,184.0844416666667,12.559441666666668,229.3832260975613,1.452054794520548,False
freight_ups_30169_veh_cep_size_m_7_1,31156,64137,32981,18654,14327,1970-01-01 08:39:16,1970-01-01 17:48:57,1970-01-01 09:09:41,1970-01-01 05:10:54,1970-01-01 03:58:47,van,56,91.19972594360827,13.222116760924472,"defaultdict(<class 'int'>, {2: 34, 3: 22})",ups,m,2,151.0,0.0,0.8145695364238411,0.18543046357615894,1.0,0.9151515151515152,1.0,171.78,33.92629805102228,209.5209638888889,37.995963888888895,243.70226193991118,2.6964285714285716,True
freight_amazon_30880_0_veh_cep_size_m_9_4,31175,64692,33517,16338,17179,1970-01-01 08:39:35,1970-01-01 17:58:12,1970-01-01 09:18:37,1970-01-01 04:32:18,1970-01-01 04:46:19,van,70,105.9326666041936,24.339139934905056,"defaultdict(<class 'int'>, {3: 33, 7: 11, 6: 26})",amazon,m,3,132.0,0.0,0.015151515151515152,0.9848484848484849,1.0,0.8,1.0,171.78,39.40695197676002,212.92605277777778,41.40105277777778,252.5880047545378,1.8857142857142857,False
freight_amazon_30880_0_veh_cep_size_m_9_3,31175,62712,31537,17862,13675,1970-01-01 08:39:35,1970-01-01 17:25:12,1970-01-01 08:45:37,1970-01-01 04:57:42,1970-01-01 03:47:55,van,48,92.17245221590618,21.80179250113856,"defaultdict(<class 'int'>, {6: 11, 3: 34, 7: 3})",amazon,m,3,143.0,0.0,0.027972027972027972,0.972027972027972,1.0,0.8666666666666667,1.0,171.78,34.288152224317095,200.3475527777778,28.82255277777778,234.89070500209488,2.9791666666666665,False
freight_amazon_30880_0_veh_cep_size_m_9_2,31175,62239,31064,21100,9964,1970-01-01 08:39:35,1970-01-01 17:17:19,1970-01-01 08:37:44,1970-01-01 05:51:40,1970-01-01 02:46:04,van,20,71.5396546115906,23.542336487760323,"defaultdict(<class 'int'>, {3: 15, 7: 5})",amazon,m,3,165.0,0.0,0.012121212121212121,0.9878787878787879,1.0,1.0,1.0,171.78,26.612751515511704,197.34268888888892,25.817688888888892,224.21044040440057,8.25,False
freight_gls_30457_veh_cep_size_m_7_1,31194,62055,30861,18072,12789,1970-01-01 08:39:54,1970-01-01 17:14:15,1970-01-01 08:34:21,1970-01-01 05:01:12,1970-01-01 03:33:09,van,83,94.05299336826337,14.288874093116311,"defaultdict(<class 'int'>, {4: 58, 3: 25})",gls,m,4,145.0,0.0,0.14482758620689656,0.8551724137931035,1.0,0.8787878787878788,1.0,171.78,34.98771353299397,196.053075,24.528075,231.29578853299398,1.7469879518072289,True
freight_amazon_30880_0_veh_cep_size_m_9_1,31175,62993,31818,17768,14050,1970-01-01 08:39:35,1970-01-01 17:29:53,1970-01-01 08:50:18,1970-01-01 04:56:08,1970-01-01 03:54:10,van,59,108.29396303126964,24.554569810269015,"defaultdict(<class 'int'>, {7: 17, 6: 33, 3: 9})",amazon,m,6,138.0,0.0,0.0,1.0,1.0,0.8363636363636363,1.0,171.78,40.285354247632306,202.13268333333335,30.607683333333338,242.67303758096566,2.3389830508474576,False
freight_amazon_31275_1_veh_cep_size_m_9_4,31226,55656,24430,13964,10466,1970-01-01 08:40:26,1970-01-01 15:27:36,1970-01-01 06:47:10,1970-01-01 03:52:44,1970-01-01 02:54:26,van,85,130.62009806760324,31.738514340103844,"defaultdict(<class 'int'>, {6: 85})",amazon,m,6,114.0,0.0,0.0,1.0,1.0,0.6909090909090909,1.0,171.78,48.59067648114841,155.19836111111113,0.0,220.3706764811484,1.3411764705882352,False
freight_gls_30159_veh_cep_size_l_7_1,31232,63958,32726,18272,14454,1970-01-01 08:40:32,1970-01-01 17:45:58,1970-01-01 09:05:26,1970-01-01 05:04:32,1970-01-01 04:00:54,van,95,83.67873825250004,14.634414739393549,"defaultdict(<class 'int'>, {1: 51, 3: 42, 2: 2})",gls,l,1,148.0,0.0,0.14864864864864866,0.8513513513513513,1.0,0.6434782608695652,1.0,189.15,32.299992965465016,207.90100555555557,36.37600555555556,257.82599852102055,1.5578947368421052,True
freight_hermes_30938_veh_cep_size_m_7_4,31243,59158,27915,13534,14381,1970-01-01 08:40:43,1970-01-01 16:25:58,1970-01-01 07:45:15,1970-01-01 03:45:34,1970-01-01 03:59:41,van,63,115.59832315386018,19.138865915751083,"defaultdict(<class 'int'>, {7: 25, 6: 38})",hermes,m,6,108.0,0.0,0.0,1.0,1.0,0.6545454545454545,1.0,171.78,43.00257621323598,177.33779166666667,5.8127916666666675,220.59536787990265,1.7142857142857142,False
freight_dpd_30419_veh_cep_size_m_7_2,31257,65260,34003,18585,15418,1970-01-01 08:40:57,1970-01-01 18:07:40,1970-01-01 09:26:43,1970-01-01 05:09:45,1970-01-01 04:16:58,van,68,118.60953458574068,24.251539074382674,"defaultdict(<class 'int'>, {5: 55, 6: 8, 3: 5})",dpd,m,5,147.0,0.0,0.11564625850340136,0.8843537414965986,1.0,0.8909090909090909,1.0,171.78,44.12274686589553,216.0135027777778,44.48850277777778,260.3912496436733,2.161764705882353,True
freight_dpd_30853_veh_cep_size_m_7_1,31264,59436,28172,14737,13435,1970-01-01 08:41:04,1970-01-01 16:30:36,1970-01-01 07:49:32,1970-01-01 04:05:37,1970-01-01 03:43:55,van,82,135.7935896744036,20.336656673100958,"defaultdict(<class 'int'>, {6: 82})",dpd,m,6,119.0,0.0,0.21008403361344538,0.7899159663865546,1.0,0.7212121212121212,1.0,171.78,50.51521535887814,178.97045555555556,7.445455555555556,229.74067091443368,1.451219512195122,False
freight_ups_31535_veh_cep_size_m_9_6,31284,44006,12722,2463,10259,1970-01-01 08:41:24,1970-01-01 12:13:26,1970-01-01 03:32:02,1970-01-01 00:41:03,1970-01-01 02:50:59,van,16,93.41834460479461,27.557649630143832,"defaultdict(<class 'int'>, {7: 10, 6: 5, 5: 1})",ups,m,7,20.0,0.0,0.85,0.15,1.0,0.12121212121212122,1.0,171.78,34.7516241929836,80.8200388888889,0.0,206.5316241929836,1.25,False
freight_gls_31319_veh_cep_size_m_9_3,31287,51901,20614,7654,12960,1970-01-01 08:41:27,1970-01-01 14:25:01,1970-01-01 05:43:34,1970-01-01 02:07:34,1970-01-01 03:36:00,van,59,101.99434158461419,10.763445875531216,"defaultdict(<class 'int'>, {6: 45, 8: 10, 7: 4})",gls,m,6,63.0,0.0,0.047619047619047616,0.9523809523809523,1.0,0.38181818181818183,1.0,171.78,37.94189506947648,130.95616111111113,0.0,209.7218950694765,1.0677966101694916,False
freight_amazon_30826_veh_cep_size_m_9_5,31326,60517,29191,16669,12522,1970-01-01 08:42:06,1970-01-01 16:48:37,1970-01-01 08:06:31,1970-01-01 04:37:49,1970-01-01 03:28:42,van,69,96.81178421040556,4.606076076892787,"defaultdict(<class 'int'>, {8: 24, 7: 43, 6: 2})",amazon,m,7,132.0,0.0,0.0,1.0,1.0,0.8,1.0,171.78,36.01398372627087,185.44393611111113,13.918936111111112,221.712919837382,1.9130434782608696,False
freight_amazon_30826_veh_cep_size_m_9_3,31326,61168,29842,14224,15618,1970-01-01 08:42:06,1970-01-01 16:59:28,1970-01-01 08:17:22,1970-01-01 03:57:04,1970-01-01 04:20:18,van,84,133.81842709604942,4.893505142207767,"defaultdict(<class 'int'>, {8: 1, 7: 83})",amazon,m,7,115.0,0.0,0.0,1.0,1.0,0.696969696969697,1.0,171.78,49.780454879730385,189.57959444444447,18.054594444444447,239.61504932417483,1.369047619047619,False
freight_fedex_31515_veh_cep_size_l_8_2,31338,63118,31780,14390,17390,1970-01-01 08:42:18,1970-01-01 17:31:58,1970-01-01 08:49:40,1970-01-01 03:59:50,1970-01-01 04:49:50,van,47,144.93314962422275,26.978601986960506,"defaultdict(<class 'int'>, {5: 1, 6: 44, 7: 2})",fedex,l,6,115.0,0.0,0.808695652173913,0.19130434782608696,1.0,0.5,1.0,189.15,55.94419575494998,201.8912777777778,30.366277777777782,275.46047353272775,2.4468085106382977,False
freight_dpd_30657_veh_cep_size_l_8_2,31342,58996,27654,14219,13435,1970-01-01 08:42:22,1970-01-01 16:23:16,1970-01-01 07:40:54,1970-01-01 03:56:59,1970-01-01 03:43:55,van,60,112.47962418061051,16.409924021821727,"defaultdict(<class 'int'>, {4: 56, 8: 4})",dpd,l,4,114.0,0.0,0.30701754385964913,0.6929824561403509,1.0,0.4956521739130435,1.0,189.15,43.41713493371566,175.67971666666668,4.154716666666667,236.72185160038234,1.9,True
freight_amazon_30826_veh_cep_size_m_9_1,31326,57364,26038,15568,10470,1970-01-01 08:42:06,1970-01-01 15:56:04,1970-01-01 07:13:58,1970-01-01 04:19:28,1970-01-01 02:54:30,van,71,93.08504134999076,7.528569904887989,"defaultdict(<class 'int'>, {7: 57, 8: 14})",amazon,m,7,125.0,0.0,0.0,1.0,1.0,0.7575757575757576,1.0,171.78,34.627635382196566,165.4136277777778,0.0,206.40763538219656,1.7605633802816902,False
freight_fedex_30539_veh_cep_size_l_7_1,31341,58153,26812,14145,12667,1970-01-01 08:42:21,1970-01-01 16:09:13,1970-01-01 07:26:52,1970-01-01 03:55:45,1970-01-01 03:31:07,van,41,84.48036153225749,20.903481072256387,"defaultdict(<class 'int'>, {4: 24, 5: 15, 7: 2})",fedex,l,4,190.0,0.0,0.8789473684210526,0.12105263157894737,1.0,0.8260869565217391,1.0,189.15,32.60941955145139,170.3306777777778,0.0,221.7594195514514,4.634146341463414,True
freight_amazon_30451_veh_cep_size_m_9_1,31332,57542,26210,18003,8207,1970-01-01 08:42:12,1970-01-01 15:59:02,1970-01-01 07:16:50,1970-01-01 05:00:03,1970-01-01 02:16:47,van,50,58.81910645605,12.655587636085604,"defaultdict(<class 'int'>, {2: 47, 3: 3})",amazon,m,2,147.0,0.0,0.006802721088435374,0.9931972789115646,1.0,0.8909090909090909,1.0,171.78,21.8807076016506,166.50630555555557,0.0,193.66070760165059,2.94,True
freight_ups_30890_veh_cep_size_m_8_2,31365,58225,26860,10008,16852,1970-01-01 08:42:45,1970-01-01 16:10:25,1970-01-01 07:27:40,1970-01-01 02:46:48,1970-01-01 04:40:52,van,31,138.5889339072478,28.829132543598977,"defaultdict(<class 'int'>, {8: 1, 5: 20, 6: 2, 4: 6, 7: 2})",ups,m,5,78.0,0.0,0.8076923076923077,0.19230769230769232,1.0,0.4727272727272727,1.0,171.78,51.55508341349618,170.63561111111113,0.0,223.3350834134962,2.5161290322580645,False
freight_dpd_31515_veh_cep_size_m_9_5,31372,64303,32931,13237,19694,1970-01-01 08:42:52,1970-01-01 17:51:43,1970-01-01 09:08:51,1970-01-01 03:40:37,1970-01-01 05:28:14,van,85,186.34135171154483,42.05566824555909,"defaultdict(<class 'int'>, {6: 85})",dpd,m,6,107.0,0.0,0.2336448598130841,0.7663551401869159,1.0,0.6484848484848484,1.0,171.78,69.31898283669467,209.203325,37.678325,278.7773078366947,1.2588235294117647,False
freight_dhl_31311_0_veh_cep_size_m_7_5,31398,58089,26691,15704,10987,1970-01-01 08:43:18,1970-01-01 16:08:09,1970-01-01 07:24:51,1970-01-01 04:21:44,1970-01-01 03:03:07,van,55,61.75709529408874,3.0860284009710144,"defaultdict(<class 'int'>, {7: 55})",dhl,m,7,125.0,0.0,0.088,0.912,1.0,0.7575757575757576,1.0,171.78,22.973639449401013,169.56199166666667,0.0,194.75363944940102,2.272727272727273,False
freight_dhl_30169_veh_cep_size_l_7_2,31403,59456,28053,24542,3511,1970-01-01 08:43:23,1970-01-01 16:30:56,1970-01-01 07:47:33,1970-01-01 06:49:02,1970-01-01 00:58:31,van,23,24.28832062301692,4.146366206046655,"defaultdict(<class 'int'>, {2: 16, 3: 6, 1: 1})",dhl,l,2,200.0,0.0,0.145,0.855,1.0,0.8695652173913043,1.0,189.15,9.375291760484531,178.21447500000002,6.689475000000001,205.21476676048454,8.695652173913043,True
freight_amazon_30449_veh_cep_size_m_9_2,31424,60215,28791,20390,8401,1970-01-01 08:43:44,1970-01-01 16:43:35,1970-01-01 07:59:51,1970-01-01 05:39:50,1970-01-01 02:20:01,van,38,57.05475085432789,15.212291877793374,"defaultdict(<class 'int'>, {3: 38})",amazon,m,3,165.0,0.0,0.030303030303030304,0.9696969696969697,1.0,1.0,1.0,171.78,21.224367317809975,182.902825,11.377825000000001,204.38219231780997,4.342105263157895,True
freight_hermes_31535_1_veh_cep_size_m_9_6,31426,41539,10113,2420,7693,1970-01-01 08:43:46,1970-01-01 11:32:19,1970-01-01 02:48:33,1970-01-01 00:40:20,1970-01-01 02:08:13,van,20,86.40073329456793,21.30854024608055,"defaultdict(<class 'int'>, {6: 10, 7: 10})",hermes,m,6,20.0,0.0,0.05,0.95,1.0,0.12121212121212122,1.0,171.78,32.14107278557927,64.24564166666667,0.0,203.92107278557927,1.0,False
freight_fedex_30952_veh_cep_size_m_7_3,31430,64593,33163,8838,24325,1970-01-01 08:43:50,1970-01-01 17:56:33,1970-01-01 09:12:43,1970-01-01 02:27:18,1970-01-01 06:45:25,van,59,171.45044647878456,22.257487192999882,"defaultdict(<class 'int'>, {4: 26, 6: 23, 8: 2, 3: 8})",fedex,m,4,72.0,0.0,0.8888888888888888,0.1111111111111111,1.0,0.43636363636363634,1.0,171.78,63.779566090107856,210.67716944444447,39.152169444444446,274.7117355345523,1.2203389830508475,False
freight_amazon_30826_veh_cep_size_m_9_2,31431,60041,28610,18727,9883,1970-01-01 08:43:51,1970-01-01 16:40:41,1970-01-01 07:56:50,1970-01-01 05:12:07,1970-01-01 02:44:43,van,49,82.46073251649358,6.623401525263586,"defaultdict(<class 'int'>, {7: 49})",amazon,m,7,147.0,0.0,0.0,1.0,1.0,0.8909090909090909,1.0,171.78,30.67539249613561,181.75297222222224,10.227972222222224,212.68336471835784,3.0,False
freight_dhl_30629_veh_cep_size_l_7_6,31436,57573,26137,20740,5397,1970-01-01 08:43:56,1970-01-01 15:59:33,1970-01-01 07:15:37,1970-01-01 05:45:40,1970-01-01 01:29:57,van,51,41.50375883223241,5.6902850761158055,"defaultdict(<class 'int'>, {5: 8, 4: 43})",dhl,l,4,166.0,0.0,0.10843373493975904,0.891566265060241,1.0,0.7217391304347827,1.0,189.15,16.02045090924171,166.0425527777778,0.0,205.1704509092417,3.2549019607843137,True
freight_fedex_31303_veh_cep_size_m_7_1,31431,65100,33669,11363,22306,1970-01-01 08:43:51,1970-01-01 18:05:00,1970-01-01 09:21:09,1970-01-01 03:09:23,1970-01-01 06:11:46,van,67,195.71783080313452,34.528938672106456,"defaultdict(<class 'int'>, {7: 57, 8: 5, 6: 4, 4: 1})",fedex,m,7,92.0,0.0,0.9565217391304348,0.043478260869565216,1.0,0.5575757575757576,1.0,171.78,72.80703305876604,213.89167500000002,42.366675,286.95370805876604,1.373134328358209,True
freight_dhl_30627_veh_cep_size_l_8_4,31446,59949,28503,21716,6787,1970-01-01 08:44:06,1970-01-01 16:39:09,1970-01-01 07:55:03,1970-01-01 06:01:56,1970-01-01 01:53:07,van,36,51.17993202550441,9.424351861567953,"defaultdict(<class 'int'>, {4: 36})",dhl,l,4,174.0,0.0,0.15517241379310345,0.8448275862068966,1.0,0.7565217391304347,1.0,189.15,19.755453761844702,181.073225,9.548225,218.4536787618447,4.833333333333333,True
freight_fedex_31535_veh_cep_size_m_7_1,31434,64165,32731,8128,24603,1970-01-01 08:43:54,1970-01-01 17:49:25,1970-01-01 09:05:31,1970-01-01 02:15:28,1970-01-01 06:50:03,van,52,242.0867194455788,35.63660199291193,"defaultdict(<class 'int'>, {8: 20, 7: 27, 5: 3, 6: 2})",fedex,m,7,66.0,0.0,0.9848484848484849,0.015151515151515152,1.0,0.4,1.0,171.78,90.05625963375532,207.93276944444446,36.40776944444445,298.2440290781998,1.2692307692307692,False
freight_amazon_30449_veh_cep_size_m_9_1,31451,62894,31443,19286,12157,1970-01-01 08:44:11,1970-01-01 17:28:14,1970-01-01 08:44:03,1970-01-01 05:21:26,1970-01-01 03:22:37,van,59,77.62393457058953,13.964778420952271,"defaultdict(<class 'int'>, {3: 59})",amazon,m,3,155.0,0.0,0.012903225806451613,0.9870967741935484,1.0,0.9393939393939394,1.0,171.78,28.876103660259304,199.75039166666667,28.22539166666667,228.88149532692597,2.6271186440677967,True
freight_amazon_30165_veh_cep_size_l_9_3,31501,61322,29821,18590,11231,1970-01-01 08:45:01,1970-01-01 17:02:02,1970-01-01 08:17:01,1970-01-01 05:09:50,1970-01-01 03:07:11,van,68,84.22099631422857,12.88472762608173,"defaultdict(<class 'int'>, {3: 47, 5: 21})",amazon,l,3,150.0,0.0,0.013333333333333334,0.9866666666666667,1.0,0.6521739130434783,1.0,189.15,32.50930457729223,189.44618611111113,17.921186111111112,239.58049068840336,2.2058823529411766,True
freight_amazon_30165_veh_cep_size_l_9_2,31501,60738,29237,20900,8337,1970-01-01 08:45:01,1970-01-01 16:52:18,1970-01-01 08:07:17,1970-01-01 05:48:20,1970-01-01 02:18:57,van,34,56.90082054808869,12.176110332913233,"defaultdict(<class 'int'>, {5: 4, 3: 30})",amazon,l,3,166.0,0.0,0.012048192771084338,0.9879518072289156,1.0,0.7217391304347827,1.0,189.15,21.963716731562233,185.7361638888889,14.21116388888889,225.32488062045115,4.882352941176471,True
freight_gls_31311_veh_cep_size_m_7_1,31541,62663,31122,10740,20382,1970-01-01 08:45:41,1970-01-01 17:24:23,1970-01-01 08:38:42,1970-01-01 02:59:00,1970-01-01 05:39:42,van,77,168.48735140329148,42.127429159169225,"defaultdict(<class 'int'>, {7: 77})",gls,m,7,88.0,0.0,0.022727272727272728,0.9772727272727273,1.0,0.5333333333333333,1.0,171.78,62.677294722024435,197.71115000000003,26.18615,260.64344472202447,1.1428571428571428,False
freight_fedex_30966_veh_cep_size_m_9_1,31541,65177,33636,15927,17709,1970-01-01 08:45:41,1970-01-01 18:06:17,1970-01-01 09:20:36,1970-01-01 04:25:27,1970-01-01 04:55:09,van,85,142.86427412681982,20.901592067766796,"defaultdict(<class 'int'>, {3: 1, 4: 53, 8: 9, 6: 22})",fedex,m,4,129.0,0.0,0.9147286821705426,0.08527131782945736,1.0,0.7818181818181819,1.0,171.78,53.14550997517697,213.68203333333335,42.15703333333334,267.0825433085103,1.5176470588235293,False
freight_fedex_30952_veh_cep_size_m_7_2,31570,63024,31454,17854,13600,1970-01-01 08:46:10,1970-01-01 17:30:24,1970-01-01 08:44:14,1970-01-01 04:57:34,1970-01-01 03:46:40,van,47,86.13065660436976,22.082686231319457,"defaultdict(<class 'int'>, {4: 16, 6: 26, 3: 5})",fedex,m,6,142.0,0.0,0.8661971830985915,0.13380281690140844,1.0,0.8606060606060606,1.0,171.78,32.04060425682555,199.82027222222223,28.295272222222223,232.11587647904778,3.021276595744681,False
freight_dpd_30625_veh_cep_size_m_9_2,31572,60089,28517,15436,13081,1970-01-01 08:46:12,1970-01-01 16:41:29,1970-01-01 07:55:17,1970-01-01 04:17:16,1970-01-01 03:38:01,van,79,86.71323911752987,14.531352610226161,"defaultdict(<class 'int'>, {4: 4, 3: 75})",dpd,m,3,124.0,0.0,0.12903225806451613,0.8709677419354839,1.0,0.7515151515151515,1.0,171.78,32.25732495172111,181.1621638888889,9.63716388888889,213.67448884061,1.5696202531645569,True
freight_gls_30823_veh_cep_size_m_7_1,31574,65962,34388,14619,19769,1970-01-01 08:46:14,1970-01-01 18:19:22,1970-01-01 09:33:08,1970-01-01 04:03:39,1970-01-01 05:29:29,van,92,149.53075513691763,25.619256278276193,"defaultdict(<class 'int'>, {6: 22, 4: 70})",gls,m,4,119.0,0.0,0.18487394957983194,0.8151260504201681,1.0,0.7212121212121212,1.0,171.78,55.62544091093336,218.45932222222226,46.93432222222223,274.3397631331556,1.2934782608695652,False
freight_amazon_30419_1_veh_cep_size_m_9_3,31591,61708,30117,20400,9717,1970-01-01 08:46:31,1970-01-01 17:08:28,1970-01-01 08:21:57,1970-01-01 05:40:00,1970-01-01 02:41:57,van,76,87.48582959477244,8.161182726577962,"defaultdict(<class 'int'>, {5: 76})",amazon,m,5,164.0,0.0,0.024390243902439025,0.975609756097561,1.0,0.9939393939393939,1.0,171.78,32.544728609255344,191.32660833333335,19.801608333333334,224.1263369425887,2.1578947368421053,True
freight_amazon_30419_1_veh_cep_size_m_9_2,31591,61090,29499,19973,9526,1970-01-01 08:46:31,1970-01-01 16:58:10,1970-01-01 08:11:39,1970-01-01 05:32:53,1970-01-01 02:38:46,van,44,65.93870143724267,4.861890545856302,"defaultdict(<class 'int'>, {5: 41, 3: 3})",amazon,m,5,159.0,0.0,0.006289308176100629,0.9937106918238994,1.0,0.9636363636363636,1.0,171.78,24.529196934654273,187.40059166666668,15.875591666666669,212.18478860132095,3.6136363636363638,True
freight_ups_30539_veh_cep_size_m_8_3,31605,45532,13927,4147,9780,1970-01-01 08:46:45,1970-01-01 12:38:52,1970-01-01 03:52:07,1970-01-01 01:09:07,1970-01-01 02:43:00,van,31,63.025599657984415,17.624615270444533,"defaultdict(<class 'int'>, {4: 31})",ups,m,4,34.0,0.0,0.8235294117647058,0.17647058823529413,1.0,0.20606060606060606,1.0,171.78,23.445523072770204,88.47513611111111,0.0,195.22552307277022,1.096774193548387,True
freight_amazon_30419_1_veh_cep_size_m_9_1,31591,62439,30848,20453,10395,1970-01-01 08:46:31,1970-01-01 17:20:39,1970-01-01 08:34:08,1970-01-01 05:40:53,1970-01-01 02:53:15,van,73,88.28703514532795,8.992526908448324,"defaultdict(<class 'int'>, {5: 72, 3: 1})",amazon,m,5,163.0,0.0,0.0,1.0,1.0,0.9878787878787879,1.0,171.78,32.842777074062,195.9704888888889,24.445488888888892,229.0682659629509,2.232876712328767,True
freight_ups_30890_veh_cep_size_m_7_4,31612,56235,24623,7970,16653,1970-01-01 08:46:52,1970-01-01 15:37:15,1970-01-01 06:50:23,1970-01-01 02:12:50,1970-01-01 04:37:33,van,41,168.42108039263604,32.425611752919636,"defaultdict(<class 'int'>, {4: 26, 7: 6, 8: 8, 5: 1})",ups,m,4,63.0,0.0,0.6666666666666666,0.3333333333333333,1.0,0.38181818181818183,1.0,171.78,62.65264190606061,156.42444722222223,0.0,234.4326419060606,1.5365853658536586,False
freight_dhl_30169_veh_cep_size_l_8_4,31635,60064,28429,23267,5162,1970-01-01 08:47:15,1970-01-01 16:41:04,1970-01-01 07:53:49,1970-01-01 06:27:47,1970-01-01 01:26:02,van,52,29.91639700731442,2.289641404033463,"defaultdict(<class 'int'>, {3: 48, 1: 4})",dhl,l,3,190.0,0.0,0.1,0.9,1.0,0.8260869565217391,1.0,189.15,11.547729244823365,180.60311944444447,9.078119444444445,209.7758486892678,3.6538461538461537,True
freight_ups_30966_veh_cep_size_m_7_1,31645,64392,32747,16656,16091,1970-01-01 08:47:25,1970-01-01 17:53:12,1970-01-01 09:05:47,1970-01-01 04:37:36,1970-01-01 04:28:11,van,76,116.2044882494588,18.00119715749985,"defaultdict(<class 'int'>, {4: 41, 3: 1, 6: 19, 8: 15})",ups,m,4,135.0,0.0,0.8518518518518519,0.14814814814814814,1.0,0.8181818181818182,1.0,171.78,43.22806962879868,208.0344138888889,36.50941388888889,251.5174835176876,1.7763157894736843,False
freight_amazon_30982_veh_cep_size_l_9_3,31650,64853,33203,19586,13617,1970-01-01 08:47:30,1970-01-01 18:00:53,1970-01-01 09:13:23,1970-01-01 05:26:26,1970-01-01 03:46:57,van,46,95.84194400891532,25.817348509439274,"defaultdict(<class 'int'>, {6: 44, 8: 2})",amazon,l,6,154.0,0.0,0.0,1.0,1.0,0.6695652173913044,1.0,189.15,36.99499038744131,210.9312805555556,39.40628055555556,265.5512709429969,3.347826086956522,False
freight_dpd_30938_veh_cep_size_l_8_1,31653,58061,26408,8482,17926,1970-01-01 08:47:33,1970-01-01 16:07:41,1970-01-01 07:20:08,1970-01-01 02:21:22,1970-01-01 04:58:46,van,62,171.3412431278598,18.866041825466567,"defaultdict(<class 'int'>, {7: 50, 6: 12})",dpd,l,7,69.0,0.0,0.15942028985507245,0.8405797101449275,1.0,0.3,1.0,189.15,66.13771984735388,167.76415555555556,0.0,255.28771984735388,1.1129032258064515,False
freight_dhl_30169_veh_cep_size_l_7_3,31678,62968,31290,23525,7765,1970-01-01 08:47:58,1970-01-01 17:29:28,1970-01-01 08:41:30,1970-01-01 06:32:05,1970-01-01 02:09:25,van,54,44.90243797472508,3.2577956523041562,"defaultdict(<class 'int'>, {3: 27, 2: 25, 1: 2})",dhl,l,3,191.0,0.0,0.14136125654450263,0.8586387434554974,1.0,0.8304347826086956,1.0,189.15,17.33234105824388,198.7784166666667,27.25341666666667,233.73575772491057,3.537037037037037,True
freight_amazon_31535_1_veh_cep_size_l_9_4,31679,63054,31375,15199,16176,1970-01-01 08:47:59,1970-01-01 17:30:54,1970-01-01 08:42:55,1970-01-01 04:13:19,1970-01-01 04:29:36,van,71,135.7007418885647,20.20858017976768,"defaultdict(<class 'int'>, {7: 49, 8: 18, 5: 4})",amazon,l,7,120.0,0.0,0.0,1.0,1.0,0.5217391304347826,1.0,189.15,52.38048636898597,199.3184027777778,27.793402777777782,269.32388914676375,1.6901408450704225,False
freight_amazon_31535_1_veh_cep_size_l_9_3,31679,63927,32248,13923,18325,1970-01-01 08:47:59,1970-01-01 17:45:27,1970-01-01 08:57:28,1970-01-01 03:52:03,1970-01-01 05:05:25,van,72,136.3453669018947,23.48252434063952,"defaultdict(<class 'int'>, {7: 25, 8: 46, 6: 1})",amazon,l,8,112.0,0.0,0.0,1.0,1.0,0.48695652173913045,1.0,189.15,52.629311624131354,204.8643777777778,33.339377777777784,275.11868940190914,1.5555555555555556,False
freight_dpd_31535_veh_cep_size_m_9_9,31703,56363,24660,7189,17471,1970-01-01 08:48:23,1970-01-01 15:39:23,1970-01-01 06:51:00,1970-01-01 01:59:49,1970-01-01 04:51:11,van,45,182.6809980547575,43.19864822713677,"defaultdict(<class 'int'>, {6: 41, 8: 4})",dpd,m,6,58.0,0.0,0.20689655172413793,0.7931034482758621,1.0,0.3515151515151515,1.0,171.78,67.9573312763698,156.6595,0.0,239.7373312763698,1.288888888888889,False
freight_amazon_30900_1_veh_cep_size_m_9_5,31706,61291,29585,10280,19305,1970-01-01 08:48:26,1970-01-01 17:01:31,1970-01-01 08:13:05,1970-01-01 02:51:20,1970-01-01 05:21:45,van,80,146.3341065099572,24.049653819821543,"defaultdict(<class 'int'>, {8: 30, 7: 50})",amazon,m,7,85.0,0.0,0.0,1.0,1.0,0.5151515151515151,1.0,171.78,54.436287621704075,187.94693055555558,16.42193055555556,242.63821817725963,1.0625,False
freight_gls_30880_veh_cep_size_m_9_3,31714,63221,31507,16173,15334,1970-01-01 08:48:34,1970-01-01 17:33:41,1970-01-01 08:45:07,1970-01-01 04:29:33,1970-01-01 04:15:34,van,76,72.00260395526628,2.9881647212749347,"defaultdict(<class 'int'>, {6: 26, 4: 12, 3: 22, 7: 16})",gls,m,6,128.0,0.0,0.09375,0.90625,1.0,0.7757575757575758,1.0,171.78,26.784968671359056,200.15696944444446,28.631969444444447,227.1969381158035,1.6842105263157894,False
freight_ups_30169_veh_cep_size_m_8_2,31720,57152,25432,15929,9503,1970-01-01 08:48:40,1970-01-01 15:52:32,1970-01-01 07:03:52,1970-01-01 04:25:29,1970-01-01 02:38:23,van,49,57.863753982767946,12.287170540625358,"defaultdict(<class 'int'>, {2: 13, 3: 32, 1: 4})",ups,m,3,128.0,0.0,0.828125,0.171875,1.0,0.7757575757575758,1.0,171.78,21.525316481589677,161.56384444444447,0.0,193.30531648158967,2.6122448979591835,True
freight_gls_30880_veh_cep_size_m_9_1,31714,63274,31560,14874,16686,1970-01-01 08:48:34,1970-01-01 17:34:34,1970-01-01 08:46:00,1970-01-01 04:07:54,1970-01-01 04:38:06,van,104,96.08946726033079,5.397385233444972,"defaultdict(<class 'int'>, {4: 5, 8: 53, 6: 43, 3: 1, 7: 2})",gls,m,8,122.0,0.0,0.11475409836065574,0.8852459016393442,1.0,0.7393939393939394,1.0,171.78,35.745281820843054,200.49366666666668,28.96866666666667,236.49394848750973,1.1730769230769231,False
freight_ups_30989_veh_cep_size_m_7_1,31733,63692,31959,14016,17943,1970-01-01 08:48:53,1970-01-01 17:41:32,1970-01-01 08:52:39,1970-01-01 03:53:36,1970-01-01 04:59:03,van,77,129.11931677384678,26.245676554087474,"defaultdict(<class 'int'>, {8: 17, 4: 60})",ups,m,4,113.0,0.0,0.7699115044247787,0.23008849557522124,1.0,0.6848484848484848,1.0,171.78,48.032385839871,203.02842500000003,31.503425000000004,251.315810839871,1.4675324675324675,False
freight_dhl_30827_1_veh_cep_size_m_9_1,31775,55015,23240,17239,6001,1970-01-01 08:49:35,1970-01-01 15:16:55,1970-01-01 06:27:20,1970-01-01 04:47:19,1970-01-01 01:40:01,van,34,46.54275166940553,3.563596134443919,"defaultdict(<class 'int'>, {6: 34})",dhl,m,6,137.0,0.0,0.08759124087591241,0.9124087591240876,1.0,0.8303030303030303,1.0,171.78,17.31390362101886,147.63855555555557,0.0,189.09390362101885,4.029411764705882,False
freight_gls_30880_veh_cep_size_m_9_4,31780,55835,24055,11662,12393,1970-01-01 08:49:40,1970-01-01 15:30:35,1970-01-01 06:40:55,1970-01-01 03:14:22,1970-01-01 03:26:33,van,75,63.00298096290937,3.2307115385170526,"defaultdict(<class 'int'>, {6: 64, 7: 11})",gls,m,6,94.0,0.0,0.0851063829787234,0.9148936170212766,1.0,0.5696969696969697,1.0,171.78,23.437108918202284,152.81606944444445,0.0,195.21710891820229,1.2533333333333334,False
freight_fedex_30855_veh_cep_size_m_9_11,31797,41297,9500,3757,5743,1970-01-01 08:49:57,1970-01-01 11:28:17,1970-01-01 02:38:20,1970-01-01 01:02:37,1970-01-01 01:35:43,van,22,43.56010198539864,6.839888790314367,"defaultdict(<class 'int'>, {4: 22})",fedex,m,4,31.0,0.0,0.9032258064516129,0.0967741935483871,1.0,0.18787878787878787,1.0,171.78,16.204357938568293,60.35138888888889,0.0,187.98435793856828,1.4090909090909092,False
freight_amazon_30657_veh_cep_size_m_9_4,31824,57958,26134,17652,8482,1970-01-01 08:50:24,1970-01-01 16:05:58,1970-01-01 07:15:34,1970-01-01 04:54:12,1970-01-01 02:21:22,van,53,71.61119012387,16.058067124258297,"defaultdict(<class 'int'>, {4: 53})",amazon,m,4,145.0,0.0,0.013793103448275862,0.9862068965517241,1.0,0.8787878787878788,1.0,171.78,26.63936272607964,166.02349444444445,0.0,198.41936272607964,2.7358490566037736,True
freight_dpd_30449_veh_cep_size_l_7_1,31825,68710,36885,19965,16920,1970-01-01 08:50:25,1970-01-01 19:05:10,1970-01-01 10:14:45,1970-01-01 05:32:45,1970-01-01 04:42:00,van,79,103.09193710670858,19.574143158411946,"defaultdict(<class 'int'>, {3: 79})",dpd,l,3,161.0,0.0,0.2360248447204969,0.7639751552795031,1.0,0.7,1.0,189.15,39.793487723189514,234.32220833333335,62.79720833333334,291.74069605652284,2.037974683544304,True
freight_ups_30625_veh_cep_size_m_9_2,31829,60291,28462,17045,11417,1970-01-01 08:50:29,1970-01-01 16:44:51,1970-01-01 07:54:22,1970-01-01 04:44:05,1970-01-01 03:10:17,van,57,73.08330350880517,13.625826132416398,"defaultdict(<class 'int'>, {3: 14, 4: 43})",ups,m,4,136.0,0.0,0.8308823529411765,0.16911764705882354,1.0,0.8242424242424242,1.0,171.78,27.186988905275523,180.81276111111112,9.287761111111111,208.25475001638662,2.3859649122807016,True
freight_amazon_30657_veh_cep_size_m_9_2,31824,62353,30529,20779,9750,1970-01-01 08:50:24,1970-01-01 17:19:13,1970-01-01 08:28:49,1970-01-01 05:46:19,1970-01-01 02:42:30,van,40,84.8769433560345,16.25439830571175,"defaultdict(<class 'int'>, {4: 37, 2: 1, 8: 2})",amazon,m,4,164.0,0.0,0.018292682926829267,0.9817073170731707,1.0,0.9939393939393939,1.0,171.78,31.574222928444833,193.9439527777778,22.41895277777778,225.77317570622262,4.1,True
freight_hermes_31515_1_veh_cep_size_m_7_1,31835,57574,25739,12100,13639,1970-01-01 08:50:35,1970-01-01 15:59:34,1970-01-01 07:08:59,1970-01-01 03:21:40,1970-01-01 03:47:19,van,62,113.76478787593187,21.663110603834227,"defaultdict(<class 'int'>, {7: 2, 6: 60})",hermes,m,6,97.0,0.0,0.010309278350515464,0.9896907216494846,1.0,0.5878787878787879,1.0,171.78,42.32050108984666,163.51414722222225,0.0,214.10050108984666,1.564516129032258,False
freight_gls_30625_veh_cep_size_m_8_2,31865,63363,31498,14502,16996,1970-01-01 08:51:05,1970-01-01 17:36:03,1970-01-01 08:44:58,1970-01-01 04:01:42,1970-01-01 04:43:16,van,76,114.80807660877083,15.440099510416287,"defaultdict(<class 'int'>, {4: 18, 3: 58})",gls,m,3,117.0,0.0,0.08547008547008547,0.9145299145299145,1.0,0.7090909090909091,1.0,171.78,42.70860449846275,200.09979444444446,28.574794444444446,243.06339894290718,1.5394736842105263,True
freight_amazon_30451_veh_cep_size_l_9_2,31871,58907,27036,20930,6106,1970-01-01 08:51:11,1970-01-01 16:21:47,1970-01-01 07:30:36,1970-01-01 05:48:50,1970-01-01 01:41:46,van,37,49.81038872684448,13.347244336160083,"defaultdict(<class 'int'>, {2: 36, 3: 1})",amazon,l,2,170.0,0.0,0.047058823529411764,0.9529411764705882,1.0,0.7391304347826086,1.0,189.15,19.22681004856197,171.7537,0.22870000000000001,208.60551004856197,4.594594594594595,True
freight_dhl_31311_0_veh_cep_size_m_7_1,31873,62860,30987,15980,15007,1970-01-01 08:51:13,1970-01-01 17:27:40,1970-01-01 08:36:27,1970-01-01 04:26:20,1970-01-01 04:10:07,van,70,89.9393826732713,5.814649326656015,"defaultdict(<class 'int'>, {7: 23, 6: 47})",dhl,m,6,128.0,0.0,0.09375,0.90625,1.0,0.7757575757575758,1.0,171.78,33.457450354456924,196.85352500000002,25.328525000000003,230.56597535445695,1.8285714285714285,False
freight_ups_31311_veh_cep_size_m_7_1,31879,65814,33935,11485,22450,1970-01-01 08:51:19,1970-01-01 18:16:54,1970-01-01 09:25:35,1970-01-01 03:11:25,1970-01-01 06:14:10,van,73,175.85789030690393,40.15847536494129,"defaultdict(<class 'int'>, {6: 14, 7: 59})",ups,m,7,93.0,0.0,0.9247311827956989,0.07526881720430108,1.0,0.5636363636363636,1.0,171.78,65.41913519416826,215.5815138888889,44.056513888888894,281.25564908305716,1.273972602739726,False
freight_amazon_31319_0_veh_cep_size_m_9_3,31895,65635,33740,13595,20145,1970-01-01 08:51:35,1970-01-01 18:13:55,1970-01-01 09:22:20,1970-01-01 03:46:35,1970-01-01 05:35:45,van,79,143.7529244382565,34.283043584524776,"defaultdict(<class 'int'>, {6: 79})",amazon,m,6,110.0,0.0,0.0,1.0,1.0,0.6666666666666666,1.0,171.78,53.476087891031426,214.34272222222225,42.81772222222222,268.07381011325367,1.3924050632911393,False
freight_amazon_31319_0_veh_cep_size_m_9_2,31895,65928,34033,17381,16652,1970-01-01 08:51:35,1970-01-01 18:18:48,1970-01-01 09:27:13,1970-01-01 04:49:41,1970-01-01 04:37:32,van,66,124.93258598854814,34.457541343893,"defaultdict(<class 'int'>, {6: 34, 7: 32})",amazon,m,6,140.0,0.0,0.0,1.0,1.0,0.8484848484848485,1.0,171.78,46.47492198773991,216.20408611111114,44.67908611111112,262.93400809885105,2.121212121212121,False
freight_dhl_30629_veh_cep_size_l_9_1,31909,61847,29938,22891,7047,1970-01-01 08:51:49,1970-01-01 17:10:47,1970-01-01 08:18:58,1970-01-01 06:21:31,1970-01-01 01:57:27,van,42,45.82974740804318,5.270095005921397,"defaultdict(<class 'int'>, {5: 1, 4: 41})",dhl,l,4,186.0,0.0,0.06989247311827956,0.9301075268817204,1.0,0.808695652173913,1.0,189.15,17.69028249950467,190.18946111111114,18.664461111111113,225.50474361061578,4.428571428571429,True
freight_amazon_30455_veh_cep_size_l_9_2,31895,62677,30782,21038,9744,1970-01-01 08:51:35,1970-01-01 17:24:37,1970-01-01 08:33:02,1970-01-01 05:50:38,1970-01-01 02:42:24,van,52,64.71003173870263,12.447729421799455,"defaultdict(<class 'int'>, {4: 52})",amazon,l,4,167.0,0.0,0.005988023952095809,0.9940119760479041,1.0,0.7260869565217392,1.0,189.15,24.978072251139213,195.55120555555558,24.026205555555556,238.15427780669478,3.2115384615384617,True
freight_amazon_31275_0_veh_cep_size_m_9_4,31933,65119,33186,15574,17612,1970-01-01 08:52:13,1970-01-01 18:05:19,1970-01-01 09:13:06,1970-01-01 04:19:34,1970-01-01 04:53:32,van,97,207.35801150922055,33.97777082329581,"defaultdict(<class 'int'>, {7: 15, 6: 28, 8: 54})",amazon,m,8,127.0,0.0,0.007874015748031496,0.9921259842519685,1.0,0.7696969696969697,1.0,171.78,77.13718028143005,210.82328333333336,39.29828333333334,288.2154636147634,1.309278350515464,False
freight_amazon_31275_0_veh_cep_size_m_9_3,31933,64672,32739,16728,16011,1970-01-01 08:52:13,1970-01-01 17:57:52,1970-01-01 09:05:39,1970-01-01 04:38:48,1970-01-01 04:26:51,van,79,190.82023435438992,33.159230554019864,"defaultdict(<class 'int'>, {6: 75, 8: 4})",amazon,m,6,134.0,0.0,0.0,1.0,1.0,0.8121212121212121,1.0,171.78,70.98512717983306,207.98359166666668,36.45859166666667,279.2237188464997,1.6962025316455696,False
freight_amazon_31275_0_veh_cep_size_m_9_2,31933,60050,28117,16499,11618,1970-01-01 08:52:13,1970-01-01 16:40:50,1970-01-01 07:48:37,1970-01-01 04:34:59,1970-01-01 03:13:38,van,66,160.09672826074845,32.26594551013161,"defaultdict(<class 'int'>, {6: 63, 7: 3})",amazon,m,6,132.0,0.0,0.0,1.0,1.0,0.8,1.0,171.78,59.555982912998424,178.6210527777778,7.096052777777778,238.4320356907762,2.0,False
freight_hermes_30855_1_veh_cep_size_m_9_1,31956,62636,30680,18042,12638,1970-01-01 08:52:36,1970-01-01 17:23:56,1970-01-01 08:31:20,1970-01-01 05:00:42,1970-01-01 03:30:38,van,80,103.62039511265189,4.183259785837133,"defaultdict(<class 'int'>, {5: 3, 6: 28, 4: 49})",hermes,m,4,146.0,0.0,0.0136986301369863,0.9863013698630136,1.0,0.8848484848484849,1.0,171.78,38.5467869819065,194.90322222222224,23.378222222222224,233.70500920412874,1.825,False
freight_amazon_31275_0_veh_cep_size_m_9_1,31933,58987,27054,14924,12130,1970-01-01 08:52:13,1970-01-01 16:23:07,1970-01-01 07:30:54,1970-01-01 04:08:44,1970-01-01 03:22:10,van,70,151.91549527203847,43.66776361453296,"defaultdict(<class 'int'>, {7: 68, 8: 2})",amazon,m,7,120.0,0.0,0.0,1.0,1.0,0.7272727272727273,1.0,171.78,56.51256424119831,171.86805,0.34305,228.6356142411983,1.7142857142857142,False
freight_amazon_31535_0_veh_cep_size_l_9_4,31942,62804,30862,16951,13911,1970-01-01 08:52:22,1970-01-01 17:26:44,1970-01-01 08:34:22,1970-01-01 04:42:31,1970-01-01 03:51:51,van,53,86.03336624878735,14.421367201043402,"defaultdict(<class 'int'>, {6: 53})",amazon,l,6,133.0,0.0,0.0,1.0,1.0,0.5782608695652174,1.0,189.15,33.208879372031916,196.05942777777778,24.53442777777778,246.89330714980971,2.509433962264151,False
freight_amazon_31535_0_veh_cep_size_l_9_3,31942,60459,28517,16251,12266,1970-01-01 08:52:22,1970-01-01 16:47:39,1970-01-01 07:55:17,1970-01-01 04:30:51,1970-01-01 03:24:26,van,41,76.38895423671127,15.673604481054314,"defaultdict(<class 'int'>, {6: 41})",amazon,l,6,128.0,0.0,0.0,1.0,1.0,0.5565217391304348,1.0,189.15,29.486136335370553,181.1621638888889,9.63716388888889,228.27330022425946,3.1219512195121952,False
freight_dhl_31535_3_veh_cep_size_m_7_6,31987,58940,26953,17816,9137,1970-01-01 08:53:07,1970-01-01 16:22:20,1970-01-01 07:29:13,1970-01-01 04:56:56,1970-01-01 02:32:17,van,52,94.12030660748506,5.581263328299567,"defaultdict(<class 'int'>, {8: 13, 7: 39})",dhl,m,7,141.0,0.0,0.10638297872340426,0.8936170212765957,1.0,0.8545454545454545,1.0,171.78,35.012754057984445,171.22641944444447,0.0,206.79275405798444,2.7115384615384617,False
freight_amazon_30455_veh_cep_size_m_9_3,31994,60723,28729,18999,9730,1970-01-01 08:53:14,1970-01-01 16:52:03,1970-01-01 07:58:49,1970-01-01 05:16:39,1970-01-01 02:42:10,van,68,70.75593517094129,13.303328632798129,"defaultdict(<class 'int'>, {4: 68})",amazon,m,4,152.0,0.0,0.019736842105263157,0.9802631578947368,1.0,0.9212121212121213,1.0,171.78,26.32120788359016,182.5089527777778,10.983952777777779,209.08516066136792,2.235294117647059,True
freight_fedex_30165_veh_cep_size_m_9_2,32000,50407,18407,11807,6600,1970-01-01 08:53:20,1970-01-01 14:00:07,1970-01-01 05:06:47,1970-01-01 03:16:47,1970-01-01 01:50:00,van,26,49.551859743690144,11.01094676893899,"defaultdict(<class 'int'>, {3: 25, 5: 1})",fedex,m,3,95.0,0.0,0.8947368421052632,0.10526315789473684,1.0,0.5757575757575758,1.0,171.78,18.433291824652734,116.93558055555556,0.0,190.21329182465274,3.6538461538461537,True
freight_fedex_30165_veh_cep_size_m_9_1,32000,61369,29369,20518,8851,1970-01-01 08:53:20,1970-01-01 17:02:49,1970-01-01 08:09:29,1970-01-01 05:41:58,1970-01-01 02:27:31,van,56,67.41168001336477,10.787964763844561,"defaultdict(<class 'int'>, {3: 24, 5: 32})",fedex,m,5,165.0,0.0,0.8848484848484849,0.11515151515151516,1.0,1.0,1.0,171.78,25.077144964971694,186.57473055555556,15.049730555555557,211.90687552052725,2.9464285714285716,True
freight_fedex_30890_veh_cep_size_m_7_2,32002,59138,27136,8929,18207,1970-01-01 08:53:22,1970-01-01 16:25:38,1970-01-01 07:32:16,1970-01-01 02:28:49,1970-01-01 05:03:27,van,40,150.33672809350173,34.016463389465486,"defaultdict(<class 'int'>, {8: 8, 6: 4, 4: 8, 5: 20})",fedex,m,5,72.0,0.0,0.8888888888888888,0.1111111111111111,1.0,0.43636363636363634,1.0,171.78,55.925262850782644,172.3889777777778,0.8639777777777778,228.56924062856044,1.8,False
freight_amazon_30625_veh_cep_size_l_9_1,32021,65355,33334,18500,14834,1970-01-01 08:53:41,1970-01-01 18:09:15,1970-01-01 09:15:34,1970-01-01 05:08:20,1970-01-01 04:07:14,van,67,103.0022047401733,19.967951704532712,"defaultdict(<class 'int'>, {3: 18, 4: 49})",amazon,l,4,149.0,0.0,0.0,1.0,1.0,0.6478260869565218,1.0,189.15,39.758851029706896,211.76349444444446,40.23849444444445,269.14734547415134,2.2238805970149254,True
freight_dhl_31535_3_veh_cep_size_m_7_4,32029,62717,30688,15806,14882,1970-01-01 08:53:49,1970-01-01 17:25:17,1970-01-01 08:31:28,1970-01-01 04:23:26,1970-01-01 04:08:02,van,61,111.41546271165613,15.486582923929365,"defaultdict(<class 'int'>, {8: 18, 7: 38, 5: 5})",dhl,m,7,124.0,0.0,0.07258064516129033,0.9274193548387096,1.0,0.7515151515151515,1.0,171.78,41.44655212873608,194.95404444444446,23.429044444444447,236.65559657318053,2.0327868852459017,False
freight_hermes_30855_0_veh_cep_size_m_9_3,32042,51519,19477,11349,8128,1970-01-01 08:54:02,1970-01-01 14:18:39,1970-01-01 05:24:37,1970-01-01 03:09:09,1970-01-01 02:15:28,van,35,57.369912463567935,8.607635154440011,"defaultdict(<class 'int'>, {4: 18, 6: 17})",hermes,m,4,90.0,0.0,0.07777777777777778,0.9222222222222223,1.0,0.5454545454545454,1.0,171.78,21.341607436447273,123.73305277777779,0.0,193.12160743644728,2.5714285714285716,False
freight_dhl_31535_0_veh_cep_size_l_9_2,32053,53003,20950,10964,9986,1970-01-01 08:54:13,1970-01-01 14:43:23,1970-01-01 05:49:10,1970-01-01 03:02:44,1970-01-01 02:46:26,van,38,77.54694424802852,2.903960074808701,"defaultdict(<class 'int'>, {6: 8, 7: 30})",dhl,l,7,87.0,0.0,0.14942528735632185,0.8505747126436781,1.0,0.3782608695652174,1.0,189.15,29.93312047973901,133.09069444444447,0.0,219.08312047973902,2.289473684210526,False
freight_dhl_30890_2_veh_cep_size_m_9_6,32059,51304,19245,12102,7143,1970-01-01 08:54:19,1970-01-01 14:15:04,1970-01-01 05:20:45,1970-01-01 03:21:42,1970-01-01 01:59:03,van,47,57.40709066732785,7.3092320806404,"defaultdict(<class 'int'>, {7: 32, 8: 15})",dhl,m,7,97.0,0.0,0.08247422680412371,0.9175257731958762,1.0,0.5878787878787879,1.0,171.78,21.35543772824596,122.25920833333335,0.0,193.13543772824596,2.0638297872340425,False
freight_dhl_31535_0_veh_cep_size_l_9_1,32053,60008,27955,16879,11076,1970-01-01 08:54:13,1970-01-01 16:40:08,1970-01-01 07:45:55,1970-01-01 04:41:19,1970-01-01 03:04:36,van,52,87.86278429922847,6.587292981031323,"defaultdict(<class 'int'>, {7: 39, 5: 2, 6: 2, 8: 9})",dhl,l,7,136.0,0.0,0.11764705882352941,0.8823529411764706,1.0,0.591304347826087,1.0,189.15,33.91503473950219,177.5919027777778,6.066902777777778,229.13193751728,2.6153846153846154,False
freight_fedex_30657_veh_cep_size_m_8_3,32065,49770,17705,11850,5855,1970-01-01 08:54:25,1970-01-01 13:49:30,1970-01-01 04:55:05,1970-01-01 03:17:30,1970-01-01 01:37:35,van,24,46.97695791879213,10.394447583486533,"defaultdict(<class 'int'>, {8: 1, 4: 23})",fedex,m,4,158.0,0.0,0.9430379746835443,0.056962025316455694,1.0,0.9575757575757575,1.0,171.78,17.47542834579067,112.47593055555556,0.0,189.25542834579068,6.583333333333333,True
freight_dhl_31515_2_veh_cep_size_l_9_6,32072,57808,25736,20128,5608,1970-01-01 08:54:32,1970-01-01 16:03:28,1970-01-01 07:08:56,1970-01-01 05:35:28,1970-01-01 01:33:28,van,38,46.20320622871169,3.549947891129067,"defaultdict(<class 'int'>, {6: 38})",dhl,l,6,160.0,0.0,0.08125,0.91875,1.0,0.6956521739130435,1.0,189.15,17.834437604282712,163.49508888888892,0.0,206.98443760428273,4.2105263157894735,False
freight_dhl_31515_2_veh_cep_size_l_9_5,32072,59460,27388,22194,5194,1970-01-01 08:54:32,1970-01-01 16:31:00,1970-01-01 07:36:28,1970-01-01 06:09:54,1970-01-01 01:26:34,van,26,41.77319902717634,2.931397078635291,"defaultdict(<class 'int'>, {6: 26})",dhl,l,6,191.0,0.0,0.08900523560209424,0.9109947643979057,1.0,0.8304347826086956,1.0,189.15,16.12445482449007,173.9898777777778,2.464877777777778,207.73933260226787,7.346153846153846,False
freight_gls_30823_veh_cep_size_m_7_2,32089,64274,32185,16504,15681,1970-01-01 08:54:49,1970-01-01 17:51:14,1970-01-01 08:56:25,1970-01-01 04:35:04,1970-01-01 04:21:21,van,71,105.96273326764243,25.12505845767901,"defaultdict(<class 'int'>, {6: 23, 4: 35, 8: 13})",gls,m,4,132.0,0.0,0.12121212121212122,0.8787878787878788,1.0,0.8,1.0,171.78,39.418136775562985,204.4641527777778,32.93915277777778,244.1372895533408,1.8591549295774648,False
freight_dpd_30459_veh_cep_size_m_9_1,32110,62295,30185,12582,17603,1970-01-01 08:55:10,1970-01-01 17:18:15,1970-01-01 08:23:05,1970-01-01 03:29:42,1970-01-01 04:53:23,van,80,119.49193179242421,19.839806500218106,"defaultdict(<class 'int'>, {3: 42, 4: 38})",dpd,m,3,102.0,0.0,0.11764705882352941,0.8823529411764706,1.0,0.6181818181818182,1.0,171.78,44.450998626781804,191.75859722222225,20.233597222222222,236.464595849004,1.275,True
freight_amazon_31319_0_veh_cep_size_m_9_1,32115,65605,33490,15301,18189,1970-01-01 08:55:15,1970-01-01 18:13:25,1970-01-01 09:18:10,1970-01-01 04:15:01,1970-01-01 05:03:09,van,91,143.12729565148888,35.27996009162286,"defaultdict(<class 'int'>, {6: 35, 8: 56})",amazon,m,8,124.0,0.0,0.0,1.0,1.0,0.7515151515151515,1.0,171.78,53.24335398235386,212.7545277777778,41.22952777777778,266.25288176013163,1.3626373626373627,False
freight_gls_30625_veh_cep_size_m_7_1,32156,61260,29104,11146,17958,1970-01-01 08:55:56,1970-01-01 17:01:00,1970-01-01 08:05:04,1970-01-01 03:05:46,1970-01-01 04:59:18,van,64,123.8879190663972,15.355574246198941,"defaultdict(<class 'int'>, {4: 25, 3: 39})",gls,m,3,90.0,0.0,0.1111111111111111,0.8888888888888888,1.0,0.5454545454545454,1.0,171.78,46.08630589269976,184.89124444444445,13.366244444444446,231.2325503371442,1.40625,True
freight_gls_30827_veh_cep_size_m_9_3,32165,42858,10693,2307,8386,1970-01-01 08:56:05,1970-01-01 11:54:18,1970-01-01 02:58:13,1970-01-01 00:38:27,1970-01-01 02:19:46,van,9,60.62120596830977,26.28887656144429,"defaultdict(<class 'int'>, {6: 9})",gls,m,6,18.0,0.0,0.05555555555555555,0.9444444444444444,1.0,0.10909090909090909,1.0,171.78,22.551088620211235,67.93025277777778,0.0,194.33108862021123,2.0,False
freight_dhl_30974_0_veh_cep_size_l_9_5,32184,37068,4884,2076,2808,1970-01-01 08:56:24,1970-01-01 10:17:48,1970-01-01 01:21:24,1970-01-01 00:34:36,1970-01-01 00:46:48,van,12,18.940016839293904,4.669156579930156,"defaultdict(<class 'int'>, {8: 12})",dhl,l,8,17.0,0.0,0.058823529411764705,0.9411764705882353,1.0,0.07391304347826087,1.0,189.15,7.310846499967447,31.02696666666667,0.0,196.46084649996746,1.4166666666666667,False
freight_dhl_31311_0_veh_cep_size_m_7_2,32186,60450,28264,16764,11500,1970-01-01 08:56:26,1970-01-01 16:47:30,1970-01-01 07:51:04,1970-01-01 04:39:24,1970-01-01 03:11:40,van,57,62.39399481285964,6.196558104630888,"defaultdict(<class 'int'>, {7: 19, 6: 38})",dhl,m,6,131.0,0.0,0.06870229007633588,0.9312977099236641,1.0,0.793939393939394,1.0,171.78,23.210566070383784,179.55491111111112,8.029911111111112,203.0204771814949,2.2982456140350878,False
freight_hermes_30449_veh_cep_size_m_9_2,32190,57752,25562,15146,10416,1970-01-01 08:56:30,1970-01-01 16:02:32,1970-01-01 07:06:02,1970-01-01 04:12:26,1970-01-01 02:53:36,van,56,59.034544665745706,12.796377688919094,"defaultdict(<class 'int'>, {3: 56})",hermes,m,3,123.0,0.0,0.08130081300813008,0.9186991869918699,1.0,0.7454545454545455,1.0,171.78,21.960850615657403,162.38970555555557,0.0,193.7408506156574,2.1964285714285716,True
freight_gls_30167_veh_cep_size_m_8_1,32216,63424,31208,18171,13037,1970-01-01 08:56:56,1970-01-01 17:37:04,1970-01-01 08:40:08,1970-01-01 05:02:51,1970-01-01 03:37:17,van,75,89.62516338837914,15.31412985259776,"defaultdict(<class 'int'>, {3: 75})",gls,m,3,146.0,0.0,0.10273972602739725,0.8972602739726028,1.0,0.8848484848484849,1.0,171.78,33.34056078047704,198.2574888888889,26.73248888888889,231.85304966936593,1.9466666666666668,True
freight_ups_30159_veh_cep_size_l_7_4,32220,64489,32269,27141,5128,1970-01-01 08:57:00,1970-01-01 17:54:49,1970-01-01 08:57:49,1970-01-01 07:32:21,1970-01-01 01:25:28,van,13,30.121748828886517,11.759923843853516,"defaultdict(<class 'int'>, {1: 13})",ups,l,1,230.0,0.0,0.8130434782608695,0.18695652173913044,1.0,1.0,1.0,189.15,11.626995047950196,204.99778611111114,33.47278611111111,234.2497811590613,17.692307692307693,True
freight_amazon_31311_veh_cep_size_m_9_4,32234,64358,32124,9790,22334,1970-01-01 08:57:14,1970-01-01 17:52:38,1970-01-01 08:55:24,1970-01-01 02:43:10,1970-01-01 06:12:14,van,66,170.63697164760654,48.76521433790792,"defaultdict(<class 'int'>, {7: 40, 6: 26})",amazon,m,7,80.0,0.0,0.0,1.0,1.0,0.48484848484848486,1.0,171.78,63.47695345290963,204.07663333333335,32.551633333333335,267.808586786243,1.2121212121212122,False
freight_dhl_30926_1_veh_cep_size_l_9_5,32240,58716,26476,21237,5239,1970-01-01 08:57:20,1970-01-01 16:18:36,1970-01-01 07:21:16,1970-01-01 05:53:57,1970-01-01 01:27:19,van,53,40.16370934064646,6.060137335443378,"defaultdict(<class 'int'>, {4: 53})",dhl,l,4,170.0,0.0,0.10588235294117647,0.8941176470588236,1.0,0.7391304347826086,1.0,189.15,15.503191805489536,168.19614444444446,0.0,204.65319180548954,3.207547169811321,False
freight_amazon_31311_veh_cep_size_m_9_3,32234,70481,38247,12957,25290,1970-01-01 08:57:14,1970-01-01 19:34:41,1970-01-01 10:37:27,1970-01-01 03:35:57,1970-01-01 07:01:30,van,78,222.64692698686486,44.69926430690811,"defaultdict(<class 'int'>, {8: 11, 7: 67})",amazon,m,7,105.0,0.0,0.01904761904761905,0.9809523809523809,1.0,0.6363636363636364,1.0,171.78,82.82465683911373,242.9746916666667,71.44969166666667,326.05434850578035,1.3461538461538463,False
freight_dhl_31275_2_veh_cep_size_m_9_6,32251,59834,27583,20386,7197,1970-01-01 08:57:31,1970-01-01 16:37:14,1970-01-01 07:39:43,1970-01-01 05:39:46,1970-01-01 01:59:57,van,62,55.608550713689574,1.2793104672000861,"defaultdict(<class 'int'>, {6: 62})",dhl,m,6,163.0,0.0,0.1165644171779141,0.8834355828220859,1.0,0.9878787878787879,1.0,171.78,20.68638086549252,175.22866944444445,3.703669444444445,196.17005030993695,2.629032258064516,False
freight_amazon_31311_veh_cep_size_m_9_2,32234,64446,32212,13394,18818,1970-01-01 08:57:14,1970-01-01 17:54:06,1970-01-01 08:56:52,1970-01-01 03:43:14,1970-01-01 05:13:38,van,44,156.20730712515882,41.63605035836729,"defaultdict(<class 'int'>, {7: 29, 8: 4, 6: 11})",amazon,m,7,106.0,0.0,0.0,1.0,1.0,0.6424242424242425,1.0,171.78,58.10911825055908,204.6356777777778,33.11067777777778,262.99979602833685,2.409090909090909,False
freight_amazon_30855_1_veh_cep_size_l_9_8,32236,56928,24692,16625,8067,1970-01-01 08:57:16,1970-01-01 15:48:48,1970-01-01 06:51:32,1970-01-01 04:37:05,1970-01-01 02:14:27,van,30,65.99350967584157,16.090135263189243,"defaultdict(<class 'int'>, {6: 23, 4: 7})",amazon,l,6,131.0,0.0,0.022900763358778626,0.9770992366412213,1.0,0.5695652173913044,1.0,189.15,25.473494734874844,156.8627888888889,0.0,214.62349473487484,4.366666666666666,False
freight_hermes_31832_veh_cep_size_m_9_6,32262,44843,12581,2783,9798,1970-01-01 08:57:42,1970-01-01 12:27:23,1970-01-01 03:29:41,1970-01-01 00:46:23,1970-01-01 02:43:18,van,23,78.20452781305427,28.534492446896518,"defaultdict(<class 'int'>, {7: 23})",hermes,m,7,23.0,0.0,0.0,1.0,1.0,0.1393939393939394,1.0,171.78,29.09208434645619,79.92429722222224,0.0,200.87208434645618,1.0,False
freight_amazon_30855_1_veh_cep_size_l_9_7,32236,57396,25160,14389,10771,1970-01-01 08:57:16,1970-01-01 15:56:36,1970-01-01 06:59:20,1970-01-01 03:59:49,1970-01-01 02:59:31,van,45,87.76317210663781,15.990514236473649,"defaultdict(<class 'int'>, {6: 28, 4: 17})",amazon,l,6,116.0,0.0,0.0,1.0,1.0,0.5043478260869565,1.0,189.15,33.87658443316219,159.83588888888892,0.0,223.0265844331622,2.577777777777778,False
freight_amazon_30855_1_veh_cep_size_l_9_5,32236,60780,28544,21651,6893,1970-01-01 08:57:16,1970-01-01 16:53:00,1970-01-01 07:55:44,1970-01-01 06:00:51,1970-01-01 01:54:53,van,38,66.67428877319645,15.362256840819565,"defaultdict(<class 'int'>, {6: 7, 4: 31})",amazon,l,4,174.0,0.0,0.034482758620689655,0.9655172413793104,1.0,0.7565217391304347,1.0,189.15,25.73627546645383,181.3336888888889,9.80868888888889,224.69496435534273,4.578947368421052,False
freight_amazon_30855_1_veh_cep_size_l_9_4,32236,61952,29716,22835,6881,1970-01-01 08:57:16,1970-01-01 17:12:32,1970-01-01 08:15:16,1970-01-01 06:20:35,1970-01-01 01:54:41,van,29,68.71720613776745,15.960680565704306,"defaultdict(<class 'int'>, {6: 2, 4: 27})",amazon,l,4,185.0,0.0,0.010810810810810811,0.9891891891891892,1.0,0.8043478260869565,1.0,189.15,26.524841569178236,188.77914444444446,17.254144444444446,232.92898601362268,6.379310344827586,False
freight_ups_30900_veh_cep_size_l_9_4,32295,39687,7392,4320,3072,1970-01-01 08:58:15,1970-01-01 11:01:27,1970-01-01 02:03:12,1970-01-01 01:12:00,1970-01-01 00:51:12,van,12,22.493526580560566,8.004887695004161,"defaultdict(<class 'int'>, {7: 10, 6: 2})",ups,l,7,35.0,0.0,0.6857142857142857,0.3142857142857143,1.0,0.15217391304347827,1.0,189.15,8.682501260096378,46.95973333333334,0.0,197.8325012600964,2.9166666666666665,False
freight_amazon_30855_1_veh_cep_size_l_9_3,32236,60662,28426,21868,6558,1970-01-01 08:57:16,1970-01-01 16:51:02,1970-01-01 07:53:46,1970-01-01 06:04:28,1970-01-01 01:49:18,van,31,63.45886876895148,15.998201790948654,"defaultdict(<class 'int'>, {6: 1, 4: 30})",amazon,l,4,175.0,0.0,0.022857142857142857,0.9771428571428571,1.0,0.7608695652173914,1.0,189.15,24.495123344815273,180.58406111111114,9.059061111111111,222.7041844559264,5.645161290322581,False
freight_amazon_30855_1_veh_cep_size_l_9_2,32236,62331,30095,17531,12564,1970-01-01 08:57:16,1970-01-01 17:18:51,1970-01-01 08:21:35,1970-01-01 04:52:11,1970-01-01 03:29:24,van,26,114.06062784002052,17.025980448354726,"defaultdict(<class 'int'>, {4: 24, 6: 2})",amazon,l,4,138.0,0.0,0.0,1.0,1.0,0.6,1.0,189.15,44.02740234624792,191.18684722222224,19.661847222222224,252.83924956847017,5.3076923076923075,False
freight_amazon_30855_1_veh_cep_size_l_9_1,32236,62601,30365,14271,16094,1970-01-01 08:57:16,1970-01-01 17:23:21,1970-01-01 08:26:05,1970-01-01 03:57:51,1970-01-01 04:28:14,van,38,127.61644903808298,15.766389773153518,"defaultdict(<class 'int'>, {6: 1, 4: 37})",amazon,l,4,113.0,0.0,0.008849557522123894,0.9911504424778761,1.0,0.49130434782608695,1.0,189.15,49.25994932870003,192.90209722222224,21.377097222222226,259.78704655092224,2.973684210526316,False
freight_gls_30539_veh_cep_size_m_8_1,32327,61525,29198,16863,12335,1970-01-01 08:58:47,1970-01-01 17:05:25,1970-01-01 08:06:38,1970-01-01 04:41:03,1970-01-01 03:25:35,van,98,86.87551069169477,7.97612739272021,"defaultdict(<class 'int'>, {4: 98})",gls,m,4,136.0,0.0,0.07352941176470588,0.9264705882352942,1.0,0.8242424242424242,1.0,171.78,32.31768997731046,185.48840555555557,13.963405555555557,218.06109553286603,1.3877551020408163,True
freight_amazon_30161_veh_cep_size_l_9_4,32236,61479,29243,20925,8318,1970-01-01 08:57:16,1970-01-01 17:04:39,1970-01-01 08:07:23,1970-01-01 05:48:45,1970-01-01 02:18:38,van,59,60.35024005851199,15.094167278377837,"defaultdict(<class 'int'>, {2: 44, 1: 6, 3: 9})",amazon,l,2,170.0,0.0,0.041176470588235294,0.9588235294117647,1.0,0.7391304347826086,1.0,189.15,23.29519266258563,185.77428055555558,14.249280555555558,226.69447321814118,2.8813559322033897,True
freight_dhl_30982_1_veh_cep_size_l_8_3,32341,66249,33908,21468,12440,1970-01-01 08:59:01,1970-01-01 18:24:09,1970-01-01 09:25:08,1970-01-01 05:57:48,1970-01-01 03:27:20,van,72,60.2982734130075,3.973614187775164,"defaultdict(<class 'int'>, {6: 72})",dhl,l,6,172.0,0.0,0.06976744186046512,0.9302325581395349,1.0,0.7478260869565218,1.0,189.15,23.275133537420896,215.4099888888889,43.88498888888889,256.31012242630976,2.388888888888889,False
freight_amazon_30161_veh_cep_size_l_9_3,32236,62097,29861,22466,7395,1970-01-01 08:57:16,1970-01-01 17:14:57,1970-01-01 08:17:41,1970-01-01 06:14:26,1970-01-01 02:03:15,van,34,53.34371293042618,15.170048542041,"defaultdict(<class 'int'>, {2: 33, 3: 1})",amazon,l,2,183.0,0.0,0.01639344262295082,0.9836065573770492,1.0,0.7956521739130434,1.0,189.15,20.590673191144507,189.70029722222225,18.175297222222223,227.91597041336672,5.382352941176471,True
freight_amazon_30161_veh_cep_size_l_9_1,32236,60642,28406,21395,7011,1970-01-01 08:57:16,1970-01-01 16:50:42,1970-01-01 07:53:26,1970-01-01 05:56:35,1970-01-01 01:56:51,van,43,55.35403072995806,15.723828554057452,"defaultdict(<class 'int'>, {2: 40, 4: 1, 1: 2})",amazon,l,2,174.0,0.0,0.028735632183908046,0.9712643678160919,1.0,0.7565217391304347,1.0,189.15,21.366655861763814,180.45700555555558,8.932005555555556,219.44866141731936,4.046511627906977,True
freight_dpd_30938_veh_cep_size_m_7_5,32355,50816,18461,8043,10418,1970-01-01 08:59:15,1970-01-01 14:06:56,1970-01-01 05:07:41,1970-01-01 02:14:03,1970-01-01 02:53:38,van,59,108.60289446496994,19.071198647741927,"defaultdict(<class 'int'>, {7: 18, 6: 17, 8: 24})",dpd,m,8,66.0,0.0,0.10606060606060606,0.8939393939393939,1.0,0.4,1.0,171.78,40.40027674096881,117.27863055555557,0.0,212.18027674096882,1.11864406779661,False
freight_amazon_30880_1_veh_cep_size_m_9_5,32239,66114,33875,13704,20171,1970-01-01 08:57:19,1970-01-01 18:21:54,1970-01-01 09:24:35,1970-01-01 03:48:24,1970-01-01 05:36:11,van,69,117.61296860674561,26.071123661016184,"defaultdict(<class 'int'>, {6: 68, 4: 1})",amazon,m,6,111.0,0.0,0.0,1.0,1.0,0.6727272727272727,1.0,171.78,43.752024321709364,215.20034722222223,43.67534722222223,259.2073715439316,1.608695652173913,False
freight_amazon_30880_1_veh_cep_size_m_9_3,32239,64904,32665,12036,20629,1970-01-01 08:57:19,1970-01-01 18:01:44,1970-01-01 09:04:25,1970-01-01 03:20:36,1970-01-01 05:43:49,van,66,116.80475013087602,25.69901662283943,"defaultdict(<class 'int'>, {6: 4, 4: 56, 8: 6})",amazon,m,4,98.0,0.0,0.0,1.0,1.0,0.593939393939394,1.0,171.78,43.451367048685874,207.51348611111112,35.988486111111115,251.219853159797,1.4848484848484849,False
freight_gls_30938_veh_cep_size_l_9_5,32376,48787,16411,4631,11780,1970-01-01 08:59:36,1970-01-01 13:33:07,1970-01-01 04:33:31,1970-01-01 01:17:11,1970-01-01 03:16:20,van,34,146.37370355544064,29.513208079588917,"defaultdict(<class 'int'>, {6: 20, 7: 14})",gls,l,6,38.0,0.0,0.13157894736842105,0.868421052631579,1.0,0.16521739130434782,1.0,189.15,56.50024957240009,104.25543611111112,0.0,245.6502495724001,1.1176470588235294,False
freight_amazon_30880_1_veh_cep_size_m_9_2,32239,65780,33541,16001,17540,1970-01-01 08:57:19,1970-01-01 18:16:20,1970-01-01 09:19:01,1970-01-01 04:26:41,1970-01-01 04:52:20,van,52,106.74846452374446,26.895322603442494,"defaultdict(<class 'int'>, {6: 1, 4: 25, 8: 26})",amazon,m,8,127.0,0.0,0.0,1.0,1.0,0.7696969696969697,1.0,171.78,39.710428802832936,213.07851944444445,41.55351944444445,253.04394824727737,2.4423076923076925,False
freight_gls_30159_veh_cep_size_l_9_2,32386,63013,30627,16579,14048,1970-01-01 08:59:46,1970-01-01 17:30:13,1970-01-01 08:30:27,1970-01-01 04:36:19,1970-01-01 03:54:08,van,64,83.24943345653286,13.211673962009845,"defaultdict(<class 'int'>, {1: 54, 2: 8, 3: 1, 5: 1})",gls,l,1,133.0,0.0,0.21804511278195488,0.7819548872180451,1.0,0.5782608695652174,1.0,189.15,32.13428131422168,194.566525,23.041525000000004,244.3258063142217,2.078125,True
freight_amazon_30880_1_veh_cep_size_m_9_1,32239,64328,32089,13201,18888,1970-01-01 08:57:19,1970-01-01 17:52:08,1970-01-01 08:54:49,1970-01-01 03:40:01,1970-01-01 05:14:48,van,76,141.33203533621423,29.240801884167972,"defaultdict(<class 'int'>, {8: 76})",amazon,m,8,107.0,0.0,0.0,1.0,1.0,0.6484848484848484,1.0,171.78,52.57551714507169,203.85428611111112,32.32928611111112,256.6848032561828,1.4078947368421053,False
freight_gls_30179_veh_cep_size_m_8_1,32389,54457,22068,9588,12480,1970-01-01 08:59:49,1970-01-01 15:07:37,1970-01-01 06:07:48,1970-01-01 02:39:48,1970-01-01 03:28:00,van,55,87.74491627665076,17.69438644170518,"defaultdict(<class 'int'>, {5: 17, 4: 38})",gls,m,4,77.0,0.0,0.09090909090909091,0.9090909090909091,1.0,0.4666666666666667,1.0,171.78,32.64110885491408,140.19310000000002,0.0,204.42110885491408,1.4,True
freight_amazon_30982_veh_cep_size_m_9_4,32244,66004,33760,15533,18227,1970-01-01 08:57:24,1970-01-01 18:20:04,1970-01-01 09:22:40,1970-01-01 04:18:53,1970-01-01 05:03:47,van,73,116.99194213746979,26.08058769543197,"defaultdict(<class 'int'>, {6: 71, 8: 2})",amazon,m,6,124.0,0.0,0.0,1.0,1.0,0.7515151515151515,1.0,171.78,43.521002475138765,214.4697777777778,42.94477777777778,258.2457802529166,1.6986301369863013,False
freight_amazon_30982_veh_cep_size_m_9_2,32244,62852,30608,15334,15274,1970-01-01 08:57:24,1970-01-01 17:27:32,1970-01-01 08:30:08,1970-01-01 04:15:34,1970-01-01 04:14:34,van,76,129.4092513557886,26.15043195009779,"defaultdict(<class 'int'>, {6: 3, 8: 73})",amazon,m,8,123.0,0.0,0.0,1.0,1.0,0.7454545454545455,1.0,171.78,48.140241504353355,194.44582222222223,22.920822222222224,242.84106372657558,1.618421052631579,False
freight_amazon_30982_veh_cep_size_m_9_1,32244,62011,29767,14952,14815,1970-01-01 08:57:24,1970-01-01 17:13:31,1970-01-01 08:16:07,1970-01-01 04:09:12,1970-01-01 04:06:55,van,77,129.3902081291792,32.26036024471502,"defaultdict(<class 'int'>, {8: 23, 7: 54})",amazon,m,7,121.0,0.0,0.0,1.0,1.0,0.7333333333333333,1.0,171.78,48.13315742405466,189.10313611111113,17.578136111111114,237.49129353516577,1.5714285714285714,False
freight_dhl_30165_veh_cep_size_l_9_7,32427,59962,27535,23173,4362,1970-01-01 09:00:27,1970-01-01 16:39:22,1970-01-01 07:38:55,1970-01-01 06:26:13,1970-01-01 01:12:42,van,41,28.009324033118226,1.4633236876995326,"defaultdict(<class 'int'>, {3: 37, 5: 4})",dhl,l,3,206.0,0.0,0.13592233009708737,0.8640776699029126,1.0,0.8956521739130435,1.0,189.15,10.811599076783635,174.92373611111114,3.3987361111111114,203.36033518789475,5.024390243902439,True
freight_amazon_31832_1_veh_cep_size_m_9_1,32260,64058,31798,12004,19794,1970-01-01 08:57:40,1970-01-01 17:47:38,1970-01-01 08:49:58,1970-01-01 03:20:04,1970-01-01 05:29:54,van,77,156.3950544346399,38.09911403986747,"defaultdict(<class 'int'>, {7: 72, 8: 5})",amazon,m,7,97.0,0.0,0.0,1.0,1.0,0.5878787878787879,1.0,171.78,58.178960249686035,202.0056277777778,30.48062777777778,260.4395880274638,1.2597402597402598,False
freight_dhl_30559_1_veh_cep_size_m_9_6,32434,58262,25828,20462,5366,1970-01-01 09:00:34,1970-01-01 16:11:02,1970-01-01 07:10:28,1970-01-01 05:41:02,1970-01-01 01:29:26,van,42,36.54920815968303,4.567986319523853,"defaultdict(<class 'int'>, {6: 29, 5: 13})",dhl,m,6,163.0,0.0,0.09815950920245399,0.901840490797546,1.0,0.9878787878787879,1.0,171.78,13.596305435402089,164.07954444444445,0.0,185.3763054354021,3.880952380952381,True
freight_amazon_30163_veh_cep_size_l_9_2,32263,70205,37942,28030,9912,1970-01-01 08:57:43,1970-01-01 19:30:05,1970-01-01 10:32:22,1970-01-01 07:47:10,1970-01-01 02:45:12,van,65,70.56315828193377,14.260811712724083,"defaultdict(<class 'int'>, {3: 8, 2: 56, 5: 1})",amazon,l,2,229.0,0.0,0.013100436681222707,0.9868995633187773,1.0,0.9956521739130435,1.0,189.15,27.237379096826434,241.03709444444448,69.51209444444446,285.8994735412709,3.523076923076923,True
freight_dpd_30880_veh_cep_size_m_9_5,32460,59028,26568,11010,15558,1970-01-01 09:01:00,1970-01-01 16:23:48,1970-01-01 07:22:48,1970-01-01 03:03:30,1970-01-01 04:19:18,van,90,107.6076954979809,17.4412657945664,"defaultdict(<class 'int'>, {6: 78, 3: 12})",dpd,m,6,91.0,0.0,0.16483516483516483,0.8351648351648352,1.0,0.5515151515151515,1.0,171.78,40.0300627252489,168.78060000000002,0.0,211.81006272524888,1.011111111111111,False
freight_amazon_30163_veh_cep_size_l_9_1,32263,66637,34374,24583,9791,1970-01-01 08:57:43,1970-01-01 18:30:37,1970-01-01 09:32:54,1970-01-01 06:49:43,1970-01-01 02:43:11,van,53,67.53840181097279,14.78982919252135,"defaultdict(<class 'int'>, {3: 22, 2: 31})",amazon,l,2,199.0,0.0,0.03015075376884422,0.9698492462311558,1.0,0.8652173913043478,1.0,189.15,26.069823099035496,218.37038333333336,46.84538333333334,262.0652064323688,3.7547169811320753,True
freight_amazon_30938_1_veh_cep_size_m_9_3,32267,63337,31070,13148,17922,1970-01-01 08:57:47,1970-01-01 17:35:37,1970-01-01 08:37:50,1970-01-01 03:39:08,1970-01-01 04:58:42,van,59,155.61069290647887,28.19322015485356,"defaultdict(<class 'int'>, {7: 54, 8: 1, 6: 4})",amazon,m,7,105.0,0.0,0.0,1.0,1.0,0.6363636363636364,1.0,171.78,57.88717776121014,197.38080555555558,25.85580555555556,255.5229833167657,1.7796610169491525,False
freight_amazon_30938_1_veh_cep_size_m_9_2,32267,62181,29914,13718,16196,1970-01-01 08:57:47,1970-01-01 17:16:21,1970-01-01 08:18:34,1970-01-01 03:48:38,1970-01-01 04:29:56,van,54,125.51879597827923,28.0936242480909,"defaultdict(<class 'int'>, {7: 54})",amazon,m,7,109.0,0.0,0.0,1.0,1.0,0.6606060606060606,1.0,171.78,46.69299210391987,190.03699444444447,18.511994444444447,236.9849865483643,2.0185185185185186,False
freight_ups_30989_veh_cep_size_m_8_2,32490,64312,31822,14365,17457,1970-01-01 09:01:30,1970-01-01 17:51:52,1970-01-01 08:50:22,1970-01-01 03:59:25,1970-01-01 04:50:57,van,66,116.07883366083745,23.457188578663928,"defaultdict(<class 'int'>, {4: 59, 8: 7})",ups,m,4,115.0,0.0,0.7652173913043478,0.23478260869565218,1.0,0.696969696969697,1.0,171.78,43.18132612183153,202.15809444444446,30.63309444444445,245.59442056627597,1.7424242424242424,False
freight_amazon_30916_1_veh_cep_size_l_9_4,32309,66360,34051,19149,14902,1970-01-01 08:58:29,1970-01-01 18:26:00,1970-01-01 09:27:31,1970-01-01 05:19:09,1970-01-01 04:08:22,van,63,109.17676307269379,22.777310169222275,"defaultdict(<class 'int'>, {6: 63})",amazon,l,6,153.0,0.0,0.013071895424836602,0.9869281045751634,1.0,0.6652173913043479,1.0,189.15,42.14223054605981,216.31843611111114,44.79343611111111,276.0856666571709,2.4285714285714284,False
freight_dpd_30916_veh_cep_size_l_9_3,32497,58145,25648,9003,16645,1970-01-01 09:01:37,1970-01-01 16:09:05,1970-01-01 07:07:28,1970-01-01 02:30:03,1970-01-01 04:37:25,van,57,132.32920989321866,15.061196515365523,"defaultdict(<class 'int'>, {8: 20, 6: 37})",dpd,l,6,72.0,0.0,0.1527777777777778,0.8472222222222222,1.0,0.3130434782608696,1.0,189.15,51.079075018782405,162.93604444444446,0.0,240.2290750187824,1.263157894736842,False
freight_gls_30163_veh_cep_size_m_8_2,32497,59746,27249,17220,10029,1970-01-01 09:01:37,1970-01-01 16:35:46,1970-01-01 07:34:09,1970-01-01 04:47:00,1970-01-01 02:47:09,van,73,63.91953781595477,15.661860928304224,"defaultdict(<class 'int'>, {3: 7, 2: 66})",gls,m,2,140.0,0.0,0.17857142857142858,0.8214285714285714,1.0,0.8484848484848485,1.0,171.78,23.778068067535173,173.1068416666667,1.5818416666666668,197.13990973420184,1.917808219178082,True
freight_hermes_30823_veh_cep_size_m_9_4,32498,39952,7454,3093,4361,1970-01-01 09:01:38,1970-01-01 11:05:52,1970-01-01 02:04:14,1970-01-01 00:51:33,1970-01-01 01:12:41,van,18,37.584996352712736,9.879388635268327,"defaultdict(<class 'int'>, {6: 9, 4: 8, 8: 1})",hermes,m,6,25.0,0.0,0.08,0.92,1.0,0.15151515151515152,1.0,171.78,13.981618643209137,47.35360555555556,0.0,185.76161864320915,1.3888888888888888,False
freight_dhl_30159_veh_cep_size_l_9_2,32503,57501,24998,22602,2396,1970-01-01 09:01:43,1970-01-01 15:58:21,1970-01-01 06:56:38,1970-01-01 06:16:42,1970-01-01 00:39:56,van,10,12.52549460046119,3.3212219573446076,"defaultdict(<class 'int'>, {1: 10})",dhl,l,1,195.0,0.0,0.4358974358974359,0.5641025641025641,1.0,0.8478260869565217,1.0,189.15,4.834840915778019,158.8067388888889,0.0,193.98484091577802,19.5,True
freight_amazon_30916_1_veh_cep_size_l_9_1,32309,62739,30430,12797,17633,1970-01-01 08:58:29,1970-01-01 17:25:39,1970-01-01 08:27:10,1970-01-01 03:33:17,1970-01-01 04:53:53,van,59,132.54908816824098,27.59199020653883,"defaultdict(<class 'int'>, {8: 1, 6: 58})",amazon,l,6,103.0,0.0,0.0,1.0,1.0,0.44782608695652176,1.0,189.15,51.16394803294102,193.3150277777778,21.79002777777778,262.1039758107188,1.7457627118644068,False
freight_hermes_30173_veh_cep_size_l_9_3,32502,39613,7111,2828,4283,1970-01-01 09:01:42,1970-01-01 11:00:13,1970-01-01 01:58:31,1970-01-01 00:47:08,1970-01-01 01:11:23,van,10,35.12038738881285,14.124636176874581,"defaultdict(<class 'int'>, {2: 10})",hermes,l,2,23.0,0.0,0.08695652173913043,0.9130434782608695,1.0,0.1,1.0,189.15,13.556469532081762,45.174602777777785,0.0,202.70646953208177,2.3,True
freight_amazon_30449_veh_cep_size_l_9_3,32331,65590,33259,22477,10782,1970-01-01 08:58:51,1970-01-01 18:13:10,1970-01-01 09:14:19,1970-01-01 06:14:37,1970-01-01 02:59:42,van,67,70.44120268327744,13.564959955842468,"defaultdict(<class 'int'>, {3: 67})",amazon,l,3,182.0,0.0,0.027472527472527472,0.9725274725274725,1.0,0.7913043478260869,1.0,189.15,27.190304235745092,211.28703611111112,39.762036111111115,256.1023403468562,2.716417910447761,True
freight_amazon_30539_veh_cep_size_l_9_2,32337,63882,31545,19910,11635,1970-01-01 08:58:57,1970-01-01 17:44:42,1970-01-01 08:45:45,1970-01-01 05:31:50,1970-01-01 03:13:55,van,37,83.39616354818422,22.175733150339052,"defaultdict(<class 'int'>, {4: 36, 5: 1})",amazon,l,4,169.0,0.0,0.0,1.0,1.0,0.7347826086956522,1.0,189.15,32.19091912959911,200.39837500000002,28.873375000000003,250.21429412959912,4.5675675675675675,True
freight_amazon_30625_veh_cep_size_m_9_3,32348,64844,32496,19788,12708,1970-01-01 08:59:08,1970-01-01 18:00:44,1970-01-01 09:01:36,1970-01-01 05:29:48,1970-01-01 03:31:48,van,56,84.27990035390238,19.780220466032308,"defaultdict(<class 'int'>, {4: 5, 3: 51})",amazon,m,3,159.0,0.0,0.012578616352201259,0.9874213836477987,1.0,0.9636363636363636,1.0,171.78,31.352122931651685,206.4398666666667,34.91486666666667,238.04698959831836,2.8392857142857144,True
freight_ups_30559_veh_cep_size_l_9_4,32541,60509,27968,10391,17577,1970-01-01 09:02:21,1970-01-01 16:48:29,1970-01-01 07:46:08,1970-01-01 02:53:11,1970-01-01 04:52:57,van,46,105.26065767617796,16.632925407125228,"defaultdict(<class 'int'>, {4: 13, 6: 33})",ups,l,6,84.0,0.0,0.9047619047619048,0.09523809523809523,1.0,0.3652173913043478,1.0,189.15,40.63061386300469,177.6744888888889,6.1494888888888894,235.9301027518936,1.826086956521739,True
freight_dpd_31832_veh_cep_size_l_9_5,32542,61149,28607,9316,19291,1970-01-01 09:02:22,1970-01-01 16:59:09,1970-01-01 07:56:47,1970-01-01 02:35:16,1970-01-01 05:21:31,van,66,192.71974787706827,30.576627583926836,"defaultdict(<class 'int'>, {7: 41, 8: 25})",dpd,l,7,76.0,0.0,0.13157894736842105,0.868421052631579,1.0,0.33043478260869563,1.0,189.15,74.38982268054835,181.7339138888889,10.20891388888889,273.74873656943726,1.1515151515151516,False
freight_amazon_30625_veh_cep_size_m_9_2,32348,64029,31681,20692,10989,1970-01-01 08:59:08,1970-01-01 17:47:09,1970-01-01 08:48:01,1970-01-01 05:44:52,1970-01-01 03:03:09,van,44,72.17576393117788,19.670833543042573,"defaultdict(<class 'int'>, {4: 26, 3: 18})",amazon,m,4,164.0,0.0,0.006097560975609756,0.9939024390243902,1.0,0.9939393939393939,1.0,171.78,26.849384182398172,201.2623527777778,29.73735277777778,228.36673696017596,3.727272727272727,True
freight_amazon_30173_veh_cep_size_l_9_3,32350,61337,28987,21108,7879,1970-01-01 08:59:10,1970-01-01 17:02:17,1970-01-01 08:03:07,1970-01-01 05:51:48,1970-01-01 02:11:19,van,49,57.70229041078868,17.42130854245544,"defaultdict(<class 'int'>, {2: 44, 5: 5})",amazon,l,2,172.0,0.0,0.01744186046511628,0.9825581395348837,1.0,0.7478260869565218,1.0,189.15,22.27308409856443,184.14796944444447,12.622969444444445,224.04605354300887,3.510204081632653,True
freight_amazon_30173_veh_cep_size_l_9_2,32350,61822,29472,22774,6698,1970-01-01 08:59:10,1970-01-01 17:10:22,1970-01-01 08:11:12,1970-01-01 06:19:34,1970-01-01 01:51:38,van,28,51.83528828020109,17.95833986835301,"defaultdict(<class 'int'>, {5: 5, 2: 23})",amazon,l,2,183.0,0.0,0.01639344262295082,0.9836065573770492,1.0,0.7956521739130434,1.0,189.15,20.008421276157623,187.22906666666668,15.704066666666668,224.86248794282432,6.535714285714286,True
freight_gls_30161_veh_cep_size_m_7_1,32566,63919,31353,18998,12355,1970-01-01 09:02:46,1970-01-01 17:45:19,1970-01-01 08:42:33,1970-01-01 05:16:38,1970-01-01 03:25:55,van,94,79.39359774010708,13.479807045160449,"defaultdict(<class 'int'>, {2: 66, 3: 15, 1: 13})",gls,m,2,154.0,0.0,0.17532467532467533,0.8246753246753247,1.0,0.9333333333333333,1.0,171.78,29.534418359319833,199.1786416666667,27.65364166666667,228.9680600259865,1.6382978723404256,True
freight_dhl_31303_1_veh_cep_size_m_9_6,32267,37619,5352,3573,1779,1970-01-01 08:57:47,1970-01-01 10:26:59,1970-01-01 01:29:12,1970-01-01 00:59:33,1970-01-01 00:29:39,van,13,15.514253480370297,0.0,"defaultdict(<class 'int'>, {6: 2, 4: 10, 8: 1})",dhl,m,4,28.0,0.0,0.07142857142857142,0.9285714285714286,1.0,0.1696969696969697,1.0,171.78,5.77130229469775,34.00006666666667,0.0,177.55130229469776,2.1538461538461537,True
freight_amazon_30655_veh_cep_size_l_9_2,32379,63346,30967,21819,9148,1970-01-01 08:59:39,1970-01-01 17:35:46,1970-01-01 08:36:07,1970-01-01 06:03:39,1970-01-01 02:32:28,van,23,63.49070378377147,18.23496314355615,"defaultdict(<class 'int'>, {4: 22, 2: 1})",amazon,l,4,176.0,0.0,0.005681818181818182,0.9943181818181818,1.0,0.7652173913043478,1.0,189.15,24.507411660535787,196.72646944444446,25.201469444444445,238.85888110498024,7.6521739130434785,True
freight_amazon_30655_veh_cep_size_l_9_1,32379,63728,31349,16915,14434,1970-01-01 08:59:39,1970-01-01 17:42:08,1970-01-01 08:42:29,1970-01-01 04:41:55,1970-01-01 04:00:34,van,59,91.12081796808728,19.061011199693002,"defaultdict(<class 'int'>, {4: 59})",amazon,l,4,137.0,0.0,0.0072992700729927005,0.9927007299270073,1.0,0.5956521739130435,1.0,189.15,35.17263573568169,199.15323055555558,27.628230555555557,251.95086629123725,2.3220338983050848,True
freight_amazon_31319_1_veh_cep_size_l_9_3,32382,65475,33093,16284,16809,1970-01-01 08:59:42,1970-01-01 18:11:15,1970-01-01 09:11:33,1970-01-01 04:31:24,1970-01-01 04:40:09,van,73,135.9621796299425,27.15199626885727,"defaultdict(<class 'int'>, {5: 12, 6: 7, 8: 48, 7: 6})",amazon,l,8,130.0,0.0,0.0,1.0,1.0,0.5652173913043478,1.0,189.15,52.48140133715781,210.23247500000002,38.707475,280.33887633715784,1.7808219178082192,False
freight_dhl_30559_1_veh_cep_size_l_9_4,32594,61618,29024,22715,6309,1970-01-01 09:03:14,1970-01-01 17:06:58,1970-01-01 08:03:44,1970-01-01 06:18:35,1970-01-01 01:45:09,van,48,40.71384343131929,4.628021752734556,"defaultdict(<class 'int'>, {5: 7, 6: 41})",dhl,l,6,184.0,0.0,0.16847826086956522,0.8315217391304348,1.0,0.8,1.0,189.15,15.715543564489247,184.38302222222225,12.858022222222223,217.72356578671148,3.8333333333333335,True
freight_dhl_30559_1_veh_cep_size_l_9_3,32594,62914,30320,23441,6879,1970-01-01 09:03:14,1970-01-01 17:28:34,1970-01-01 08:25:20,1970-01-01 06:30:41,1970-01-01 01:54:39,van,43,34.54756078758478,4.631293339505777,"defaultdict(<class 'int'>, {5: 1, 6: 42})",dhl,l,6,192.0,0.0,0.16145833333333334,0.8385416666666666,1.0,0.8347826086956521,1.0,189.15,13.335358464007724,192.61622222222223,21.091222222222225,223.57658068622996,4.465116279069767,True
freight_dhl_30559_1_veh_cep_size_l_9_1,32594,65184,32590,22029,10561,1970-01-01 09:03:14,1970-01-01 18:06:24,1970-01-01 09:03:10,1970-01-01 06:07:09,1970-01-01 02:56:01,van,45,57.07439703125109,4.803862690222918,"defaultdict(<class 'int'>, {5: 1, 4: 35, 6: 9})",dhl,l,4,176.0,0.0,0.028409090909090908,0.9715909090909091,1.0,0.7652173913043478,1.0,189.15,22.03071725406292,207.0370277777778,35.51202777777778,246.6927450318407,3.911111111111111,True
freight_dhl_30855_1_veh_cep_size_l_9_8,32598,60107,27509,22998,4511,1970-01-01 09:03:18,1970-01-01 16:41:47,1970-01-01 07:38:29,1970-01-01 06:23:18,1970-01-01 01:15:11,van,14,31.093944537225294,7.3711626512689605,"defaultdict(<class 'int'>, {6: 14})",dhl,l,6,191.0,0.0,0.2879581151832461,0.7120418848167539,1.0,0.8304347826086956,1.0,189.15,12.002262591368964,174.75856388888892,3.2335638888888893,204.38582648025786,13.642857142857142,False
freight_amazon_31319_1_veh_cep_size_l_9_2,32382,74306,41924,20881,21043,1970-01-01 08:59:42,1970-01-01 20:38:26,1970-01-01 11:38:44,1970-01-01 05:48:01,1970-01-01 05:50:43,van,105,176.3263186554705,27.509109633992264,"defaultdict(<class 'int'>, {5: 3, 6: 101, 8: 1})",amazon,l,6,169.0,0.0,0.0,1.0,1.0,0.7347826086956522,1.0,189.15,68.06195900101162,266.3338555555556,94.80885555555557,352.0208145565672,1.6095238095238096,False
freight_amazon_30159_veh_cep_size_l_9_2,32387,62813,30426,23384,7042,1970-01-01 08:59:47,1970-01-01 17:26:53,1970-01-01 08:27:06,1970-01-01 06:29:44,1970-01-01 01:57:22,van,24,45.926860023049905,14.6062017001131,"defaultdict(<class 'int'>, {1: 24})",amazon,l,1,185.0,0.0,0.02702702702702703,0.972972972972973,1.0,0.8043478260869565,1.0,189.15,17.727767968897265,193.2896166666667,21.76461666666667,228.64238463556393,7.708333333333333,True
freight_gls_30659_veh_cep_size_m_7_2,32616,63580,30964,15352,15612,1970-01-01 09:03:36,1970-01-01 17:39:40,1970-01-01 08:36:04,1970-01-01 04:15:52,1970-01-01 04:20:12,van,72,120.13646646698106,19.787193429417798,"defaultdict(<class 'int'>, {4: 70, 5: 1, 2: 1})",gls,m,4,123.0,0.0,0.08943089430894309,0.9105691056910569,1.0,0.7454545454545455,1.0,171.78,44.690765525716955,196.70741111111113,25.182411111111115,241.65317663682808,1.7083333333333333,True
freight_amazon_30989_veh_cep_size_m_9_4,32406,64894,32488,16934,15554,1970-01-01 09:00:06,1970-01-01 18:01:34,1970-01-01 09:01:28,1970-01-01 04:42:14,1970-01-01 04:19:14,van,104,112.37465019895939,11.560466831505893,"defaultdict(<class 'int'>, {8: 43, 4: 61})",amazon,m,4,138.0,0.0,0.0,1.0,1.0,0.8363636363636363,1.0,171.78,41.803369874012894,206.38904444444447,34.864044444444446,248.44741431845733,1.3269230769230769,False
freight_hermes_30457_veh_cep_size_m_8_3,32626,55615,22989,10831,12158,1970-01-01 09:03:46,1970-01-01 15:26:55,1970-01-01 06:23:09,1970-01-01 03:00:31,1970-01-01 03:22:38,van,51,84.28902797690957,18.768071361523692,"defaultdict(<class 'int'>, {4: 29, 3: 22})",hermes,m,4,88.0,0.0,0.045454545454545456,0.9545454545454546,1.0,0.5333333333333333,1.0,171.78,31.355518407410358,146.04400833333335,0.0,203.13551840741036,1.7254901960784315,True
freight_ups_30855_0_veh_cep_size_l_8_3,32632,70649,38017,28179,9838,1970-01-01 09:03:52,1970-01-01 19:37:29,1970-01-01 10:33:37,1970-01-01 07:49:39,1970-01-01 02:43:58,van,51,70.138554929324,8.430174057257608,"defaultdict(<class 'int'>, {5: 10, 6: 32, 4: 9})",ups,l,6,230.0,0.0,0.7652173913043478,0.23478260869565218,1.0,1.0,1.0,189.15,27.073482202719067,241.5135527777778,69.98855277777778,286.21203498049687,4.509803921568627,False
freight_amazon_30989_veh_cep_size_m_9_3,32406,60762,28356,14510,13846,1970-01-01 09:00:06,1970-01-01 16:52:42,1970-01-01 07:52:36,1970-01-01 04:01:50,1970-01-01 03:50:46,van,69,96.38602497139804,15.830570638135594,"defaultdict(<class 'int'>, {4: 33, 8: 36})",amazon,m,8,116.0,0.0,0.0,1.0,1.0,0.703030303030303,1.0,171.78,35.855601289360074,180.1393666666667,8.614366666666667,216.24996795602672,1.681159420289855,False
freight_dhl_30659_veh_cep_size_m_9_8,32633,37106,4473,1831,2642,1970-01-01 09:03:53,1970-01-01 10:18:26,1970-01-01 01:14:33,1970-01-01 00:30:31,1970-01-01 00:44:02,van,7,16.764162161046176,6.135811679377022,"defaultdict(<class 'int'>, {4: 7})",dhl,m,4,15.0,0.0,0.13333333333333333,0.8666666666666667,1.0,0.09090909090909091,1.0,171.78,6.236268323909178,28.415975000000003,0.0,178.01626832390917,2.142857142857143,True
freight_hermes_30169_veh_cep_size_m_7_1,32630,61961,29331,19020,10311,1970-01-01 09:03:50,1970-01-01 17:12:41,1970-01-01 08:08:51,1970-01-01 05:17:00,1970-01-01 02:51:51,van,85,72.61520613169984,12.074997354958734,"defaultdict(<class 'int'>, {1: 5, 3: 34, 2: 46})",hermes,m,2,154.0,0.0,0.032467532467532464,0.9675324675324676,1.0,0.9333333333333333,1.0,171.78,27.01285668099234,186.33332500000003,14.808325000000002,213.60118168099234,1.811764705882353,True
freight_amazon_30989_veh_cep_size_m_9_2,32406,61858,29452,19357,10095,1970-01-01 09:00:06,1970-01-01 17:10:58,1970-01-01 08:10:52,1970-01-01 05:22:37,1970-01-01 02:48:15,van,48,83.36714960416695,16.153758723412576,"defaultdict(<class 'int'>, {4: 48})",amazon,m,4,155.0,0.0,0.0,1.0,1.0,0.9393939393939394,1.0,171.78,31.012579652750105,187.10201111111112,15.577011111111112,218.36959076386123,3.2291666666666665,False
freight_amazon_30989_veh_cep_size_m_9_1,32406,62169,29763,16599,13164,1970-01-01 09:00:06,1970-01-01 17:16:09,1970-01-01 08:16:03,1970-01-01 04:36:39,1970-01-01 03:39:24,van,73,97.09883488596671,16.58501465206973,"defaultdict(<class 'int'>, {8: 32, 4: 41})",amazon,m,4,134.0,0.0,0.007462686567164179,0.9925373134328358,1.0,0.8121212121212121,1.0,171.78,36.120766577579616,189.07772500000002,17.552725000000002,225.45349157757963,1.8356164383561644,False
freight_dhl_30169_veh_cep_size_l_8_1,32657,61185,28528,24724,3804,1970-01-01 09:04:17,1970-01-01 16:59:45,1970-01-01 07:55:28,1970-01-01 06:52:04,1970-01-01 01:03:24,van,32,27.148440754870872,4.434615140155503,"defaultdict(<class 'int'>, {2: 29, 3: 3})",dhl,l,2,206.0,0.0,0.11165048543689321,0.8883495145631068,1.0,0.8956521739130435,1.0,189.15,10.479298131380157,181.23204444444445,9.707044444444445,209.3363425758246,6.4375,True
freight_amazon_30938_1_veh_cep_size_l_9_1,32415,65230,32815,15786,17029,1970-01-01 09:00:15,1970-01-01 18:07:10,1970-01-01 09:06:55,1970-01-01 04:23:06,1970-01-01 04:43:49,van,92,162.69796102144068,26.757335288085276,"defaultdict(<class 'int'>, {7: 45, 8: 47})",amazon,l,8,128.0,0.0,0.0,1.0,1.0,0.5565217391304348,1.0,189.15,62.8014129542761,208.4664027777778,36.94140277777778,288.8928157320539,1.391304347826087,False
freight_amazon_30926_0_veh_cep_size_l_9_2,32466,62219,29753,20838,8915,1970-01-01 09:01:06,1970-01-01 17:16:59,1970-01-01 08:15:53,1970-01-01 05:47:18,1970-01-01 02:28:35,van,57,64.18221397471066,8.544356855491364,"defaultdict(<class 'int'>, {7: 25, 4: 32})",amazon,l,4,166.0,0.0,0.0,1.0,1.0,0.7217391304347827,1.0,189.15,24.774334594238315,189.01419722222224,17.489197222222224,231.41353181646056,2.912280701754386,False
freight_fedex_30952_veh_cep_size_m_7_1,32672,64810,32138,9669,22469,1970-01-01 09:04:32,1970-01-01 18:00:10,1970-01-01 08:55:38,1970-01-01 02:41:09,1970-01-01 06:14:29,van,53,171.0908842034619,21.680416327928274,"defaultdict(<class 'int'>, {4: 36, 6: 6, 7: 6, 8: 5})",fedex,m,4,78.0,0.0,0.9102564102564102,0.08974358974358974,1.0,0.4727272727272727,1.0,171.78,63.64580892368783,204.16557222222224,32.640572222222225,268.06638114591004,1.471698113207547,False
freight_hermes_30900_veh_cep_size_m_9_4,32672,63592,30920,12172,18748,1970-01-01 09:04:32,1970-01-01 17:39:52,1970-01-01 08:35:20,1970-01-01 03:22:52,1970-01-01 05:12:28,van,70,137.9318066204051,15.763995586561059,"defaultdict(<class 'int'>, {7: 42, 8: 22, 6: 6})",hermes,m,7,96.0,0.0,0.0,1.0,1.0,0.5818181818181818,1.0,171.78,51.310632062790695,196.4278888888889,24.902888888888892,247.99352095167959,1.3714285714285714,False
freight_fedex_30539_veh_cep_size_l_9_2,32673,56589,23916,12084,11832,1970-01-01 09:04:33,1970-01-01 15:43:09,1970-01-01 06:38:36,1970-01-01 03:21:24,1970-01-01 03:17:12,van,33,83.94625533598773,21.63707077137314,"defaultdict(<class 'int'>, {4: 28, 5: 5})",fedex,l,4,230.0,0.0,0.8956521739130435,0.10434782608695652,1.0,1.0,1.0,189.15,32.40325455969126,151.93303333333336,0.0,221.55325455969125,6.96969696969697,True
freight_amazon_30926_0_veh_cep_size_l_9_1,32466,61300,28834,16798,12036,1970-01-01 09:01:06,1970-01-01 17:01:40,1970-01-01 08:00:34,1970-01-01 04:39:58,1970-01-01 03:20:36,van,86,79.9440803517715,4.8650600269562645,"defaultdict(<class 'int'>, {6: 1, 4: 40, 8: 37, 7: 8})",amazon,l,4,137.0,0.0,0.0,1.0,1.0,0.5956521739130435,1.0,189.15,30.8584150157838,183.17599444444446,11.650994444444445,231.65940946022826,1.5930232558139534,False
freight_gls_30559_veh_cep_size_m_9_3,32683,56051,23368,12719,10649,1970-01-01 09:04:43,1970-01-01 15:34:11,1970-01-01 06:29:28,1970-01-01 03:31:59,1970-01-01 02:57:29,van,75,81.94837635605553,11.026801968499148,"defaultdict(<class 'int'>, {4: 75})",gls,m,4,103.0,0.0,0.038834951456310676,0.9611650485436893,1.0,0.6242424242424243,1.0,171.78,30.484796004452658,148.45171111111114,0.0,202.26479600445265,1.3733333333333333,True
freight_amazon_30890_1_veh_cep_size_m_9_4,32507,60350,27843,15300,12543,1970-01-01 09:01:47,1970-01-01 16:45:50,1970-01-01 07:44:03,1970-01-01 04:15:00,1970-01-01 03:29:03,van,70,107.63680317290236,13.428371573685462,"defaultdict(<class 'int'>, {7: 6, 6: 23, 8: 30, 5: 11})",amazon,m,8,122.0,0.0,0.0,1.0,1.0,0.7393939393939394,1.0,171.78,40.04089078031968,176.8803916666667,5.355391666666667,217.17628244698633,1.7428571428571429,False
freight_dhl_30855_2_veh_cep_size_l_9_5,32694,59571,26877,21942,4935,1970-01-01 09:04:54,1970-01-01 16:32:51,1970-01-01 07:27:57,1970-01-01 06:05:42,1970-01-01 01:22:15,van,18,42.49974701085592,8.401212388875594,"defaultdict(<class 'int'>, {6: 12, 5: 4, 4: 2})",dhl,l,6,177.0,0.0,0.14689265536723164,0.8531073446327684,1.0,0.7695652173913043,1.0,189.15,16.404902346190386,170.74360833333336,0.0,205.5549023461904,9.833333333333334,False
freight_dpd_30938_veh_cep_size_m_7_3,32698,59869,27171,14733,12438,1970-01-01 09:04:58,1970-01-01 16:37:49,1970-01-01 07:32:51,1970-01-01 04:05:33,1970-01-01 03:27:18,van,60,104.1906897045738,19.6667010627458,"defaultdict(<class 'int'>, {7: 47, 6: 13})",dpd,m,7,120.0,0.0,0.3416666666666667,0.6583333333333333,1.0,0.7272727272727273,1.0,171.78,38.758936570101454,172.61132500000002,1.0863250000000002,211.62526157010143,2.0,False
freight_amazon_30890_1_veh_cep_size_m_9_3,32507,62229,29722,14325,15397,1970-01-01 09:01:47,1970-01-01 17:17:09,1970-01-01 08:15:22,1970-01-01 03:58:45,1970-01-01 04:16:37,van,75,102.22737084237629,18.312342962725808,"defaultdict(<class 'int'>, {5: 34, 7: 4, 8: 35, 4: 2})",amazon,m,8,114.0,0.0,0.0,1.0,1.0,0.6909090909090909,1.0,171.78,38.02858195336398,188.81726111111112,17.292261111111113,227.1008430644751,1.52,False
freight_amazon_30890_1_veh_cep_size_m_9_2,32507,58678,26171,15998,10173,1970-01-01 09:01:47,1970-01-01 16:17:58,1970-01-01 07:16:11,1970-01-01 04:26:38,1970-01-01 02:49:33,van,60,89.26338255698687,16.64794352642128,"defaultdict(<class 'int'>, {5: 2, 4: 38, 8: 14, 7: 6})",amazon,m,4,128.0,0.0,0.0,1.0,1.0,0.7757575757575758,1.0,171.78,33.20597831119912,166.25854722222223,0.0,204.98597831119912,2.1333333333333333,False
freight_dpd_30827_veh_cep_size_m_9_3,32721,56629,23908,11208,12700,1970-01-01 09:05:21,1970-01-01 15:43:49,1970-01-01 06:38:28,1970-01-01 03:06:48,1970-01-01 03:31:40,van,62,132.1811101774482,28.72889641445572,"defaultdict(<class 'int'>, {6: 62})",dpd,m,6,90.0,0.0,0.25555555555555554,0.7444444444444445,1.0,0.5454545454545454,1.0,171.78,49.17137298601073,151.88221111111113,0.0,220.95137298601074,1.4516129032258065,False
freight_amazon_30173_veh_cep_size_m_9_1,32523,64143,31620,19771,11849,1970-01-01 09:02:03,1970-01-01 17:49:03,1970-01-01 08:47:00,1970-01-01 05:29:31,1970-01-01 03:17:29,van,73,86.27275218805995,17.715005851945694,"defaultdict(<class 'int'>, {5: 20, 4: 1, 2: 52})",amazon,m,2,160.0,0.0,0.00625,0.99375,1.0,0.9696969696969697,1.0,171.78,32.0934638139583,200.87483333333336,29.349833333333336,233.22329714729165,2.191780821917808,True
freight_amazon_30539_veh_cep_size_m_9_5,32584,41981,9397,2341,7056,1970-01-01 09:03:04,1970-01-01 11:39:41,1970-01-01 02:36:37,1970-01-01 00:39:01,1970-01-01 01:57:36,van,15,53.263649947592306,21.82971583365529,"defaultdict(<class 'int'>, {4: 15})",amazon,m,4,19.0,0.0,0.0,1.0,1.0,0.11515151515151516,1.0,171.78,19.814077780504338,59.697052777777785,0.0,191.59407778050434,1.2666666666666666,True
freight_amazon_30539_veh_cep_size_m_9_4,32584,66963,34379,17223,17156,1970-01-01 09:03:04,1970-01-01 18:36:03,1970-01-01 09:32:59,1970-01-01 04:47:03,1970-01-01 04:45:56,van,79,114.224073253244,22.24336113521178,"defaultdict(<class 'int'>, {4: 79})",amazon,m,4,139.0,0.0,0.0,1.0,1.0,0.8424242424242424,1.0,171.78,42.491355250206766,218.40214722222225,46.87714722222223,261.148502472429,1.759493670886076,True
freight_gls_31515_veh_cep_size_m_9_7,32746,58212,25466,8196,17270,1970-01-01 09:05:46,1970-01-01 16:10:12,1970-01-01 07:04:26,1970-01-01 02:16:36,1970-01-01 04:47:50,van,60,129.19201213135275,33.48224259499383,"defaultdict(<class 'int'>, {6: 60})",gls,m,6,67.0,0.0,0.029850746268656716,0.9701492537313433,1.0,0.40606060606060607,1.0,171.78,48.05942851286322,161.77983888888892,0.0,219.8394285128632,1.1166666666666667,False
freight_ups_30855_0_veh_cep_size_l_8_1,32748,62663,29915,23900,6015,1970-01-01 09:05:48,1970-01-01 17:24:23,1970-01-01 08:18:35,1970-01-01 06:38:20,1970-01-01 01:40:15,van,38,51.61819052389843,8.18070032150377,"defaultdict(<class 'int'>, {6: 2, 5: 2, 4: 34})",ups,l,4,230.0,0.0,0.8869565217391304,0.11304347826086956,1.0,1.0,1.0,189.15,19.924621542224795,190.04334722222225,18.518347222222225,227.59296876444702,6.052631578947368,False
freight_amazon_30539_veh_cep_size_m_9_3,32584,64388,31804,17238,14566,1970-01-01 09:03:04,1970-01-01 17:53:08,1970-01-01 08:50:04,1970-01-01 04:47:18,1970-01-01 04:02:46,van,75,108.4447051609699,22.651234860876798,"defaultdict(<class 'int'>, {4: 56, 5: 19})",amazon,m,4,138.0,0.0,0.0,1.0,1.0,0.8363636363636363,1.0,171.78,40.34143031988081,202.04374444444446,30.518744444444447,242.64017476432525,1.84,True
freight_ups_30655_veh_cep_size_m_9_2,32750,58213,25463,13099,12364,1970-01-01 09:05:50,1970-01-01 16:10:13,1970-01-01 07:04:23,1970-01-01 03:38:19,1970-01-01 03:26:04,van,43,76.69014905873279,11.295574197271495,"defaultdict(<class 'int'>, {4: 30, 2: 13})",ups,m,4,105.0,0.0,0.7904761904761904,0.20952380952380953,1.0,0.6363636363636364,1.0,171.78,28.528735449848597,161.76078055555558,0.0,200.3087354498486,2.441860465116279,True
freight_amazon_30539_veh_cep_size_m_9_1,32584,61699,29115,16816,12299,1970-01-01 09:03:04,1970-01-01 17:08:19,1970-01-01 08:05:15,1970-01-01 04:40:16,1970-01-01 03:24:59,van,67,91.06731608748824,23.605810585862987,"defaultdict(<class 'int'>, {4: 41, 7: 23, 5: 3})",amazon,m,4,139.0,0.0,0.02877697841726619,0.9712230215827338,1.0,0.8424242424242424,1.0,171.78,33.87704158454562,184.961125,13.436125,219.09316658454563,2.074626865671642,True
freight_dhl_30657_veh_cep_size_l_9_9,32762,44314,11552,5933,5619,1970-01-01 09:06:02,1970-01-01 12:18:34,1970-01-01 03:12:32,1970-01-01 01:38:53,1970-01-01 01:33:39,van,21,43.447018186612716,7.966708445617478,"defaultdict(<class 'int'>, {4: 21})",dhl,l,4,48.0,0.0,0.08333333333333333,0.9166666666666666,1.0,0.20869565217391303,1.0,189.15,16.770549020032508,73.38728888888889,0.0,205.92054902003252,2.2857142857142856,True
freight_amazon_30659_veh_cep_size_m_9_3,32591,62554,29963,19441,10522,1970-01-01 09:03:11,1970-01-01 17:22:34,1970-01-01 08:19:23,1970-01-01 05:24:01,1970-01-01 02:55:22,van,67,85.13505425423465,18.347409783674895,"defaultdict(<class 'int'>, {4: 66, 5: 1})",amazon,m,4,155.0,0.0,0.0,1.0,1.0,0.9393939393939394,1.0,171.78,31.670240182575288,190.34828055555556,18.823280555555556,222.27352073813086,2.3134328358208953,True
freight_amazon_31515_0_veh_cep_size_l_9_4,32618,58904,26286,13229,13057,1970-01-01 09:03:38,1970-01-01 16:21:44,1970-01-01 07:18:06,1970-01-01 03:40:29,1970-01-01 03:37:37,van,72,110.81516669227734,11.309434101913464,"defaultdict(<class 'int'>, {6: 50, 7: 22})",amazon,l,6,106.0,0.0,0.0,1.0,1.0,0.4608695652173913,1.0,189.15,42.774654343219055,166.9891166666667,0.0,231.92465434321906,1.4722222222222223,False
freight_amazon_31515_0_veh_cep_size_l_9_1,32618,61923,29305,15415,13890,1970-01-01 09:03:38,1970-01-01 17:12:03,1970-01-01 08:08:25,1970-01-01 04:16:55,1970-01-01 03:51:30,van,64,99.38476082722059,11.922830604778575,"defaultdict(<class 'int'>, {7: 5, 6: 59})",amazon,l,6,124.0,0.0,0.0,1.0,1.0,0.5391304347826087,1.0,189.15,38.362517679307146,186.1681527777778,14.643152777777779,242.15567045708494,1.9375,False
freight_amazon_30655_veh_cep_size_m_9_4,32662,64337,31675,19416,12259,1970-01-01 09:04:22,1970-01-01 17:52:17,1970-01-01 08:47:55,1970-01-01 05:23:36,1970-01-01 03:24:19,van,65,82.71754756044999,17.727280654586423,"defaultdict(<class 'int'>, {2: 24, 4: 41})",amazon,m,4,157.0,0.0,0.012738853503184714,0.9872611464968153,1.0,0.9515151515151515,1.0,171.78,30.770927692487394,201.22423611111114,29.699236111111112,232.2501638035985,2.4153846153846152,True
freight_amazon_30655_veh_cep_size_m_9_3,32662,61750,29088,18284,10804,1970-01-01 09:04:22,1970-01-01 17:09:10,1970-01-01 08:04:48,1970-01-01 05:04:44,1970-01-01 03:00:04,van,50,74.14000106642588,18.184275615268973,"defaultdict(<class 'int'>, {2: 5, 4: 45})",amazon,m,4,145.0,0.0,0.013793103448275862,0.9862068965517241,1.0,0.8787878787878788,1.0,171.78,27.58008039671043,184.7896,13.264600000000002,212.62468039671043,2.9,True
freight_amazon_31535_0_veh_cep_size_m_9_7,32720,63143,30423,15905,14518,1970-01-01 09:05:20,1970-01-01 17:32:23,1970-01-01 08:27:03,1970-01-01 04:25:05,1970-01-01 04:01:58,van,84,118.43694616463289,7.562996849841866,"defaultdict(<class 'int'>, {7: 59, 6: 25})",amazon,m,7,128.0,0.0,0.0,1.0,1.0,0.7757575757575758,1.0,171.78,44.05854397324343,193.27055833333335,21.745558333333335,237.58410230657677,1.5238095238095237,False
freight_gls_31832_veh_cep_size_l_7_2,32823,60792,27969,11046,16923,1970-01-01 09:07:03,1970-01-01 16:53:12,1970-01-01 07:46:09,1970-01-01 03:04:06,1970-01-01 04:42:03,van,77,148.92449341428986,20.85256383741117,"defaultdict(<class 'int'>, {8: 11, 7: 35, 6: 31})",gls,l,7,90.0,0.0,0.03333333333333333,0.9666666666666667,1.0,0.391304347826087,1.0,189.15,57.48485445791589,177.68084166666668,6.155841666666667,252.79069612458255,1.1688311688311688,False
freight_amazon_31535_0_veh_cep_size_m_9_6,32720,63872,31152,14146,17006,1970-01-01 09:05:20,1970-01-01 17:44:32,1970-01-01 08:39:12,1970-01-01 03:55:46,1970-01-01 04:43:26,van,77,125.79339436968742,15.590675880760523,"defaultdict(<class 'int'>, {6: 48, 7: 28, 5: 1})",amazon,m,6,115.0,0.0,0.0,1.0,1.0,0.696969696969697,1.0,171.78,46.79514270552372,197.90173333333334,26.376733333333334,244.95187603885705,1.4935064935064934,False
freight_dhl_30177_veh_cep_size_l_9_6,32834,57231,24397,19362,5035,1970-01-01 09:07:14,1970-01-01 15:53:51,1970-01-01 06:46:37,1970-01-01 05:22:42,1970-01-01 01:23:55,van,29,20.959039701888234,3.026732043719861,"defaultdict(<class 'int'>, {2: 29})",dhl,l,2,177.0,0.0,0.01694915254237288,0.9830508474576272,1.0,0.7695652173913043,1.0,189.15,8.090189324928858,154.98871944444446,0.0,197.24018932492885,6.103448275862069,True
freight_amazon_31535_0_veh_cep_size_m_9_5,32720,68000,35280,15260,20020,1970-01-01 09:05:20,1970-01-01 18:53:20,1970-01-01 09:48:00,1970-01-01 04:14:20,1970-01-01 05:33:40,van,83,117.8636032377251,14.836069905357498,"defaultdict(<class 'int'>, {7: 22, 6: 61})",amazon,m,6,123.0,0.0,0.0,1.0,1.0,0.7454545454545455,1.0,171.78,43.84526040443374,224.12600000000003,52.601000000000006,268.22626040443373,1.4819277108433735,False
freight_gls_30880_veh_cep_size_l_7_2,32841,64623,31782,16729,15053,1970-01-01 09:07:21,1970-01-01 17:57:03,1970-01-01 08:49:42,1970-01-01 04:38:49,1970-01-01 04:10:53,van,78,97.97532050900449,5.307299803094457,"defaultdict(<class 'int'>, {4: 32, 6: 2, 3: 43, 7: 1})",gls,l,3,133.0,0.0,0.12781954887218044,0.8721804511278195,1.0,0.5782608695652174,1.0,189.15,37.81847371647574,201.90398333333334,30.378983333333338,257.34745704980907,1.705128205128205,False
freight_amazon_31319_1_veh_cep_size_m_9_4,32734,46336,13602,3622,9980,1970-01-01 09:05:34,1970-01-01 12:52:16,1970-01-01 03:46:42,1970-01-01 01:00:22,1970-01-01 02:46:20,van,22,68.96285696810561,26.122414936499954,"defaultdict(<class 'int'>, {5: 22})",amazon,m,5,29.0,0.0,0.0,1.0,1.0,0.17575757575757575,1.0,171.78,25.654182792135288,86.41048333333335,0.0,197.4341827921353,1.3181818181818181,False
freight_hermes_31303_veh_cep_size_m_9_1,32848,62185,29337,11952,17385,1970-01-01 09:07:28,1970-01-01 17:16:25,1970-01-01 08:08:57,1970-01-01 03:19:12,1970-01-01 04:49:45,van,78,143.63902565385993,29.11379953179232,"defaultdict(<class 'int'>, {6: 16, 7: 24, 8: 38})",hermes,m,8,97.0,0.0,0.010309278350515464,0.9896907216494846,1.0,0.5878787878787879,1.0,171.78,53.43371754323589,186.3714416666667,14.846441666666667,240.06015920990257,1.2435897435897436,True
freight_amazon_31319_1_veh_cep_size_m_9_1,32734,65971,33237,15183,18054,1970-01-01 09:05:34,1970-01-01 18:19:31,1970-01-01 09:13:57,1970-01-01 04:13:03,1970-01-01 05:00:54,van,70,127.39247011914449,27.317381290287422,"defaultdict(<class 'int'>, {5: 1, 7: 11, 6: 50, 8: 8})",amazon,m,6,121.0,0.0,0.0,1.0,1.0,0.7333333333333333,1.0,171.78,47.38999888432175,211.147275,39.622275,258.79227388432173,1.7285714285714286,False
freight_dhl_31535_2_veh_cep_size_m_9_3,32866,60992,28126,20179,7947,1970-01-01 09:07:46,1970-01-01 16:56:32,1970-01-01 07:48:46,1970-01-01 05:36:19,1970-01-01 02:12:27,van,32,41.617286346864546,4.771625862939331,"defaultdict(<class 'int'>, {6: 32})",dhl,m,6,159.0,0.0,0.12578616352201258,0.8742138364779874,1.0,0.9636363636363636,1.0,171.78,15.481630521033612,178.6782277777778,7.153227777777778,194.4148582988114,4.96875,False
freight_amazon_31311_veh_cep_size_m_9_5,32747,65144,32397,11047,21350,1970-01-01 09:05:47,1970-01-01 18:05:44,1970-01-01 08:59:57,1970-01-01 03:04:07,1970-01-01 05:55:50,van,76,187.71305185689278,41.43688808971715,"defaultdict(<class 'int'>, {7: 54, 8: 22})",amazon,m,7,90.0,0.0,0.011111111111111112,0.9888888888888889,1.0,0.5454545454545454,1.0,171.78,69.82925529076411,205.81094166666668,34.28594166666667,275.8951969574308,1.1842105263157894,False
freight_gls_31832_veh_cep_size_l_9_4,32871,60459,27588,7688,19900,1970-01-01 09:07:51,1970-01-01 16:47:39,1970-01-01 07:39:48,1970-01-01 02:08:08,1970-01-01 05:31:40,van,58,219.9010915460444,24.36813536403204,"defaultdict(<class 'int'>, {6: 26, 7: 32})",gls,l,7,63.0,0.0,0.047619047619047616,0.9523809523809523,1.0,0.27391304347826084,1.0,189.15,84.88182133677314,175.26043333333334,3.735433333333334,277.76725467010647,1.0862068965517242,False
freight_amazon_30165_veh_cep_size_m_9_1,32779,63719,30940,20130,10810,1970-01-01 09:06:19,1970-01-01 17:41:59,1970-01-01 08:35:40,1970-01-01 05:35:30,1970-01-01 03:00:10,van,58,76.53002037941471,14.606741564702304,"defaultdict(<class 'int'>, {3: 57, 1: 1})",amazon,m,3,161.0,0.0,0.037267080745341616,0.9627329192546584,1.0,0.9757575757575757,1.0,171.78,28.469167581142273,196.55494444444446,25.029944444444446,225.27911202558673,2.7758620689655173,True
freight_ups_30926_veh_cep_size_m_7_1,32878,62490,29612,12881,16731,1970-01-01 09:07:58,1970-01-01 17:21:30,1970-01-01 08:13:32,1970-01-01 03:34:41,1970-01-01 04:38:51,van,67,129.66900950471788,16.406330064008987,"defaultdict(<class 'int'>, {8: 20, 7: 19, 6: 28})",ups,m,6,104.0,0.0,0.9134615384615384,0.08653846153846154,1.0,0.6303030303030303,1.0,171.78,48.23687153575505,188.11845555555558,16.593455555555558,236.6103270913106,1.5522388059701493,False
freight_amazon_30175_veh_cep_size_m_9_1,32807,63620,30813,19149,11664,1970-01-01 09:06:47,1970-01-01 17:40:20,1970-01-01 08:33:33,1970-01-01 05:19:09,1970-01-01 03:14:24,van,78,83.28814942623531,15.90327490598932,"defaultdict(<class 'int'>, {4: 73, 5: 1, 2: 4})",amazon,m,4,155.0,0.0,0.0,1.0,1.0,0.9393939393939394,1.0,171.78,30.983191586559535,195.7481416666667,24.22314166666667,226.9863332532262,1.9871794871794872,True
freight_amazon_30916_0_veh_cep_size_l_9_3,32826,64049,31223,17029,14194,1970-01-01 09:07:06,1970-01-01 17:47:29,1970-01-01 08:40:23,1970-01-01 04:43:49,1970-01-01 03:56:34,van,64,118.06075190506034,20.165493897621054,"defaultdict(<class 'int'>, {6: 5, 7: 44, 8: 15})",amazon,l,7,136.0,0.0,0.0,1.0,1.0,0.591304347826087,1.0,189.15,45.571450235353296,198.35278055555557,26.82778055555556,261.54923079090884,2.125,False
freight_hermes_31303_veh_cep_size_m_8_3,32900,59839,26939,7577,19362,1970-01-01 09:08:20,1970-01-01 16:37:19,1970-01-01 07:28:59,1970-01-01 02:06:17,1970-01-01 05:22:42,van,48,146.71394636911742,28.30010031809292,"defaultdict(<class 'int'>, {4: 8, 8: 1, 7: 39})",hermes,m,7,61.0,0.0,0.01639344262295082,0.9836065573770492,1.0,0.3696969696969697,1.0,171.78,54.57758804931168,171.13748055555558,0.0,226.3575880493117,1.2708333333333333,True
freight_amazon_30855_0_veh_cep_size_l_9_6,32829,60747,27918,21425,6493,1970-01-01 09:07:09,1970-01-01 16:52:27,1970-01-01 07:45:18,1970-01-01 05:57:05,1970-01-01 01:48:13,van,49,56.88971066355438,9.240203193039832,"defaultdict(<class 'int'>, {6: 14, 4: 28, 5: 7})",amazon,l,4,172.0,0.0,0.0,1.0,1.0,0.7478260869565218,1.0,189.15,21.95942831613199,177.35685,5.83185,216.94127831613199,3.510204081632653,False
freight_ups_30926_veh_cep_size_m_7_2,32912,62861,29949,15154,14795,1970-01-01 09:08:32,1970-01-01 17:27:41,1970-01-01 08:19:09,1970-01-01 04:12:34,1970-01-01 04:06:35,van,51,117.41306456273097,15.8527450433396,"defaultdict(<class 'int'>, {6: 33, 4: 15, 8: 3})",ups,m,6,130.0,0.0,0.8,0.2,1.0,0.7878787878787878,1.0,171.78,43.67766001733592,190.25934166666667,18.73434166666667,234.19200168400258,2.549019607843137,False
freight_dhl_30539_veh_cep_size_l_9_7,32913,59787,26874,21465,5409,1970-01-01 09:08:33,1970-01-01 16:36:27,1970-01-01 07:27:54,1970-01-01 05:57:45,1970-01-01 01:30:09,van,53,44.30748484694523,6.410698468118547,"defaultdict(<class 'int'>, {4: 53})",dhl,l,4,191.0,0.0,0.02617801047120419,0.9738219895287958,1.0,0.8304347826086956,1.0,189.15,17.10268915092086,170.72455000000002,0.0,206.25268915092087,3.6037735849056602,True
freight_dhl_30539_veh_cep_size_l_9_2,32913,52131,19218,14847,4371,1970-01-01 09:08:33,1970-01-01 14:28:51,1970-01-01 05:20:18,1970-01-01 04:07:27,1970-01-01 01:12:51,van,22,36.80675506576125,10.288715502119402,"defaultdict(<class 'int'>, {4: 15, 7: 7})",dhl,l,4,230.0,0.0,0.5304347826086957,0.46956521739130436,1.0,1.0,1.0,189.15,14.207407455383843,122.08768333333335,0.0,203.35740745538385,10.454545454545455,True
freight_amazon_30855_0_veh_cep_size_l_9_5,32829,62276,29447,23062,6385,1970-01-01 09:07:09,1970-01-01 17:17:56,1970-01-01 08:10:47,1970-01-01 06:24:22,1970-01-01 01:46:25,van,30,55.63039082172406,8.025757485151402,"defaultdict(<class 'int'>, {4: 28, 6: 1, 5: 1})",amazon,l,4,183.0,0.0,0.00546448087431694,0.994535519125683,1.0,0.7956521739130434,1.0,189.15,21.473330857185488,187.07024722222224,15.545247222222224,226.16857807940772,6.1,False
freight_dhl_31311_0_veh_cep_size_m_9_4,32918,65238,32320,19125,13195,1970-01-01 09:08:38,1970-01-01 18:07:18,1970-01-01 08:58:40,1970-01-01 05:18:45,1970-01-01 03:39:55,van,68,88.76177737983133,3.87457388432957,"defaultdict(<class 'int'>, {7: 68})",dhl,m,7,151.0,0.0,0.11258278145695365,0.8874172185430463,1.0,0.9151515151515152,1.0,171.78,33.019381185297256,205.3217777777778,33.796777777777784,238.59615896307503,2.2205882352941178,False
freight_amazon_30855_0_veh_cep_size_l_9_4,32829,62001,29172,21906,7266,1970-01-01 09:07:09,1970-01-01 17:13:21,1970-01-01 08:06:12,1970-01-01 06:05:06,1970-01-01 02:01:06,van,55,58.82209370022454,6.491588973360084,"defaultdict(<class 'int'>, {4: 5, 5: 30, 6: 20})",amazon,l,5,175.0,0.0,0.05714285714285714,0.9428571428571428,1.0,0.7608695652173914,1.0,189.15,22.705328168286673,185.32323333333335,13.798233333333334,225.65356150162003,3.1818181818181817,False
freight_amazon_30855_0_veh_cep_size_l_9_3,32829,62824,29995,22073,7922,1970-01-01 09:07:09,1970-01-01 17:27:04,1970-01-01 08:19:55,1970-01-01 06:07:53,1970-01-01 02:12:02,van,41,53.94334193553417,11.040074225660574,"defaultdict(<class 'int'>, {5: 40, 6: 1})",amazon,l,5,174.0,0.0,0.034482758620689655,0.9655172413793104,1.0,0.7565217391304347,1.0,189.15,20.822129987116192,190.55156944444445,19.026569444444448,228.99869943156065,4.2439024390243905,False
freight_hermes_30855_1_veh_cep_size_m_7_3,32941,62878,29937,20482,9455,1970-01-01 09:09:01,1970-01-01 17:27:58,1970-01-01 08:18:57,1970-01-01 05:41:22,1970-01-01 02:37:35,van,71,65.97046051737382,3.174476385574798,"defaultdict(<class 'int'>, {6: 15, 4: 1, 5: 55})",hermes,m,5,164.0,0.0,0.08536585365853659,0.9146341463414634,1.0,0.9939393939393939,1.0,171.78,24.541011312463063,190.18310833333337,18.658108333333335,214.9791196457964,2.3098591549295775,False
freight_amazon_30855_0_veh_cep_size_l_9_2,32829,61540,28711,22866,5845,1970-01-01 09:07:09,1970-01-01 17:05:40,1970-01-01 07:58:31,1970-01-01 06:21:06,1970-01-01 01:37:25,van,25,43.72017603956424,10.93660528939633,"defaultdict(<class 'int'>, {5: 24, 4: 1})",amazon,l,5,181.0,0.0,0.016574585635359115,0.9834254143646409,1.0,0.7869565217391304,1.0,189.15,16.875987951271796,182.3946027777778,10.869602777777779,216.8955907290496,7.24,False
freight_amazon_30659_veh_cep_size_l_9_2,32888,64510,31622,21786,9836,1970-01-01 09:08:08,1970-01-01 17:55:10,1970-01-01 08:47:02,1970-01-01 06:03:06,1970-01-01 02:43:56,van,47,75.03576581607206,19.06165323561541,"defaultdict(<class 'int'>, {4: 46, 2: 1})",amazon,l,4,174.0,0.0,0.0,1.0,1.0,0.7565217391304347,1.0,189.15,28.963805605003817,200.8875388888889,29.362538888888892,247.47634449389273,3.702127659574468,True
freight_ups_30171_veh_cep_size_m_8_1,32963,63401,30438,19943,10495,1970-01-01 09:09:23,1970-01-01 17:36:41,1970-01-01 08:27:18,1970-01-01 05:32:23,1970-01-01 02:54:55,van,77,70.41758137086482,12.350941643359922,"defaultdict(<class 'int'>, {1: 1, 2: 76})",ups,m,2,162.0,0.0,0.7962962962962963,0.2037037037037037,1.0,0.9818181818181818,1.0,171.78,26.195340269961715,193.36585000000002,21.840850000000003,219.81619026996174,2.103896103896104,True
freight_amazon_30900_0_veh_cep_size_l_9_2,32907,62394,29487,15106,14381,1970-01-01 09:08:27,1970-01-01 17:19:54,1970-01-01 08:11:27,1970-01-01 04:11:46,1970-01-01 03:59:41,van,58,138.23367633716325,19.649658311156493,"defaultdict(<class 'int'>, {6: 10, 7: 47, 8: 1})",amazon,l,7,119.0,0.0,0.0,1.0,1.0,0.5173913043478261,1.0,189.15,53.35819906614501,187.32435833333335,15.799358333333334,258.30755739947836,2.0517241379310347,False
freight_dhl_31275_2_veh_cep_size_l_9_2,32967,60978,28011,19011,9000,1970-01-01 09:09:27,1970-01-01 16:56:18,1970-01-01 07:46:51,1970-01-01 05:16:51,1970-01-01 02:30:00,van,60,83.10297923978965,4.690853304970564,"defaultdict(<class 'int'>, {7: 50, 8: 8, 6: 2})",dhl,l,7,152.0,0.0,0.10526315789473684,0.8947368421052632,1.0,0.6608695652173913,1.0,189.15,32.07774998655881,177.94765833333335,6.422658333333334,227.65040831989216,2.533333333333333,False
freight_amazon_30163_veh_cep_size_m_9_3,32916,61262,28346,20361,7985,1970-01-01 09:08:36,1970-01-01 17:01:02,1970-01-01 07:52:26,1970-01-01 05:39:21,1970-01-01 02:13:05,van,43,57.16725473496635,14.88771784635781,"defaultdict(<class 'int'>, {2: 42, 3: 1})",amazon,m,2,165.0,0.0,0.006060606060606061,0.9939393939393939,1.0,1.0,1.0,171.78,21.266218761407483,180.0758388888889,8.55083888888889,201.5970576502964,3.8372093023255816,True
freight_amazon_30453_veh_cep_size_m_9_4,32989,62648,29659,18983,10676,1970-01-01 09:09:49,1970-01-01 17:24:08,1970-01-01 08:14:19,1970-01-01 05:16:23,1970-01-01 02:57:56,van,85,86.18352086480895,10.636802373440554,"defaultdict(<class 'int'>, {4: 81, 6: 4})",amazon,m,4,154.0,0.0,0.032467532467532464,0.9675324675324676,1.0,0.9333333333333333,1.0,171.78,32.06026976170893,188.41703611111112,16.892036111111114,220.73230587282004,1.811764705882353,True
freight_dpd_30890_veh_cep_size_m_9_6,32995,45624,12629,3146,9483,1970-01-01 09:09:55,1970-01-01 12:40:24,1970-01-01 03:30:29,1970-01-01 00:52:26,1970-01-01 02:38:03,van,26,104.0471340997301,38.05705761375551,"defaultdict(<class 'int'>, {8: 14, 6: 4, 7: 8})",dpd,m,8,26.0,0.0,0.0,1.0,1.0,0.15757575757575756,1.0,171.78,38.7055338850996,80.22923055555556,0.0,210.48553388509958,1.0,False
freight_amazon_30453_veh_cep_size_m_9_3,32989,64272,31283,19350,11933,1970-01-01 09:09:49,1970-01-01 17:51:12,1970-01-01 08:41:23,1970-01-01 05:22:30,1970-01-01 03:18:53,van,82,83.14847135811073,11.105404892491565,"defaultdict(<class 'int'>, {4: 64, 6: 18})",amazon,m,4,157.0,0.0,0.01910828025477707,0.9808917197452229,1.0,0.9515151515151515,1.0,171.78,30.93123134521719,198.73394722222224,27.208947222222225,229.92017856743942,1.9146341463414633,True
freight_gls_30657_veh_cep_size_m_8_2,33001,53698,20697,11827,8870,1970-01-01 09:10:01,1970-01-01 14:54:58,1970-01-01 05:44:57,1970-01-01 03:17:07,1970-01-01 02:27:50,van,50,79.78488387735192,18.37237423296527,"defaultdict(<class 'int'>, {4: 49, 2: 1})",gls,m,4,95.0,0.0,0.16842105263157894,0.8315789473684211,1.0,0.5757575757575758,1.0,171.78,29.679976802374913,131.4834416666667,0.0,201.4599768023749,1.9,True
freight_ups_30655_veh_cep_size_m_7_1,33006,62816,29810,15002,14808,1970-01-01 09:10:06,1970-01-01 17:26:56,1970-01-01 08:16:50,1970-01-01 04:10:02,1970-01-01 04:06:48,van,65,97.89064088716034,11.164602501566591,"defaultdict(<class 'int'>, {4: 64, 2: 1})",ups,m,4,122.0,0.0,0.819672131147541,0.18032786885245902,1.0,0.7393939393939394,1.0,171.78,36.415318410023644,189.37630555555558,17.85130555555556,226.04662396557922,1.876923076923077,True
freight_amazon_30453_veh_cep_size_m_9_1,32989,64775,31786,17432,14354,1970-01-01 09:09:49,1970-01-01 17:59:35,1970-01-01 08:49:46,1970-01-01 04:50:32,1970-01-01 03:59:14,van,72,100.3000777641278,13.752751863728376,"defaultdict(<class 'int'>, {3: 27, 5: 17, 4: 3, 6: 25})",amazon,m,3,140.0,0.0,0.0,1.0,1.0,0.8484848484848485,1.0,171.78,37.311628928255544,201.92939444444445,30.404394444444446,239.4960233727,1.9444444444444444,True
freight_amazon_31832_1_veh_cep_size_m_9_3,33003,59557,26554,12692,13862,1970-01-01 09:10:03,1970-01-01 16:32:37,1970-01-01 07:22:34,1970-01-01 03:31:32,1970-01-01 03:51:02,van,54,117.10827036255326,28.8538824826365,"defaultdict(<class 'int'>, {7: 54})",amazon,m,7,101.0,0.0,0.0,1.0,1.0,0.6121212121212121,1.0,171.78,43.56427657486981,168.69166111111113,0.0,215.3442765748698,1.8703703703703705,False
freight_fedex_31832_veh_cep_size_m_9_2,33030,58102,25072,10716,14356,1970-01-01 09:10:30,1970-01-01 16:08:22,1970-01-01 06:57:52,1970-01-01 02:58:36,1970-01-01 03:59:16,van,41,124.69362624009656,30.580593278505862,"defaultdict(<class 'int'>, {7: 35, 8: 6})",fedex,m,7,86.0,0.0,0.8837209302325582,0.11627906976744186,1.0,0.5212121212121212,1.0,171.78,46.38602896131592,159.27684444444446,0.0,218.16602896131593,2.097560975609756,False
freight_ups_30419_veh_cep_size_m_7_1,33035,68888,35853,15915,19938,1970-01-01 09:10:35,1970-01-01 19:08:08,1970-01-01 09:57:33,1970-01-01 04:25:15,1970-01-01 05:32:18,van,77,132.8238708866759,11.390325978389154,"defaultdict(<class 'int'>, {3: 18, 5: 58, 6: 1})",ups,m,5,129.0,0.0,0.8294573643410853,0.17054263565891473,1.0,0.7818181818181819,1.0,171.78,49.410479969843436,227.7661416666667,56.24114166666667,277.4316216365101,1.6753246753246753,True
freight_fedex_30853_veh_cep_size_l_7_1,33085,64609,31524,17896,13628,1970-01-01 09:11:25,1970-01-01 17:56:49,1970-01-01 08:45:24,1970-01-01 04:58:16,1970-01-01 03:47:08,van,52,97.59144994925701,6.833752027820564,"defaultdict(<class 'int'>, {6: 52})",fedex,l,6,144.0,0.0,0.8958333333333334,0.10416666666666667,1.0,0.6260869565217392,1.0,189.15,37.67029968041321,200.26496666666668,28.73996666666667,255.56026634707987,2.769230769230769,False
freight_amazon_31303_0_veh_cep_size_m_9_2,33105,62144,29039,16783,12256,1970-01-01 09:11:45,1970-01-01 17:15:44,1970-01-01 08:03:59,1970-01-01 04:39:43,1970-01-01 03:24:16,van,50,114.625629250094,33.69141414489205,"defaultdict(<class 'int'>, {8: 3, 4: 47})",amazon,m,4,132.0,0.0,0.0,1.0,1.0,0.8,1.0,171.78,42.640734081034964,184.47831388888892,12.95331388888889,227.37404796992385,2.64,True
freight_dpd_30179_veh_cep_size_m_7_1,33126,63746,30620,15854,14766,1970-01-01 09:12:06,1970-01-01 17:42:26,1970-01-01 08:30:20,1970-01-01 04:24:14,1970-01-01 04:06:06,van,77,122.5304410878141,18.910915066604524,"defaultdict(<class 'int'>, {5: 55, 4: 21, 3: 1})",dpd,m,5,127.0,0.0,0.2125984251968504,0.7874015748031497,1.0,0.7696969696969697,1.0,171.78,45.581324084666846,194.52205555555557,22.99705555555556,240.3583796402224,1.6493506493506493,True
freight_hermes_31303_veh_cep_size_m_8_5,33133,63311,30178,10025,20153,1970-01-01 09:12:13,1970-01-01 17:35:11,1970-01-01 08:22:58,1970-01-01 02:47:05,1970-01-01 05:35:53,van,74,161.12269352465842,28.223314983016632,"defaultdict(<class 'int'>, {6: 2, 4: 61, 7: 10, 8: 1})",hermes,m,4,82.0,0.0,0.06097560975609756,0.9390243902439024,1.0,0.49696969696969695,1.0,171.78,59.93764199117293,191.7141277777778,20.18912777777778,251.9067697689507,1.1081081081081081,True
freight_amazon_30926_0_veh_cep_size_m_9_3,33135,63749,30614,19429,11185,1970-01-01 09:12:15,1970-01-01 17:42:29,1970-01-01 08:30:14,1970-01-01 05:23:49,1970-01-01 03:06:25,van,81,83.2766348202761,6.356971450617751,"defaultdict(<class 'int'>, {6: 2, 8: 1, 7: 7, 4: 71})",amazon,m,4,155.0,0.0,0.0,1.0,1.0,0.9393939393939394,1.0,171.78,30.978908153142708,194.4839388888889,22.95893888888889,225.7178470420316,1.9135802469135803,False
freight_dpd_30629_veh_cep_size_m_8_1,33156,60748,27592,15128,12464,1970-01-01 09:12:36,1970-01-01 16:52:28,1970-01-01 07:39:52,1970-01-01 04:12:08,1970-01-01 03:27:44,van,76,95.03090066569088,12.361699094589083,"defaultdict(<class 'int'>, {4: 75, 5: 1})",dpd,m,4,121.0,0.0,0.1652892561983471,0.8347107438016529,1.0,0.7333333333333333,1.0,171.78,35.35149504763701,175.28584444444445,3.760844444444445,210.89233949208145,1.5921052631578947,True
freight_ups_30175_veh_cep_size_m_8_1,33159,65000,31841,18036,13805,1970-01-01 09:12:39,1970-01-01 18:03:20,1970-01-01 08:50:41,1970-01-01 05:00:36,1970-01-01 03:50:05,van,65,80.70310566651628,11.839327936321961,"defaultdict(<class 'int'>, {4: 20, 1: 21, 2: 22, 5: 2})",ups,m,2,147.0,0.0,0.8299319727891157,0.17006802721088435,1.0,0.8909090909090909,1.0,171.78,30.021555307944055,202.27879722222224,30.753797222222225,232.5553525301663,2.2615384615384615,True
freight_amazon_30855_0_veh_cep_size_m_9_1,33184,62638,29454,18835,10619,1970-01-01 09:13:04,1970-01-01 17:23:58,1970-01-01 08:10:54,1970-01-01 05:13:55,1970-01-01 02:56:59,van,63,96.39774055515551,10.026330852010702,"defaultdict(<class 'int'>, {5: 57, 6: 6})",amazon,m,5,152.0,0.0,0.006578947368421052,0.993421052631579,1.0,0.9212121212121213,1.0,171.78,35.85995948651785,187.11471666666668,15.589716666666668,223.22967615318453,2.4126984126984126,False
freight_amazon_30159_veh_cep_size_l_9_1,33185,64174,30989,22749,8240,1970-01-01 09:13:05,1970-01-01 17:49:34,1970-01-01 08:36:29,1970-01-01 06:19:09,1970-01-01 02:17:20,van,49,56.15049907590563,15.046399088158683,"defaultdict(<class 'int'>, {1: 37, 2: 10, 5: 2})",amazon,l,1,186.0,0.0,0.043010752688172046,0.956989247311828,1.0,0.808695652173913,1.0,189.15,21.674092643299574,196.86623055555557,25.34123055555556,236.16532319885516,3.795918367346939,True
freight_gls_30853_veh_cep_size_m_7_1,33198,57012,23814,10267,13547,1970-01-01 09:13:18,1970-01-01 15:50:12,1970-01-01 06:36:54,1970-01-01 02:51:07,1970-01-01 03:45:47,van,69,99.49502668810557,21.356510660641053,"defaultdict(<class 'int'>, {6: 69})",gls,m,6,84.0,0.0,0.14285714285714285,0.8571428571428571,1.0,0.509090909090909,1.0,171.78,37.01214992797527,151.28505,0.0,208.7921499279753,1.2173913043478262,False
freight_dhl_31535_3_veh_cep_size_m_9_1,33225,62546,29321,13867,15454,1970-01-01 09:13:45,1970-01-01 17:22:26,1970-01-01 08:08:41,1970-01-01 03:51:07,1970-01-01 04:17:34,van,67,129.68110399097392,20.18122457492803,"defaultdict(<class 'int'>, {8: 67})",dhl,m,8,110.0,0.0,0.03636363636363636,0.9636363636363636,1.0,0.6666666666666666,1.0,171.78,48.2413706846423,186.26979722222225,14.744797222222223,234.76616790686452,1.6417910447761195,False
freight_amazon_30455_veh_cep_size_m_9_1,33227,61831,28604,16217,12387,1970-01-01 09:13:47,1970-01-01 17:10:31,1970-01-01 07:56:44,1970-01-01 04:30:17,1970-01-01 03:26:27,van,75,81.9618121836308,14.496481157252838,"defaultdict(<class 'int'>, {4: 74, 3: 1})",amazon,m,4,132.0,0.0,0.0,1.0,1.0,0.8,1.0,171.78,30.489794132310656,181.71485555555557,10.189855555555557,212.45964968786623,1.76,True
freight_gls_30982_veh_cep_size_m_8_1,33232,65725,32493,14709,17784,1970-01-01 09:13:52,1970-01-01 18:15:25,1970-01-01 09:01:33,1970-01-01 04:05:09,1970-01-01 04:56:24,van,102,116.03144339797551,9.85298501525449,"defaultdict(<class 'int'>, {8: 44, 7: 27, 6: 31})",gls,m,8,120.0,0.0,0.03333333333333333,0.9666666666666667,1.0,0.7272727272727273,1.0,171.78,43.16369694404689,206.42080833333335,34.895808333333335,249.83950527738023,1.1764705882352942,False
freight_dpd_30451_veh_cep_size_m_7_2,33235,58134,24899,12637,12262,1970-01-01 09:13:55,1970-01-01 16:08:54,1970-01-01 06:54:59,1970-01-01 03:30:37,1970-01-01 03:24:22,van,46,69.92524420511535,20.352244540429446,"defaultdict(<class 'int'>, {2: 38, 3: 5, 6: 3})",dpd,m,2,102.0,0.0,0.28431372549019607,0.7156862745098039,1.0,0.6181818181818182,1.0,171.78,26.01219084430291,158.1778138888889,0.0,197.79219084430292,2.217391304347826,True
freight_amazon_30855_1_veh_cep_size_m_9_9,33237,57974,24737,14220,10517,1970-01-01 09:13:57,1970-01-01 16:06:14,1970-01-01 06:52:17,1970-01-01 03:57:00,1970-01-01 02:55:17,van,45,95.3397153005648,16.250559666642914,"defaultdict(<class 'int'>, {6: 33, 4: 11, 5: 1})",amazon,m,6,114.0,0.0,0.0,1.0,1.0,0.6909090909090909,1.0,171.78,35.46637409181011,157.1486638888889,0.0,207.2463740918101,2.533333333333333,False
freight_amazon_30855_1_veh_cep_size_m_9_6,33237,63639,30402,17378,13024,1970-01-01 09:13:57,1970-01-01 17:40:39,1970-01-01 08:26:42,1970-01-01 04:49:38,1970-01-01 03:37:04,van,70,108.83658115769806,15.954204041722518,"defaultdict(<class 'int'>, {6: 8, 4: 62})",amazon,m,4,141.0,0.0,0.0,1.0,1.0,0.8545454545454545,1.0,171.78,40.48720819066368,193.13715000000002,21.612150000000003,233.87935819066368,2.0142857142857142,False
freight_dhl_30855_2_veh_cep_size_m_9_12,33255,35506,2251,481,1770,1970-01-01 09:14:15,1970-01-01 09:51:46,1970-01-01 00:37:31,1970-01-01 00:08:01,1970-01-01 00:29:30,van,1,16.996066598000176,8.401212388875594,"defaultdict(<class 'int'>, {6: 1})",dhl,m,6,4.0,0.0,0.0,1.0,1.0,0.024242424242424242,1.0,171.78,6.322536774456066,14.300102777777779,0.0,178.10253677445607,4.0,False
freight_amazon_31535_1_veh_cep_size_m_9_2,33256,62968,29712,12491,17221,1970-01-01 09:14:16,1970-01-01 17:29:28,1970-01-01 08:15:12,1970-01-01 03:28:11,1970-01-01 04:47:01,van,61,127.85870238668647,26.491133162600764,"defaultdict(<class 'int'>, {8: 60, 7: 1})",amazon,m,8,99.0,0.0,0.0,1.0,1.0,0.6,1.0,171.78,47.56343728784737,188.75373333333334,17.228733333333334,236.5721706211807,1.6229508196721312,False
freight_dpd_30457_veh_cep_size_m_7_1,33269,64872,31603,18086,13517,1970-01-01 09:14:29,1970-01-01 18:01:12,1970-01-01 08:46:43,1970-01-01 05:01:26,1970-01-01 03:45:17,van,84,116.18214246609688,22.238234586318566,"defaultdict(<class 'int'>, {4: 57, 3: 27})",dpd,m,4,145.0,0.0,0.25517241379310346,0.7448275862068966,1.0,0.8787878787878788,1.0,171.78,43.21975699738804,200.76683611111113,29.241836111111112,244.24159310849916,1.7261904761904763,True
freight_dhl_30982_1_veh_cep_size_l_8_4,33316,56874,23558,16184,7374,1970-01-01 09:15:16,1970-01-01 15:47:54,1970-01-01 06:32:38,1970-01-01 04:29:44,1970-01-01 02:02:54,van,51,37.57041991889256,2.324192200594141,"defaultdict(<class 'int'>, {6: 51})",dhl,l,6,147.0,0.0,0.10204081632653061,0.8979591836734694,1.0,0.6391304347826087,1.0,189.15,14.502182088692528,149.6587388888889,0.0,203.65218208869254,2.8823529411764706,False
freight_gls_30171_veh_cep_size_l_7_2,33338,60573,27235,17323,9912,1970-01-01 09:15:38,1970-01-01 16:49:33,1970-01-01 07:33:55,1970-01-01 04:48:43,1970-01-01 02:45:12,van,59,65.01584424006509,12.161314340703097,"defaultdict(<class 'int'>, {2: 59})",gls,l,2,140.0,0.0,0.11428571428571428,0.8857142857142857,1.0,0.6086956521739131,1.0,189.15,25.096115876665127,173.0179027777778,1.492902777777778,215.7390186544429,2.3728813559322033,True
freight_amazon_30823_veh_cep_size_l_9_4,33358,63183,29825,21414,8411,1970-01-01 09:15:58,1970-01-01 17:33:03,1970-01-01 08:17:05,1970-01-01 05:56:54,1970-01-01 02:20:11,van,81,65.66510528008895,2.809870478769501,"defaultdict(<class 'int'>, {4: 80, 6: 1})",amazon,l,4,173.0,0.0,0.0,1.0,1.0,0.7521739130434782,1.0,189.15,25.346730638114337,189.47159722222224,17.946597222222223,232.44332786033658,2.1358024691358026,False
freight_hermes_30455_veh_cep_size_m_9_3,33378,54248,20870,8177,12693,1970-01-01 09:16:18,1970-01-01 15:04:08,1970-01-01 05:47:50,1970-01-01 02:16:17,1970-01-01 03:31:33,van,51,82.30700646735632,15.54583842373746,"defaultdict(<class 'int'>, {4: 51})",hermes,m,4,66.0,0.0,0.015151515151515152,0.9848484848484849,1.0,0.4,1.0,171.78,30.61820640585655,132.58247222222224,0.0,202.39820640585654,1.2941176470588236,True
freight_fedex_30163_veh_cep_size_m_9_3,33401,55898,22497,13837,8660,1970-01-01 09:16:41,1970-01-01 15:31:38,1970-01-01 06:14:57,1970-01-01 03:50:37,1970-01-01 02:24:20,van,67,62.09993414653304,10.104478549234798,"defaultdict(<class 'int'>, {3: 15, 5: 1, 2: 51})",fedex,m,2,112.0,0.0,0.8214285714285714,0.17857142857142858,1.0,0.6787878787878788,1.0,171.78,23.10117550251029,142.91844166666667,0.0,194.8811755025103,1.671641791044776,True
freight_amazon_30890_0_veh_cep_size_l_9_1,33404,65516,32112,15149,16963,1970-01-01 09:16:44,1970-01-01 18:11:56,1970-01-01 08:55:12,1970-01-01 04:12:29,1970-01-01 04:42:43,van,67,146.34635533552057,21.236912231681305,"defaultdict(<class 'int'>, {8: 65, 6: 1, 4: 1})",amazon,l,8,120.0,0.0,0.0,1.0,1.0,0.5217391304347826,1.0,189.15,56.48969315951094,204.0004,32.4754,278.11509315951093,1.791044776119403,False
freight_amazon_30519_veh_cep_size_m_9_6,33404,64716,31312,16884,14428,1970-01-01 09:16:44,1970-01-01 17:58:36,1970-01-01 08:41:52,1970-01-01 04:41:24,1970-01-01 04:00:28,van,92,97.19994970955216,18.12869262568839,"defaultdict(<class 'int'>, {4: 33, 3: 58, 2: 1})",amazon,m,3,138.0,0.0,0.014492753623188406,0.9855072463768116,1.0,0.8363636363636363,1.0,171.78,36.158381291953404,198.9181777777778,27.39317777777778,235.3315590697312,1.5,True
freight_amazon_30519_veh_cep_size_m_9_5,33404,65046,31642,16942,14700,1970-01-01 09:16:44,1970-01-01 18:04:06,1970-01-01 08:47:22,1970-01-01 04:42:22,1970-01-01 04:05:00,van,57,107.99892043903276,18.64122081242782,"defaultdict(<class 'int'>, {3: 26, 4: 31})",amazon,m,4,136.0,0.0,0.0,1.0,1.0,0.8242424242424242,1.0,171.78,40.17559840332019,201.01459444444447,29.489594444444446,241.44519284776462,2.3859649122807016,True
freight_amazon_30519_veh_cep_size_m_9_4,33404,65036,31632,20476,11156,1970-01-01 09:16:44,1970-01-01 18:03:56,1970-01-01 08:47:12,1970-01-01 05:41:16,1970-01-01 03:05:56,van,52,80.15647024447692,18.697678093070408,"defaultdict(<class 'int'>, {4: 24, 3: 26, 5: 1, 2: 1})",amazon,m,3,164.0,0.0,0.006097560975609756,0.9939024390243902,1.0,0.9939393939393939,1.0,171.78,29.818206930945415,200.9510666666667,29.42606666666667,231.02427359761208,3.1538461538461537,True
freight_amazon_30519_veh_cep_size_m_9_3,33404,64194,30790,20047,10743,1970-01-01 09:16:44,1970-01-01 17:49:54,1970-01-01 08:33:10,1970-01-01 05:34:07,1970-01-01 02:59:03,van,54,76.81938748100956,18.61653333356393,"defaultdict(<class 'int'>, {3: 33, 5: 16, 4: 5})",amazon,m,3,162.0,0.0,0.024691358024691357,0.9753086419753086,1.0,0.9818181818181818,1.0,171.78,28.576812142935555,195.6020277777778,24.07702777777778,224.43383992071333,3.0,True
freight_ups_30826_veh_cep_size_l_8_2,33449,56104,22655,12462,10193,1970-01-01 09:17:29,1970-01-01 15:35:04,1970-01-01 06:17:35,1970-01-01 03:27:42,1970-01-01 02:49:53,van,30,108.92002637060808,16.262977947847876,"defaultdict(<class 'int'>, {7: 27, 6: 1, 8: 2})",ups,l,7,100.0,0.0,0.82,0.18,1.0,0.43478260869565216,1.0,189.15,42.04313017905472,143.92218055555557,0.0,231.19313017905472,3.3333333333333335,False
freight_amazon_30519_veh_cep_size_m_9_2,33404,65247,31843,20839,11004,1970-01-01 09:16:44,1970-01-01 18:07:27,1970-01-01 08:50:43,1970-01-01 05:47:19,1970-01-01 03:03:24,van,28,86.63343413979646,19.852469860058193,"defaultdict(<class 'int'>, {4: 5, 3: 20, 5: 3})",amazon,m,3,165.0,0.0,0.01818181818181818,0.9818181818181818,1.0,1.0,1.0,171.78,32.227637500004285,202.2915027777778,30.76650277777778,234.77414027778207,5.892857142857143,True
freight_amazon_30519_veh_cep_size_m_9_1,33404,64223,30819,16987,13832,1970-01-01 09:16:44,1970-01-01 17:50:23,1970-01-01 08:33:39,1970-01-01 04:43:07,1970-01-01 03:50:32,van,69,93.43424893187408,19.126888821598104,"defaultdict(<class 'int'>, {3: 4, 4: 8, 5: 57})",amazon,m,5,137.0,0.0,0.0,1.0,1.0,0.8303030303030303,1.0,171.78,34.75754060265716,195.78625833333336,24.261258333333334,230.79879893599048,1.9855072463768115,True
freight_amazon_30823_veh_cep_size_m_9_1,33427,63978,30551,20593,9958,1970-01-01 09:17:07,1970-01-01 17:46:18,1970-01-01 08:29:11,1970-01-01 05:43:13,1970-01-01 02:45:58,van,86,77.61980821969301,3.068688826536053,"defaultdict(<class 'int'>, {4: 6, 8: 74, 5: 2, 6: 4})",amazon,m,8,165.0,0.0,0.0,1.0,1.0,1.0,1.0,171.78,28.8745686577258,194.0837138888889,22.558713888888892,223.2132825466147,1.9186046511627908,False
freight_dpd_30826_veh_cep_size_m_9_3,33477,55632,22155,7139,15016,1970-01-01 09:17:57,1970-01-01 15:27:12,1970-01-01 06:09:15,1970-01-01 01:58:59,1970-01-01 04:10:16,van,59,144.53976695410836,30.43879719238916,"defaultdict(<class 'int'>, {7: 59})",dpd,m,7,59.0,0.0,0.0847457627118644,0.9152542372881356,1.0,0.3575757575757576,1.0,171.78,53.76879330692831,140.7457916666667,0.0,225.5487933069283,1.0,False
freight_amazon_31515_0_veh_cep_size_m_9_6,33438,58836,25398,15176,10222,1970-01-01 09:17:18,1970-01-01 16:20:36,1970-01-01 07:03:18,1970-01-01 04:12:56,1970-01-01 02:50:22,van,55,81.18450581892945,8.333037083412577,"defaultdict(<class 'int'>, {6: 55})",amazon,m,6,121.0,0.0,0.0,1.0,1.0,0.7333333333333333,1.0,171.78,30.200636164641757,161.34785000000002,0.0,201.98063616464177,2.2,False
freight_ups_30419_veh_cep_size_m_7_2,33484,66442,32958,19923,13035,1970-01-01 09:18:04,1970-01-01 18:27:22,1970-01-01 09:09:18,1970-01-01 05:32:03,1970-01-01 03:37:15,van,59,123.01082859773949,10.673990365459693,"defaultdict(<class 'int'>, {5: 41, 3: 18})",ups,m,5,161.0,0.0,0.7888198757763976,0.2111801242236025,1.0,0.9757575757575757,1.0,171.78,45.76002823835909,209.37485,37.84985,255.3898782383591,2.7288135593220337,True
freight_amazon_31515_0_veh_cep_size_m_9_5,33438,59220,25782,11400,14382,1970-01-01 09:17:18,1970-01-01 16:27:00,1970-01-01 07:09:42,1970-01-01 03:10:00,1970-01-01 03:59:42,van,52,99.026761612413,7.3398587178000785,"defaultdict(<class 'int'>, {6: 49, 7: 3})",amazon,m,6,92.0,0.0,0.0,1.0,1.0,0.5575757575757576,1.0,171.78,36.83795531981764,163.78731666666667,0.0,208.61795531981764,1.7692307692307692,False
freight_amazon_31515_0_veh_cep_size_m_9_3,33438,58693,25255,15032,10223,1970-01-01 09:17:18,1970-01-01 16:18:13,1970-01-01 07:00:55,1970-01-01 04:10:32,1970-01-01 02:50:23,van,50,77.6960112273167,11.082664828236581,"defaultdict(<class 'int'>, {6: 49, 7: 1})",amazon,m,6,117.0,0.0,0.0,1.0,1.0,0.7090909090909091,1.0,171.78,28.902916176561813,160.4394027777778,0.0,200.6829161765618,2.34,False
freight_amazon_30916_0_veh_cep_size_l_9_4,33441,68651,35210,17856,17354,1970-01-01 09:17:21,1970-01-01 19:04:11,1970-01-01 09:46:50,1970-01-01 04:57:36,1970-01-01 04:49:14,van,73,137.9879231750555,18.875423361284405,"defaultdict(<class 'int'>, {7: 11, 8: 28, 6: 34})",amazon,l,6,140.0,0.0,0.0,1.0,1.0,0.6086956521739131,1.0,189.15,53.26333834557143,223.68130555555558,52.15630555555556,294.569643901127,1.917808219178082,False
freight_amazon_30419_0_veh_cep_size_m_9_1,33462,63843,30381,19417,10964,1970-01-01 09:17:42,1970-01-01 17:44:03,1970-01-01 08:26:21,1970-01-01 05:23:37,1970-01-01 03:02:44,van,77,71.57333474847364,11.324061975866488,"defaultdict(<class 'int'>, {5: 74, 6: 2, 3: 1})",amazon,m,5,156.0,0.0,0.0,1.0,1.0,0.9454545454545454,1.0,171.78,26.625280526432196,193.00374166666668,21.478741666666668,219.88402219309887,2.0259740259740258,True
freight_ups_30657_veh_cep_size_l_9_2,33521,46422,12901,10353,2548,1970-01-01 09:18:41,1970-01-01 12:53:42,1970-01-01 03:35:01,1970-01-01 02:52:33,1970-01-01 00:42:28,van,5,20.569533846327193,8.74006941428953,"defaultdict(<class 'int'>, {4: 5})",ups,l,4,127.0,0.0,0.7716535433070866,0.2283464566929134,1.0,0.5521739130434783,1.0,189.15,7.939840064682297,81.95718611111111,0.0,197.0898400646823,25.4,True
freight_hermes_30519_veh_cep_size_m_9_5,33524,37736,4212,242,3970,1970-01-01 09:18:44,1970-01-01 10:28:56,1970-01-01 01:10:12,1970-01-01 00:04:02,1970-01-01 01:06:10,van,2,34.868437274497374,17.17186340007838,"defaultdict(<class 'int'>, {4: 2})",hermes,m,4,2.0,0.0,0.0,1.0,1.0,0.012121212121212121,1.0,171.78,12.971058666113024,26.757900000000003,0.0,184.751058666113,1.0,True
freight_amazon_30900_0_veh_cep_size_m_9_5,33472,59932,26460,14365,12095,1970-01-01 09:17:52,1970-01-01 16:38:52,1970-01-01 07:21:00,1970-01-01 03:59:25,1970-01-01 03:21:35,van,69,121.3131902622939,12.888647295243182,"defaultdict(<class 'int'>, {8: 57, 7: 2, 6: 10})",amazon,m,8,114.0,0.0,0.0,1.0,1.0,0.6909090909090909,1.0,171.78,45.12850677757333,168.0945,0.0,216.90850677757334,1.6521739130434783,False
freight_amazon_30900_0_veh_cep_size_m_9_4,33472,63758,30286,13040,17246,1970-01-01 09:17:52,1970-01-01 17:42:38,1970-01-01 08:24:46,1970-01-01 03:37:20,1970-01-01 04:47:26,van,97,140.97778070655752,17.689130717005785,"defaultdict(<class 'int'>, {6: 5, 7: 92})",amazon,m,7,107.0,0.0,0.009345794392523364,0.9906542056074766,1.0,0.6484848484848484,1.0,171.78,52.4437344228394,192.4002277777778,20.87522777777778,245.0989622006172,1.1030927835051547,False
freight_amazon_31832_0_veh_cep_size_m_9_4,33473,63361,29888,14588,15300,1970-01-01 09:17:53,1970-01-01 17:36:01,1970-01-01 08:18:08,1970-01-01 04:03:08,1970-01-01 04:15:00,van,95,136.4773037519307,29.17392839544945,"defaultdict(<class 'int'>, {7: 32, 6: 63})",amazon,m,6,119.0,0.0,0.0,1.0,1.0,0.7212121212121212,1.0,171.78,50.76955699571822,189.87182222222225,18.346822222222222,240.89637921794042,1.2526315789473683,False
freight_amazon_31832_0_veh_cep_size_m_9_3,33473,68101,34628,15918,18710,1970-01-01 09:17:53,1970-01-01 18:55:01,1970-01-01 09:37:08,1970-01-01 04:25:18,1970-01-01 05:11:50,van,74,167.12331258967356,33.91898432261361,"defaultdict(<class 'int'>, {6: 73, 7: 1})",amazon,m,6,127.0,0.0,0.007874015748031496,0.9921259842519685,1.0,0.7696969696969697,1.0,171.78,62.169872283358565,219.98398888888892,48.458988888888896,282.40886117224744,1.7162162162162162,False
freight_dpd_30657_veh_cep_size_l_8_1,33561,56006,22445,10207,12238,1970-01-01 09:19:21,1970-01-01 15:33:26,1970-01-01 06:14:05,1970-01-01 02:50:07,1970-01-01 03:23:58,van,54,100.21521697221893,16.733750869662085,"defaultdict(<class 'int'>, {8: 27, 4: 27})",dpd,l,8,81.0,0.0,0.24691358024691357,0.7530864197530864,1.0,0.3521739130434783,1.0,189.15,38.68307375127651,142.58809722222225,0.0,227.83307375127652,1.5,True
freight_amazon_31832_0_veh_cep_size_m_9_2,33473,63370,29897,15668,14229,1970-01-01 09:17:53,1970-01-01 17:36:10,1970-01-01 08:18:17,1970-01-01 04:21:08,1970-01-01 03:57:09,van,54,130.35640371234172,32.20245784578682,"defaultdict(<class 'int'>, {8: 15, 6: 39})",amazon,m,6,124.0,0.0,0.0,1.0,1.0,0.7515151515151515,1.0,171.78,48.49258218099112,189.92899722222225,18.403997222222223,238.67657940321334,2.2962962962962963,False
freight_amazon_31832_0_veh_cep_size_m_9_1,33473,62687,29214,12747,16467,1970-01-01 09:17:53,1970-01-01 17:24:47,1970-01-01 08:06:54,1970-01-01 03:32:27,1970-01-01 04:34:27,van,65,152.28731401551062,34.89232313264556,"defaultdict(<class 'int'>, {6: 35, 7: 30})",amazon,m,6,102.0,0.0,0.0,1.0,1.0,0.6181818181818182,1.0,171.78,56.65088081376995,185.59005000000002,14.065050000000001,242.49593081376997,1.5692307692307692,False
freight_amazon_30559_veh_cep_size_m_9_6,33509,68461,34952,18429,16523,1970-01-01 09:18:29,1970-01-01 19:01:01,1970-01-01 09:42:32,1970-01-01 05:07:09,1970-01-01 04:35:23,van,88,115.22007907019945,20.61713474027886,"defaultdict(<class 'int'>, {4: 81, 6: 7})",amazon,m,4,150.0,0.0,0.0,1.0,1.0,0.9090909090909091,1.0,171.78,42.861869414114196,222.04228888888892,50.51728888888889,265.1591583030031,1.7045454545454546,True
freight_amazon_30559_veh_cep_size_m_9_5,33509,70449,36940,16488,20452,1970-01-01 09:18:29,1970-01-01 19:34:09,1970-01-01 10:15:40,1970-01-01 04:34:48,1970-01-01 05:40:52,van,87,125.32628054118021,21.194422718502487,"defaultdict(<class 'int'>, {4: 60, 6: 27})",amazon,m,4,134.0,0.0,0.0,1.0,1.0,0.8121212121212121,1.0,171.78,46.62137636131904,234.67161111111113,63.14661111111112,281.5479874724301,1.5402298850574712,True
freight_amazon_30559_veh_cep_size_m_9_2,33509,66061,32552,20611,11941,1970-01-01 09:18:29,1970-01-01 18:21:01,1970-01-01 09:02:32,1970-01-01 05:43:31,1970-01-01 03:19:01,van,31,88.82400443936174,20.93669455297272,"defaultdict(<class 'int'>, {4: 13, 6: 18})",amazon,m,6,163.0,0.0,0.0,1.0,1.0,0.9878787878787879,1.0,171.78,33.04252965144257,206.79562222222225,35.27062222222222,240.0931518736648,5.258064516129032,True
freight_amazon_30559_veh_cep_size_m_9_1,33509,66550,33041,18913,14128,1970-01-01 09:18:29,1970-01-01 18:29:10,1970-01-01 09:10:41,1970-01-01 05:15:13,1970-01-01 03:55:28,van,63,94.90173609667774,24.975723933966627,"defaultdict(<class 'int'>, {6: 24, 5: 39})",amazon,m,5,151.0,0.0,0.026490066225165563,0.9735099337748344,1.0,0.9151515151515152,1.0,171.78,35.30344582796412,209.90213055555557,38.37713055555556,245.46057638351968,2.3968253968253967,True
freight_amazon_30853_veh_cep_size_m_9_1,33578,65726,32148,20353,11795,1970-01-01 09:19:38,1970-01-01 18:15:26,1970-01-01 08:55:48,1970-01-01 05:39:13,1970-01-01 03:16:35,van,81,101.51686369281951,13.692468300447981,"defaultdict(<class 'int'>, {6: 81})",amazon,m,6,164.0,0.0,0.006097560975609756,0.9939024390243902,1.0,0.9939393939393939,1.0,171.78,37.764273293728856,204.22910000000002,32.704100000000004,242.24837329372886,2.0246913580246915,False
freight_amazon_30916_0_veh_cep_size_m_9_1,33657,62629,28972,16531,12441,1970-01-01 09:20:57,1970-01-01 17:23:49,1970-01-01 08:02:52,1970-01-01 04:35:31,1970-01-01 03:27:21,van,62,107.20249158709602,21.055988157984807,"defaultdict(<class 'int'>, {6: 31, 7: 27, 8: 4})",amazon,m,6,131.0,0.0,0.0,1.0,1.0,0.793939393939394,1.0,171.78,39.879326870399716,184.0526777777778,12.527677777777779,224.1870046481775,2.1129032258064515,False
freight_amazon_31535_1_veh_cep_size_l_9_6,33661,68495,34834,15541,19293,1970-01-01 09:21:01,1970-01-01 19:01:35,1970-01-01 09:40:34,1970-01-01 04:19:01,1970-01-01 05:21:33,van,69,158.67435989507536,13.337901753386722,"defaultdict(<class 'int'>, {6: 23, 7: 46})",amazon,l,7,123.0,0.0,0.0,1.0,1.0,0.5347826086956522,1.0,189.15,61.24830291949909,221.29266111111113,49.76766111111112,300.1659640306102,1.7826086956521738,False
freight_fedex_30853_veh_cep_size_m_9_3,33722,49634,15912,10762,5150,1970-01-01 09:22:02,1970-01-01 13:47:14,1970-01-01 04:25:12,1970-01-01 02:59:22,1970-01-01 01:25:50,van,34,38.95516084982967,1.282066089155437,"defaultdict(<class 'int'>, {5: 1, 6: 33})",fedex,m,6,86.0,0.0,0.8372093023255814,0.16279069767441862,1.0,0.5212121212121212,1.0,171.78,14.491319836136636,101.0854,0.0,186.27131983613663,2.5294117647058822,False
freight_dhl_30559_1_veh_cep_size_l_9_5,33731,61634,27903,22193,5710,1970-01-01 09:22:11,1970-01-01 17:07:14,1970-01-01 07:45:03,1970-01-01 06:09:53,1970-01-01 01:35:10,van,44,38.31422640238465,4.656223932862838,"defaultdict(<class 'int'>, {5: 17, 6: 27})",dhl,l,6,177.0,0.0,0.07909604519774012,0.9209039548022598,1.0,0.7695652173913043,1.0,189.15,14.789291391320475,177.26155833333334,5.736558333333334,209.6758497246538,4.0227272727272725,True
freight_dhl_30455_veh_cep_size_m_9_8,33750,40131,6381,3214,3167,1970-01-01 09:22:30,1970-01-01 11:08:51,1970-01-01 01:46:21,1970-01-01 00:53:34,1970-01-01 00:52:47,van,16,19.615347462402568,4.55273201548536,"defaultdict(<class 'int'>, {4: 16})",dhl,m,4,26.0,0.0,0.23076923076923078,0.7692307692307693,1.0,0.15757575757575756,1.0,171.78,7.296909256013755,40.537075,0.0,179.07690925601375,1.625,True
freight_ups_30855_0_veh_cep_size_l_9_2,33784,67387,33603,28475,5128,1970-01-01 09:23:04,1970-01-01 18:43:07,1970-01-01 09:20:03,1970-01-01 07:54:35,1970-01-01 01:25:28,van,27,41.64054404489281,8.55352877673164,"defaultdict(<class 'int'>, {4: 13, 5: 9, 6: 5})",ups,l,4,230.0,0.0,0.7652173913043478,0.23478260869565218,1.0,1.0,1.0,189.15,16.073250001328628,213.47239166666668,41.94739166666667,247.1706416679953,8.518518518518519,False
freight_gls_30823_veh_cep_size_m_9_3,33790,55523,21733,7753,13980,1970-01-01 09:23:10,1970-01-01 15:25:23,1970-01-01 06:02:13,1970-01-01 02:09:13,1970-01-01 03:53:00,van,61,103.327192171815,24.033291073660116,"defaultdict(<class 'int'>, {8: 43, 4: 18})",gls,m,8,64.0,0.0,0.09375,0.90625,1.0,0.3878787878787879,1.0,171.78,38.43771548791518,138.06491944444446,0.0,210.21771548791517,1.0491803278688525,False
freight_amazon_31535_1_veh_cep_size_m_9_1,33806,61630,27824,10238,17586,1970-01-01 09:23:26,1970-01-01 17:07:10,1970-01-01 07:43:44,1970-01-01 02:50:38,1970-01-01 04:53:06,van,67,159.42495583073085,29.78988465089717,"defaultdict(<class 'int'>, {8: 67})",amazon,m,8,83.0,0.0,0.012048192771084338,0.9879518072289156,1.0,0.503030303030303,1.0,171.78,59.30608356903188,176.75968888888892,5.234688888888889,236.32077245792075,1.2388059701492538,False
freight_amazon_31832_1_veh_cep_size_m_9_4,33825,62340,28515,13896,14619,1970-01-01 09:23:45,1970-01-01 17:19:00,1970-01-01 07:55:15,1970-01-01 03:51:36,1970-01-01 04:03:39,van,72,126.67237912492604,28.126099059084392,"defaultdict(<class 'int'>, {7: 72})",amazon,m,7,112.0,0.0,0.0,1.0,1.0,0.6787878787878788,1.0,171.78,47.12212503447249,181.14945833333334,9.624458333333335,228.5265833678058,1.5555555555555556,False
freight_amazon_30853_veh_cep_size_l_9_2,33887,61741,27854,21733,6121,1970-01-01 09:24:47,1970-01-01 17:09:01,1970-01-01 07:44:14,1970-01-01 06:02:13,1970-01-01 01:42:01,van,35,58.15900772865094,14.24791267513433,"defaultdict(<class 'int'>, {6: 35})",amazon,l,6,173.0,0.0,0.005780346820809248,0.9942196531791907,1.0,0.7521739130434782,1.0,189.15,22.449376983259263,176.95027222222222,5.4252722222222225,217.0246492054815,4.942857142857143,False
freight_dpd_30459_veh_cep_size_l_8_2,33917,68061,34144,14404,19740,1970-01-01 09:25:17,1970-01-01 18:54:21,1970-01-01 09:29:04,1970-01-01 04:00:04,1970-01-01 05:29:00,van,82,135.82032161184915,20.637906474608336,"defaultdict(<class 'int'>, {3: 38, 4: 44})",dpd,l,4,116.0,0.0,0.13793103448275862,0.8620689655172413,1.0,0.5043478260869565,1.0,189.15,52.42664414217377,216.90924444444445,45.38424444444445,286.96088858661824,1.4146341463414633,True
freight_dpd_30851_veh_cep_size_m_7_2,33930,60269,26339,12475,13864,1970-01-01 09:25:30,1970-01-01 16:44:29,1970-01-01 07:18:59,1970-01-01 03:27:55,1970-01-01 03:51:04,van,62,119.2453184790052,20.124088434237866,"defaultdict(<class 'int'>, {6: 62})",dpd,m,6,100.0,0.0,0.18,0.82,1.0,0.6060606060606061,1.0,171.78,44.359258474189936,167.32581388888892,0.0,216.13925847418994,1.6129032258064515,False
freight_gls_31832_veh_cep_size_m_7_1,33941,60900,26959,10591,16368,1970-01-01 09:25:41,1970-01-01 16:55:00,1970-01-01 07:29:19,1970-01-01 02:56:31,1970-01-01 04:32:48,van,68,135.46209585652167,21.59676250038153,"defaultdict(<class 'int'>, {7: 17, 6: 51})",gls,m,6,86.0,0.0,0.023255813953488372,0.9767441860465116,1.0,0.5212121212121212,1.0,171.78,50.39189965862606,171.26453611111114,0.0,222.17189965862605,1.2647058823529411,False
freight_fedex_30167_veh_cep_size_m_8_3,33946,59152,25206,15274,9932,1970-01-01 09:25:46,1970-01-01 16:25:52,1970-01-01 07:00:06,1970-01-01 04:14:34,1970-01-01 02:45:32,van,44,74.71484534292509,13.916741656499445,"defaultdict(<class 'int'>, {3: 44})",fedex,m,3,123.0,0.0,0.8780487804878049,0.12195121951219512,1.0,0.7454545454545455,1.0,171.78,27.793922467568134,160.12811666666667,0.0,199.57392246756814,2.7954545454545454,True
freight_amazon_30916_1_veh_cep_size_m_9_3,33963,63892,29929,16166,13763,1970-01-01 09:26:03,1970-01-01 17:44:52,1970-01-01 08:18:49,1970-01-01 04:29:26,1970-01-01 03:49:23,van,61,101.31476965041858,22.39288539867122,"defaultdict(<class 'int'>, {6: 55, 8: 6})",amazon,m,6,129.0,0.0,0.0,1.0,1.0,0.7818181818181819,1.0,171.78,37.68909430995571,190.13228611111114,18.60728611111111,228.07638042106683,2.1147540983606556,False
freight_amazon_30916_1_veh_cep_size_m_9_2,33963,70083,36120,16037,20083,1970-01-01 09:26:03,1970-01-01 19:28:03,1970-01-01 10:02:00,1970-01-01 04:27:17,1970-01-01 05:34:43,van,63,167.4197902956125,26.170343651622424,"defaultdict(<class 'int'>, {8: 57, 6: 6})",amazon,m,8,126.0,0.0,0.0,1.0,1.0,0.7636363636363637,1.0,171.78,62.28016198996785,229.46233333333336,57.93733333333334,291.9974953233012,2.0,False
freight_amazon_30559_veh_cep_size_m_9_7,34019,54423,20404,9534,10870,1970-01-01 09:26:59,1970-01-01 15:07:03,1970-01-01 05:40:04,1970-01-01 02:38:54,1970-01-01 03:01:10,van,46,69.6253517585946,20.063017289385876,"defaultdict(<class 'int'>, {4: 46})",amazon,m,4,77.0,0.0,0.0,1.0,1.0,0.4666666666666667,1.0,171.78,25.900630854197193,129.6220777777778,0.0,197.6806308541972,1.673913043478261,True
freight_amazon_30455_veh_cep_size_m_9_4,34138,61559,27421,16556,10865,1970-01-01 09:28:58,1970-01-01 17:05:59,1970-01-01 07:37:01,1970-01-01 04:35:56,1970-01-01 03:01:05,van,60,75.2043771808186,12.174431840273048,"defaultdict(<class 'int'>, {4: 60})",amazon,m,4,133.0,0.0,0.007518796992481203,0.9924812030075187,1.0,0.806060606060606,1.0,171.78,27.976028311264518,174.19951944444446,2.674519444444445,202.43054775570897,2.216666666666667,True
freight_ups_30855_1_veh_cep_size_m_9_7,34145,45992,11847,8118,3729,1970-01-01 09:29:05,1970-01-01 12:46:32,1970-01-01 03:17:27,1970-01-01 02:15:18,1970-01-01 01:02:09,van,11,25.241653142996164,3.2853719593802952,"defaultdict(<class 'int'>, {6: 11})",ups,m,6,65.0,0.0,0.9076923076923077,0.09230769230769231,1.0,0.3939393939393939,1.0,171.78,9.389894969194573,75.26135833333333,0.0,181.1698949691946,5.909090909090909,False
freight_fedex_30657_veh_cep_size_l_8_2,34150,57719,23569,16853,6716,1970-01-01 09:29:10,1970-01-01 16:01:59,1970-01-01 06:32:49,1970-01-01 04:40:53,1970-01-01 01:51:56,van,20,53.05142891311289,10.466207867576454,"defaultdict(<class 'int'>, {4: 14, 8: 5, 7: 1})",fedex,l,4,199.0,0.0,0.8291457286432161,0.1708542713567839,1.0,0.8652173913043478,1.0,189.15,20.477851560461577,149.72861944444446,0.0,209.62785156046158,9.95,True
freight_ups_30966_veh_cep_size_m_7_2,34160,63973,29813,13838,15975,1970-01-01 09:29:20,1970-01-01 17:46:13,1970-01-01 08:16:53,1970-01-01 03:50:38,1970-01-01 04:26:15,van,53,103.54432989755797,18.43226742325531,"defaultdict(<class 'int'>, {4: 44, 8: 1, 6: 8})",ups,m,4,112.0,0.0,0.8125,0.1875,1.0,0.6787878787878788,1.0,171.78,38.51849072189157,189.3953638888889,17.87036388888889,228.16885461078044,2.1132075471698113,False
freight_amazon_31535_1_veh_cep_size_m_9_5,34160,69341,35181,14594,20587,1970-01-01 09:29:20,1970-01-01 19:15:41,1970-01-01 09:46:21,1970-01-01 04:03:14,1970-01-01 05:43:07,van,86,165.55278871929883,15.67016030809056,"defaultdict(<class 'int'>, {7: 72, 6: 13, 8: 1})",amazon,m,7,117.0,0.0,0.008547008547008548,0.9914529914529915,1.0,0.7090909090909091,1.0,171.78,61.58563740357916,223.49707500000002,51.972075000000004,285.3377124035792,1.3604651162790697,False
freight_dpd_30657_veh_cep_size_l_9_3,34189,60562,26373,15041,11332,1970-01-01 09:29:49,1970-01-01 16:49:22,1970-01-01 07:19:33,1970-01-01 04:10:41,1970-01-01 03:08:52,van,37,94.07688409577402,16.343133506105907,"defaultdict(<class 'int'>, {4: 28, 8: 8, 2: 1})",dpd,l,4,121.0,0.0,0.4049586776859504,0.5950413223140496,1.0,0.5260869565217391,1.0,189.15,36.313677260968774,167.54180833333334,0.0,225.46367726096878,3.27027027027027,True
freight_amazon_30419_0_veh_cep_size_l_9_3,34194,63063,28869,22385,6484,1970-01-01 09:29:54,1970-01-01 17:31:03,1970-01-01 08:01:09,1970-01-01 06:13:05,1970-01-01 01:48:04,van,40,49.74439821301209,9.826779112074082,"defaultdict(<class 'int'>, {5: 19, 3: 21})",amazon,l,3,178.0,0.0,0.0,1.0,1.0,0.7739130434782608,1.0,189.15,19.201337710222667,183.39834166666668,11.873341666666668,220.22467937688936,4.45,True
freight_ups_30855_0_veh_cep_size_m_10_6,34235,54055,19820,12833,6987,1970-01-01 09:30:35,1970-01-01 15:00:55,1970-01-01 05:30:20,1970-01-01 03:33:53,1970-01-01 01:56:27,van,39,50.01153857077235,4.4234205719950195,"defaultdict(<class 'int'>, {5: 39})",ups,m,5,103.0,0.0,0.7281553398058253,0.27184466019417475,1.0,0.6242424242424243,1.0,171.78,18.604292348327316,125.91205555555557,0.0,190.3842923483273,2.641025641025641,False
freight_dhl_30916_2_veh_cep_size_m_9_6,34264,56914,22650,15854,6796,1970-01-01 09:31:04,1970-01-01 15:48:34,1970-01-01 06:17:30,1970-01-01 04:24:14,1970-01-01 01:53:16,van,36,53.52356187632731,12.442782654870355,"defaultdict(<class 'int'>, {6: 36})",dhl,m,6,127.0,0.0,0.07086614173228346,0.9291338582677166,1.0,0.7696969696969697,1.0,171.78,19.910765017993757,143.89041666666668,0.0,191.69076501799375,3.5277777777777777,False
freight_dhl_30916_2_veh_cep_size_m_9_4,34264,57935,23671,13486,10185,1970-01-01 09:31:04,1970-01-01 16:05:35,1970-01-01 06:34:31,1970-01-01 03:44:46,1970-01-01 02:49:45,van,39,64.50475246035671,13.011621765647442,"defaultdict(<class 'int'>, {6: 39})",dhl,m,6,108.0,0.0,0.2222222222222222,0.7777777777777778,1.0,0.6545454545454545,1.0,171.78,23.995767915252696,150.3766027777778,0.0,195.7757679152527,2.769230769230769,False
freight_gls_30449_veh_cep_size_m_7_1,34265,69106,34841,18899,15942,1970-01-01 09:31:05,1970-01-01 19:11:46,1970-01-01 09:40:41,1970-01-01 05:14:59,1970-01-01 04:25:42,van,95,92.61911263779271,14.663661800379105,"defaultdict(<class 'int'>, {3: 95})",gls,m,3,154.0,0.0,0.11688311688311688,0.8831168831168831,1.0,0.9333333333333333,1.0,171.78,34.45430990125889,221.33713055555558,49.81213055555556,256.0464404568144,1.6210526315789473,True
freight_amazon_30890_0_veh_cep_size_m_9_4,34299,64165,29866,14341,15525,1970-01-01 09:31:39,1970-01-01 17:49:25,1970-01-01 08:17:46,1970-01-01 03:59:01,1970-01-01 04:18:45,van,68,108.34341469037034,18.007865813365346,"defaultdict(<class 'int'>, {5: 1, 4: 35, 6: 11, 8: 21})",amazon,m,4,114.0,0.0,0.0,1.0,1.0,0.6909090909090909,1.0,171.78,40.303750264817765,189.73206111111114,18.207061111111113,230.29081137592885,1.6764705882352942,False
freight_amazon_30890_0_veh_cep_size_m_9_3,34299,63129,28830,16673,12157,1970-01-01 09:31:39,1970-01-01 17:32:09,1970-01-01 08:00:30,1970-01-01 04:37:53,1970-01-01 03:22:37,van,59,95.62214494486237,19.25285945824189,"defaultdict(<class 'int'>, {4: 22, 6: 12, 8: 25})",amazon,m,8,132.0,0.0,0.0,1.0,1.0,0.8,1.0,171.78,35.5714379194888,183.15058333333334,11.625583333333335,218.97702125282214,2.23728813559322,False
freight_fedex_30167_veh_cep_size_m_8_2,34312,57012,22700,15787,6913,1970-01-01 09:31:52,1970-01-01 15:50:12,1970-01-01 06:18:20,1970-01-01 04:23:07,1970-01-01 01:55:13,van,23,50.95887652595136,12.763572415708092,"defaultdict(<class 'int'>, {3: 22, 1: 1})",fedex,m,3,135.0,0.0,0.837037037037037,0.16296296296296298,1.0,0.8181818181818182,1.0,171.78,18.956702067653907,144.20805555555557,0.0,190.7367020676539,5.869565217391305,True
freight_amazon_30974_veh_cep_size_m_9_2,34300,66892,32592,18021,14571,1970-01-01 09:31:40,1970-01-01 18:34:52,1970-01-01 09:03:12,1970-01-01 05:00:21,1970-01-01 04:02:51,van,91,129.8083029150939,22.321913497538137,"defaultdict(<class 'int'>, {7: 53, 8: 38})",amazon,m,7,144.0,0.0,0.006944444444444444,0.9930555555555556,1.0,0.8727272727272727,1.0,171.78,48.28868868441493,207.04973333333336,35.52473333333334,255.59342201774825,1.5824175824175823,False
freight_amazon_30657_veh_cep_size_m_9_1,34319,66764,32445,18958,13487,1970-01-01 09:31:59,1970-01-01 18:32:44,1970-01-01 09:00:45,1970-01-01 05:15:58,1970-01-01 03:44:47,van,60,112.92951048978198,17.430495523426774,"defaultdict(<class 'int'>, {4: 13, 8: 47})",amazon,m,8,150.0,0.0,0.0,1.0,1.0,0.9090909090909091,1.0,171.78,42.00977790219889,206.11587500000002,34.590875000000004,248.3806529021989,2.5,True
freight_amazon_30966_veh_cep_size_m_9_4,34331,66214,31883,18434,13449,1970-01-01 09:32:11,1970-01-01 18:23:34,1970-01-01 08:51:23,1970-01-01 05:07:14,1970-01-01 03:44:09,van,77,96.54057450465493,20.326885467064564,"defaultdict(<class 'int'>, {6: 13, 4: 64})",amazon,m,4,148.0,0.0,0.0,1.0,1.0,0.896969696969697,1.0,171.78,35.913093715731634,202.5456138888889,31.020613888888892,238.71370760462054,1.922077922077922,False
freight_gls_30659_veh_cep_size_l_9_1,34340,59973,25633,11292,14341,1970-01-01 09:32:20,1970-01-01 16:39:33,1970-01-01 07:07:13,1970-01-01 03:08:12,1970-01-01 03:59:01,van,66,126.3751899906717,20.409468379730633,"defaultdict(<class 'int'>, {5: 20, 4: 46})",gls,l,4,91.0,0.0,0.0989010989010989,0.9010989010989011,1.0,0.39565217391304347,1.0,189.15,48.78082333639928,162.8407527777778,0.0,237.93082333639927,1.378787878787879,True
freight_dpd_30982_veh_cep_size_l_7_2,34355,68159,33804,15154,18650,1970-01-01 09:32:35,1970-01-01 18:55:59,1970-01-01 09:23:24,1970-01-01 04:12:34,1970-01-01 05:10:50,van,90,131.98107984667334,20.73248648791487,"defaultdict(<class 'int'>, {8: 13, 6: 77})",dpd,l,6,121.0,0.0,0.10743801652892562,0.8925619834710744,1.0,0.5260869565217391,1.0,189.15,50.94469682081591,214.74930000000003,43.22430000000001,283.3189968208159,1.3444444444444446,False
freight_amazon_31311_veh_cep_size_m_9_7,34362,61976,27614,12030,15584,1970-01-01 09:32:42,1970-01-01 17:12:56,1970-01-01 07:40:14,1970-01-01 03:20:30,1970-01-01 04:19:44,van,56,161.2187990878248,41.9697345887348,"defaultdict(<class 'int'>, {7: 46, 8: 10})",amazon,m,7,96.0,0.0,0.0,1.0,1.0,0.5818181818181818,1.0,171.78,59.973393260670825,175.42560555555556,3.900605555555556,235.6539988162264,1.7142857142857142,False
freight_dpd_30982_veh_cep_size_m_8_1,34365,64407,30042,14378,15664,1970-01-01 09:32:45,1970-01-01 17:53:27,1970-01-01 08:20:42,1970-01-01 03:59:38,1970-01-01 04:21:04,van,92,135.39629871792496,20.55959639575777,"defaultdict(<class 'int'>, {8: 44, 7: 29, 6: 19})",dpd,m,8,116.0,0.0,0.11206896551724138,0.8879310344827587,1.0,0.703030303030303,1.0,171.78,50.367423123068086,190.85015,19.32515,241.4725731230681,1.2608695652173914,False
freight_amazon_30974_veh_cep_size_m_9_4,34387,63601,29214,13416,15798,1970-01-01 09:33:07,1970-01-01 17:40:01,1970-01-01 08:06:54,1970-01-01 03:43:36,1970-01-01 04:23:18,van,85,113.06065470831727,20.357531836364675,"defaultdict(<class 'int'>, {7: 78, 8: 7})",amazon,m,7,109.0,0.0,0.0,1.0,1.0,0.6606060606060606,1.0,171.78,42.058563551494025,185.59005000000002,14.065050000000001,227.90361355149403,1.2823529411764707,False
freight_amazon_30974_veh_cep_size_m_9_3,34403,65410,31007,19004,12003,1970-01-01 09:33:23,1970-01-01 18:10:10,1970-01-01 08:36:47,1970-01-01 05:16:44,1970-01-01 03:20:03,van,49,100.68957545896767,19.024826365528938,"defaultdict(<class 'int'>, {8: 17, 7: 32})",amazon,m,7,150.0,0.0,0.0,1.0,1.0,0.9090909090909091,1.0,171.78,37.45652207073597,196.98058055555558,25.455580555555557,234.69210262629156,3.061224489795918,False
freight_fedex_30853_veh_cep_size_l_8_2,34432,63095,28663,20953,7710,1970-01-01 09:33:52,1970-01-01 17:31:35,1970-01-01 07:57:43,1970-01-01 05:49:13,1970-01-01 02:08:30,van,53,56.35783060433726,6.612308133018294,"defaultdict(<class 'int'>, {6: 53})",fedex,l,6,169.0,0.0,0.8579881656804734,0.14201183431952663,1.0,0.7347826086956522,1.0,189.15,21.754122613274184,182.08966944444447,10.564669444444446,221.46879205771862,3.188679245283019,False
freight_amazon_31535_0_veh_cep_size_m_10_2,34433,61569,27136,12206,14930,1970-01-01 09:33:53,1970-01-01 17:06:09,1970-01-01 07:32:16,1970-01-01 03:23:26,1970-01-01 04:08:50,van,55,123.86379667434963,24.819301167074148,"defaultdict(<class 'int'>, {7: 39, 6: 16})",amazon,m,7,97.0,0.0,0.0,1.0,1.0,0.5878787878787879,1.0,171.78,46.07733236285806,172.3889777777778,0.8639777777777778,218.72131014063586,1.7636363636363637,False
freight_gls_30982_veh_cep_size_m_8_2,34453,56208,21755,11441,10314,1970-01-01 09:34:13,1970-01-01 15:36:48,1970-01-01 06:02:35,1970-01-01 03:10:41,1970-01-01 02:51:54,van,65,60.46042622781468,3.6073251434359235,"defaultdict(<class 'int'>, {8: 11, 6: 54})",gls,m,6,90.0,0.0,0.044444444444444446,0.9555555555555556,1.0,0.5454545454545454,1.0,171.78,22.491278556747062,138.20468055555557,0.0,194.27127855674706,1.3846153846153846,False
freight_ups_30627_veh_cep_size_l_9_3,34484,58852,24368,12250,12118,1970-01-01 09:34:44,1970-01-01 16:20:52,1970-01-01 06:46:08,1970-01-01 03:24:10,1970-01-01 03:21:58,van,35,96.11434718434616,14.274462676576915,"defaultdict(<class 'int'>, {4: 35})",ups,l,4,98.0,0.0,0.826530612244898,0.17346938775510204,1.0,0.4260869565217391,1.0,189.15,37.10013801315762,154.8044888888889,0.0,226.25013801315762,2.8,True
freight_amazon_30890_0_veh_cep_size_l_9_2,34491,62916,28425,17562,10863,1970-01-01 09:34:51,1970-01-01 17:28:36,1970-01-01 07:53:45,1970-01-01 04:52:42,1970-01-01 03:01:03,van,45,91.78021655859241,17.012484524092457,"defaultdict(<class 'int'>, {8: 34, 6: 7, 4: 4})",amazon,l,8,137.0,0.0,0.0,1.0,1.0,0.5956521739130435,1.0,189.15,35.427163591616676,180.57770833333336,9.052708333333333,233.62987192495,3.0444444444444443,False
freight_amazon_30851_veh_cep_size_l_9_1,34628,63863,29235,21667,7568,1970-01-01 09:37:08,1970-01-01 17:44:23,1970-01-01 08:07:15,1970-01-01 06:01:07,1970-01-01 02:06:08,van,72,72.76578379983384,7.819506251654961,"defaultdict(<class 'int'>, {5: 1, 6: 71})",amazon,l,6,174.0,0.0,0.005747126436781609,0.9942528735632183,1.0,0.7565217391304347,1.0,189.15,28.087592546735863,185.72345833333335,14.198458333333335,231.43605088006922,2.4166666666666665,False
freight_amazon_30966_veh_cep_size_m_9_1,34634,63416,28782,16846,11936,1970-01-01 09:37:14,1970-01-01 17:36:56,1970-01-01 07:59:42,1970-01-01 04:40:46,1970-01-01 03:18:56,van,69,102.55273771218407,21.387807627731146,"defaultdict(<class 'int'>, {4: 2, 8: 67})",amazon,m,8,134.0,0.0,0.0,1.0,1.0,0.8121212121212121,1.0,171.78,38.14961842893247,182.84565,11.32065,221.2502684289325,1.9420289855072463,False
freight_amazon_30880_1_veh_cep_size_m_9_4,34665,65379,30714,17953,12761,1970-01-01 09:37:45,1970-01-01 18:09:39,1970-01-01 08:31:54,1970-01-01 04:59:13,1970-01-01 03:32:41,van,35,79.40407510457972,26.457943327766618,"defaultdict(<class 'int'>, {6: 30, 4: 5})",amazon,m,6,141.0,0.0,0.0,1.0,1.0,0.8545454545454545,1.0,171.78,29.538315938903654,195.1192166666667,23.594216666666668,224.91253260557033,4.0285714285714285,False
freight_ups_30827_veh_cep_size_m_7_1,34693,64439,29746,18733,11013,1970-01-01 09:38:13,1970-01-01 17:53:59,1970-01-01 08:15:46,1970-01-01 05:12:13,1970-01-01 03:03:33,van,62,94.26182229296998,14.081244928103184,"defaultdict(<class 'int'>, {6: 61, 4: 1})",ups,m,6,150.0,0.0,0.8933333333333333,0.10666666666666667,1.0,0.9090909090909091,1.0,171.78,35.065397892984834,188.9697277777778,17.44472777777778,224.29012567076262,2.4193548387096775,False
freight_ups_30159_veh_cep_size_m_8_6,34702,58261,23559,14758,8801,1970-01-01 09:38:22,1970-01-01 16:11:01,1970-01-01 06:32:39,1970-01-01 04:05:58,1970-01-01 02:26:41,van,52,50.10329187526702,10.445657537366133,"defaultdict(<class 'int'>, {1: 49, 3: 3})",ups,m,1,120.0,0.0,0.95,0.05,1.0,0.7272727272727273,1.0,171.78,18.63842457759933,149.66509166666668,0.0,190.41842457759932,2.3076923076923075,True
freight_amazon_30453_veh_cep_size_l_9_2,34717,64682,29965,22306,7659,1970-01-01 09:38:37,1970-01-01 17:58:02,1970-01-01 08:19:25,1970-01-01 06:11:46,1970-01-01 02:07:39,van,41,55.87812987019156,11.147414882042598,"defaultdict(<class 'int'>, {4: 25, 6: 16})",amazon,l,4,180.0,0.0,0.005555555555555556,0.9944444444444445,1.0,0.782608695652174,1.0,189.15,21.568958129893943,190.36098611111112,18.83598611111111,229.55494424100507,4.390243902439025,True
freight_amazon_31832_1_veh_cep_size_m_9_2,34721,64184,29463,14710,14753,1970-01-01 09:38:41,1970-01-01 17:49:44,1970-01-01 08:11:03,1970-01-01 04:05:10,1970-01-01 04:05:53,van,64,130.5117051392778,30.585167453683244,"defaultdict(<class 'int'>, {8: 45, 7: 19})",amazon,m,8,117.0,0.0,0.0,1.0,1.0,0.7090909090909091,1.0,171.78,48.55035431181135,187.17189166666668,15.646891666666669,235.977245978478,1.828125,False
freight_dhl_30559_0_veh_cep_size_l_8_1,34735,64384,29649,19827,9822,1970-01-01 09:38:55,1970-01-01 17:53:04,1970-01-01 08:14:09,1970-01-01 05:30:27,1970-01-01 02:43:42,van,43,61.88848776980431,7.703775412992218,"defaultdict(<class 'int'>, {4: 43})",dhl,l,4,168.0,0.0,0.047619047619047616,0.9523809523809523,1.0,0.7304347826086957,1.0,189.15,23.888956279144463,188.35350833333334,16.828508333333335,229.8674646124778,3.9069767441860463,True
freight_amazon_31303_0_veh_cep_size_m_9_4,34734,64074,29340,11068,18272,1970-01-01 09:38:54,1970-01-01 17:47:54,1970-01-01 08:09:00,1970-01-01 03:04:28,1970-01-01 05:04:32,van,77,146.69625943706436,33.26550560567538,"defaultdict(<class 'int'>, {8: 26, 4: 50, 6: 1})",amazon,m,4,91.0,0.0,0.0,1.0,1.0,0.5515151515151515,1.0,171.78,54.57100851058794,186.39050000000003,14.8655,241.21650851058794,1.1818181818181819,True
freight_amazon_30175_veh_cep_size_m_9_2,34736,62864,28128,20095,8033,1970-01-01 09:38:56,1970-01-01 17:27:44,1970-01-01 07:48:48,1970-01-01 05:34:55,1970-01-01 02:13:53,van,50,57.758997270856966,15.69249206474064,"defaultdict(<class 'int'>, {2: 19, 1: 21, 4: 10})",amazon,m,1,163.0,0.0,0.03680981595092025,0.9631901840490797,1.0,0.9878787878787879,1.0,171.78,21.486346984758793,178.69093333333336,7.165933333333334,200.43228031809213,3.26,True
freight_amazon_30161_veh_cep_size_l_9_2,34740,63659,28919,22253,6666,1970-01-01 09:39:00,1970-01-01 17:40:59,1970-01-01 08:01:59,1970-01-01 06:10:53,1970-01-01 01:51:06,van,36,52.607358736040624,14.53438290877831,"defaultdict(<class 'int'>, {2: 34, 1: 2})",amazon,l,2,179.0,0.0,0.0223463687150838,0.9776536312849162,1.0,0.7782608695652173,1.0,189.15,20.30644047211168,183.71598055555557,12.190980555555557,221.64742102766726,4.972222222222222,True
freight_gls_30966_veh_cep_size_m_9_1,34756,67273,32517,16142,16375,1970-01-01 09:39:16,1970-01-01 18:41:13,1970-01-01 09:01:57,1970-01-01 04:29:02,1970-01-01 04:32:55,van,102,114.97287237062478,9.214800904856617,"defaultdict(<class 'int'>, {4: 60, 6: 20, 8: 22})",gls,m,4,131.0,0.0,0.08396946564885496,0.916030534351145,1.0,0.793939393939394,1.0,171.78,42.769908521872416,206.57327500000002,35.048275000000004,249.59818352187244,1.2843137254901962,False
freight_amazon_30966_veh_cep_size_m_9_5,34744,65504,30760,15975,14785,1970-01-01 09:39:04,1970-01-01 18:11:44,1970-01-01 08:32:40,1970-01-01 04:26:15,1970-01-01 04:06:25,van,93,126.13692707207649,17.870744862276425,"defaultdict(<class 'int'>, {6: 27, 8: 4, 4: 62})",amazon,m,4,130.0,0.0,0.0,1.0,1.0,0.7878787878787878,1.0,171.78,46.92293687081246,195.41144444444447,23.886444444444447,242.5893813152569,1.3978494623655915,False
freight_amazon_30165_veh_cep_size_m_10_4,34767,60153,25386,16407,8979,1970-01-01 09:39:27,1970-01-01 16:42:33,1970-01-01 07:03:06,1970-01-01 04:33:27,1970-01-01 02:29:39,van,54,65.08476909437613,10.397241828582363,"defaultdict(<class 'int'>, {5: 43, 3: 11})",amazon,m,5,132.0,0.0,0.007575757575757576,0.9924242424242424,1.0,0.8,1.0,171.78,24.21153410310792,161.2716166666667,0.0,195.9915341031079,2.4444444444444446,True
freight_ups_30175_veh_cep_size_m_7_2,34781,64352,29571,18485,11086,1970-01-01 09:39:41,1970-01-01 17:52:32,1970-01-01 08:12:51,1970-01-01 05:08:05,1970-01-01 03:04:46,van,58,68.28081920476541,11.708316200676908,"defaultdict(<class 'int'>, {4: 51, 2: 3, 1: 4})",ups,m,4,149.0,0.0,0.8389261744966443,0.1610738255033557,1.0,0.9030303030303031,1.0,171.78,25.40046474417273,187.8579916666667,16.33299166666667,213.51345641083938,2.5689655172413794,True
freight_ups_30165_veh_cep_size_l_7_2,34802,65080,30278,21709,8569,1970-01-01 09:40:02,1970-01-01 18:04:40,1970-01-01 08:24:38,1970-01-01 06:01:49,1970-01-01 02:22:49,van,42,54.933452844986356,8.923383560090413,"defaultdict(<class 'int'>, {5: 6, 3: 36})",ups,l,3,174.0,0.0,0.7873563218390804,0.21264367816091953,1.0,0.7565217391304347,1.0,189.15,21.204312798164732,192.34940555555556,20.824405555555558,231.17871835372028,4.142857142857143,True
freight_ups_30165_veh_cep_size_m_7_1,34843,65579,30736,18309,12427,1970-01-01 09:40:43,1970-01-01 18:12:59,1970-01-01 08:32:16,1970-01-01 05:05:09,1970-01-01 03:27:07,van,53,85.37494591209767,8.558562398621842,"defaultdict(<class 'int'>, {5: 44, 3: 8, 1: 1})",ups,m,5,147.0,0.0,0.8979591836734694,0.10204081632653061,1.0,0.8909090909090909,1.0,171.78,31.759479879300333,195.2589777777778,23.73397777777778,227.2734576570781,2.7735849056603774,True
freight_amazon_30974_veh_cep_size_m_9_1,34885,66233,31348,13425,17923,1970-01-01 09:41:25,1970-01-01 18:23:53,1970-01-01 08:42:28,1970-01-01 03:43:45,1970-01-01 04:58:43,van,72,122.37546457778025,25.01568592350096,"defaultdict(<class 'int'>, {8: 72})",amazon,m,8,108.0,0.0,0.0,1.0,1.0,0.6545454545454545,1.0,171.78,45.52367282293425,199.1468777777778,27.62187777777778,244.92555060071203,1.5,False
freight_amazon_30966_veh_cep_size_m_9_2,34895,64133,29238,19197,10041,1970-01-01 09:41:35,1970-01-01 17:48:53,1970-01-01 08:07:18,1970-01-01 05:19:57,1970-01-01 02:47:21,van,63,93.31760710317226,22.708378854297745,"defaultdict(<class 'int'>, {8: 19, 4: 44})",amazon,m,4,153.0,0.0,0.0,1.0,1.0,0.9272727272727272,1.0,171.78,34.71414984238008,185.7425166666667,14.217516666666668,220.71166650904672,2.4285714285714284,False
freight_amazon_30451_veh_cep_size_m_9_3,34905,60252,25347,16851,8496,1970-01-01 09:41:45,1970-01-01 16:44:12,1970-01-01 07:02:27,1970-01-01 04:40:51,1970-01-01 02:21:36,van,57,60.1648040732971,12.306874166730223,"defaultdict(<class 'int'>, {6: 4, 2: 49, 3: 4})",amazon,m,2,137.0,0.0,0.021897810218978103,0.9781021897810219,1.0,0.8303030303030303,1.0,171.78,22.38130711526652,161.02385833333335,0.0,194.1613071152665,2.4035087719298245,True
freight_dpd_30161_veh_cep_size_m_8_2,34911,57014,22103,14390,7713,1970-01-01 09:41:51,1970-01-01 15:50:14,1970-01-01 06:08:23,1970-01-01 03:59:50,1970-01-01 02:08:33,van,38,62.88847545296016,18.288542195967892,"defaultdict(<class 'int'>, {2: 36, 1: 2})",dpd,m,2,115.0,0.0,0.3130434782608696,0.6869565217391305,1.0,0.696969696969697,1.0,171.78,23.394512868501177,140.41544722222224,0.0,195.17451286850118,3.026315789473684,True
freight_amazon_30559_veh_cep_size_l_9_3,34921,67592,32671,19902,12769,1970-01-01 09:42:01,1970-01-01 18:46:32,1970-01-01 09:04:31,1970-01-01 05:31:42,1970-01-01 03:32:49,van,44,85.75674599267231,22.46662867046459,"defaultdict(<class 'int'>, {4: 13, 6: 31})",amazon,l,6,159.0,0.0,0.0,1.0,1.0,0.691304347826087,1.0,189.15,33.102103953171515,207.5516027777778,36.02660277777778,258.2787067309493,3.6136363636363638,True
freight_gls_30851_veh_cep_size_m_10_1,34937,67062,32125,17099,15026,1970-01-01 09:42:17,1970-01-01 18:37:42,1970-01-01 08:55:25,1970-01-01 04:44:59,1970-01-01 04:10:26,van,90,105.04761288132258,20.46763646632125,"defaultdict(<class 'int'>, {6: 88, 5: 2})",gls,m,6,138.0,0.0,0.13043478260869565,0.8695652173913043,1.0,0.8363636363636363,1.0,171.78,39.077711991852,204.08298611111113,32.55798611111111,243.41569810296312,1.5333333333333334,False
freight_amazon_30659_veh_cep_size_m_9_1,34939,64885,29946,15814,14132,1970-01-01 09:42:19,1970-01-01 18:01:25,1970-01-01 08:19:06,1970-01-01 04:23:34,1970-01-01 03:55:32,van,64,118.31789387620942,16.281376267070208,"defaultdict(<class 'int'>, {4: 24, 5: 40})",amazon,m,5,125.0,0.0,0.024,0.976,1.0,0.7575757575757576,1.0,171.78,44.0142565219499,190.24028333333334,18.715283333333335,234.50953985528324,1.953125,True
freight_amazon_30938_0_veh_cep_size_m_9_2,34953,64153,29200,12531,16669,1970-01-01 09:42:33,1970-01-01 17:49:13,1970-01-01 08:06:40,1970-01-01 03:28:51,1970-01-01 04:37:49,van,53,130.17681904854888,29.51034402247868,"defaultdict(<class 'int'>, {7: 7, 6: 46})",amazon,m,6,98.0,0.0,0.01020408163265306,0.9897959183673469,1.0,0.593939393939394,1.0,171.78,48.42577668606018,185.50111111111113,13.976111111111113,234.1818877971713,1.849056603773585,False
freight_amazon_30823_veh_cep_size_m_9_3,34978,63629,28651,18241,10410,1970-01-01 09:42:58,1970-01-01 17:40:29,1970-01-01 07:57:31,1970-01-01 05:04:01,1970-01-01 02:53:30,van,83,69.60263796538717,3.005077244810736,"defaultdict(<class 'int'>, {4: 34, 6: 35, 8: 14})",amazon,m,6,148.0,0.0,0.0,1.0,1.0,0.896969696969697,1.0,171.78,25.892181323124028,182.01343611111113,10.488436111111112,208.16061743423512,1.783132530120482,False
freight_amazon_30890_1_veh_cep_size_m_9_1,34986,61525,26539,13698,12841,1970-01-01 09:43:06,1970-01-01 17:05:25,1970-01-01 07:22:19,1970-01-01 03:48:18,1970-01-01 03:34:01,van,72,108.41685548206146,20.63382215339996,"defaultdict(<class 'int'>, {4: 63, 8: 8, 5: 1})",amazon,m,4,111.0,0.0,0.0,1.0,1.0,0.6727272727272727,1.0,171.78,40.33107023932686,168.59636944444446,0.0,212.11107023932686,1.5416666666666667,False
freight_amazon_30419_0_veh_cep_size_m_10_2,35015,64086,29071,20528,8543,1970-01-01 09:43:35,1970-01-01 17:48:06,1970-01-01 08:04:31,1970-01-01 05:42:08,1970-01-01 02:22:23,van,65,65.83616220274546,11.165717134296028,"defaultdict(<class 'int'>, {3: 26, 6: 37, 5: 2})",amazon,m,6,164.0,0.0,0.0,1.0,1.0,0.9939393939393939,1.0,171.78,24.49105233942131,184.68160277777778,13.15660277777778,209.4276551171991,2.523076923076923,True
freight_amazon_30890_1_veh_cep_size_m_9_5,35038,53851,18813,11493,7320,1970-01-01 09:43:58,1970-01-01 14:57:31,1970-01-01 05:13:33,1970-01-01 03:11:33,1970-01-01 02:02:00,van,50,69.40732848233714,10.436917322065797,"defaultdict(<class 'int'>, {8: 16, 5: 16, 7: 18})",amazon,m,7,92.0,0.0,0.0,1.0,1.0,0.5575757575757576,1.0,171.78,25.819526195429415,119.51480833333335,0.0,197.5995261954294,1.84,False
freight_gls_30966_veh_cep_size_l_8_2,35048,61855,26807,11769,15038,1970-01-01 09:44:08,1970-01-01 17:10:55,1970-01-01 07:26:47,1970-01-01 03:16:09,1970-01-01 04:10:38,van,65,126.19694870666044,9.464015466425447,"defaultdict(<class 'int'>, {4: 55, 8: 10})",gls,l,4,94.0,0.0,0.07446808510638298,0.925531914893617,1.0,0.40869565217391307,1.0,189.15,48.71202220077093,170.2989138888889,0.0,237.86202220077092,1.4461538461538461,False
freight_ups_30161_veh_cep_size_m_10_5,35063,59679,24616,16632,7984,1970-01-01 09:44:23,1970-01-01 16:34:39,1970-01-01 06:50:16,1970-01-01 04:37:12,1970-01-01 02:13:04,van,53,49.547871354202165,9.813175899068693,"defaultdict(<class 'int'>, {2: 38, 3: 14, 1: 1})",ups,m,2,135.0,0.0,0.8296296296296296,0.17037037037037037,1.0,0.8181818181818182,1.0,171.78,18.431808143763206,156.37997777777778,0.0,190.21180814376322,2.547169811320755,True
freight_amazon_30853_veh_cep_size_m_9_3,35077,62519,27442,17419,10023,1970-01-01 09:44:37,1970-01-01 17:21:59,1970-01-01 07:37:22,1970-01-01 04:50:19,1970-01-01 02:47:03,van,64,86.95309342780081,13.978985646774856,"defaultdict(<class 'int'>, {6: 64})",amazon,m,6,140.0,0.0,0.007142857142857143,0.9928571428571429,1.0,0.8484848484848485,1.0,171.78,32.3465507551419,174.3329277777778,2.807927777777778,206.93447853291968,2.1875,False
freight_fedex_30625_veh_cep_size_m_8_2,35153,51606,16453,7855,8598,1970-01-01 09:45:53,1970-01-01 14:20:06,1970-01-01 04:34:13,1970-01-01 02:10:55,1970-01-01 02:23:18,van,23,62.751980639027444,16.28921464467412,"defaultdict(<class 'int'>, {4: 22, 3: 1})",fedex,m,4,63.0,0.0,0.873015873015873,0.12698412698412698,1.0,0.38181818181818183,1.0,171.78,23.343736797718208,104.5222527777778,0.0,195.1237367977182,2.739130434782609,True
freight_ups_30827_veh_cep_size_m_8_2,35219,64703,29484,20388,9096,1970-01-01 09:46:59,1970-01-01 17:58:23,1970-01-01 08:11:24,1970-01-01 05:39:48,1970-01-01 02:31:36,van,36,86.59560651025902,12.570698579353774,"defaultdict(<class 'int'>, {6: 36})",ups,m,6,162.0,0.0,0.7777777777777778,0.2222222222222222,1.0,0.9818181818181818,1.0,171.78,32.21356562181636,187.30530000000002,15.780300000000002,219.77386562181636,4.5,False
freight_amazon_31303_1_veh_cep_size_m_9_4,35231,58183,22952,8251,14701,1970-01-01 09:47:11,1970-01-01 16:09:43,1970-01-01 06:22:32,1970-01-01 02:17:31,1970-01-01 04:05:01,van,50,134.1878707200463,37.13486412380141,"defaultdict(<class 'int'>, {7: 31, 6: 4, 8: 4, 4: 11})",amazon,m,7,67.0,0.0,0.0,1.0,1.0,0.40606060606060607,1.0,171.78,49.91788790785723,145.80895555555557,0.0,221.69788790785722,1.34,True
freight_amazon_30627_veh_cep_size_m_9_2,35259,65221,29962,18384,11578,1970-01-01 09:47:39,1970-01-01 18:07:01,1970-01-01 08:19:22,1970-01-01 05:06:24,1970-01-01 03:12:58,van,52,85.18889260876466,20.790442548340348,"defaultdict(<class 'int'>, {4: 52})",amazon,m,4,147.0,0.0,0.0,1.0,1.0,0.8909090909090909,1.0,171.78,31.690268050460453,190.34192777777778,18.816927777777778,222.28719582823823,2.826923076923077,True
freight_hermes_31515_1_veh_cep_size_m_9_5,35315,43589,8274,2420,5854,1970-01-01 09:48:35,1970-01-01 12:06:29,1970-01-01 02:17:54,1970-01-01 00:40:20,1970-01-01 01:37:34,van,20,62.79645561546518,19.0397472556667,"defaultdict(<class 'int'>, {6: 20})",hermes,m,6,20.0,0.0,0.0,1.0,1.0,0.12121212121212122,1.0,171.78,23.360281488953046,52.56288333333334,0.0,195.14028148895304,1.0,False
freight_amazon_30880_1_veh_cep_size_m_10_6,35411,47581,12170,1936,10234,1970-01-01 09:50:11,1970-01-01 13:13:01,1970-01-01 03:22:50,1970-01-01 00:32:16,1970-01-01 02:50:34,van,16,67.63872851906949,26.246150136457487,"defaultdict(<class 'int'>, {6: 16})",amazon,m,6,16.0,0.0,0.0625,0.9375,1.0,0.09696969696969697,1.0,171.78,25.16160700909385,77.31330555555556,0.0,196.94160700909384,1.0,False
freight_amazon_30826_veh_cep_size_m_9_4,35413,59416,24003,12524,11479,1970-01-01 09:50:13,1970-01-01 16:30:16,1970-01-01 06:40:03,1970-01-01 03:28:44,1970-01-01 03:11:19,van,65,77.80225068527567,3.8180692536171086,"defaultdict(<class 'int'>, {8: 63, 7: 2})",amazon,m,8,100.0,0.0,0.0,1.0,1.0,0.6060606060606061,1.0,171.78,28.94243725492255,152.485725,0.0,200.72243725492254,1.5384615384615385,False
freight_amazon_30179_veh_cep_size_m_10_3,35424,64663,29239,18739,10500,1970-01-01 09:50:24,1970-01-01 17:57:43,1970-01-01 08:07:19,1970-01-01 05:12:19,1970-01-01 02:55:00,van,75,86.88472460663397,13.652412416953926,"defaultdict(<class 'int'>, {5: 49, 4: 26})",amazon,m,5,151.0,0.0,0.006622516556291391,0.9933774834437086,1.0,0.9151515151515152,1.0,171.78,32.32111755366783,185.74886944444447,14.223869444444446,218.3249869981123,2.013333333333333,True
freight_amazon_31303_1_veh_cep_size_l_9_2,35441,65614,30173,17877,12296,1970-01-01 09:50:41,1970-01-01 18:13:34,1970-01-01 08:22:53,1970-01-01 04:57:57,1970-01-01 03:24:56,van,56,127.69042166907795,35.48224499818224,"defaultdict(<class 'int'>, {7: 24, 4: 22, 8: 6, 6: 4})",amazon,l,7,142.0,0.0,0.0,1.0,1.0,0.6173913043478261,1.0,189.15,49.28850276426409,191.68236388888891,20.15736388888889,258.595866653153,2.5357142857142856,True
freight_dhl_31515_2_veh_cep_size_l_10_7,35460,60624,25164,14714,10450,1970-01-01 09:51:00,1970-01-01 16:50:24,1970-01-01 06:59:24,1970-01-01 04:05:14,1970-01-01 02:54:10,van,70,78.25471979008923,3.336459783182947,"defaultdict(<class 'int'>, {6: 70})",dhl,l,6,119.0,0.0,0.07563025210084033,0.9243697478991597,1.0,0.5173913043478261,1.0,189.15,30.206321838974443,159.86130000000003,0.0,219.35632183897445,1.7,False
freight_ups_30826_veh_cep_size_m_9_1,35509,63283,27774,11484,16290,1970-01-01 09:51:49,1970-01-01 17:34:43,1970-01-01 07:42:54,1970-01-01 03:11:24,1970-01-01 04:31:30,van,47,157.63245996087582,18.31997261626266,"defaultdict(<class 'int'>, {7: 32, 8: 15})",ups,m,7,92.0,0.0,0.8152173913043478,0.18478260869565216,1.0,0.5575757575757576,1.0,171.78,58.639275105445805,176.44205000000002,4.917050000000001,235.3363251054458,1.9574468085106382,False
freight_ups_31311_veh_cep_size_m_9_2,35539,64618,29079,10422,18657,1970-01-01 09:52:19,1970-01-01 17:56:58,1970-01-01 08:04:39,1970-01-01 02:53:42,1970-01-01 05:10:57,van,51,166.97077614386342,29.61324262876861,"defaultdict(<class 'int'>, {7: 47, 8: 4})",ups,m,7,85.0,0.0,0.8823529411764706,0.11764705882352941,1.0,0.5151515151515151,1.0,171.78,62.11312872551719,184.732425,13.207425,247.1005537255172,1.6666666666666667,False
freight_amazon_30851_veh_cep_size_l_9_2,35549,64123,28574,21626,6948,1970-01-01 09:52:29,1970-01-01 17:48:43,1970-01-01 07:56:14,1970-01-01 06:00:26,1970-01-01 01:55:48,van,52,63.39349437646015,13.269891507644667,"defaultdict(<class 'int'>, {6: 52})",amazon,l,6,173.0,0.0,0.011560693641618497,0.9884393063583815,1.0,0.7521739130434782,1.0,189.15,24.469888829313618,181.52427222222224,9.999272222222222,223.61916105153585,3.326923076923077,False
freight_amazon_30657_veh_cep_size_m_9_3,35550,62983,27433,17952,9481,1970-01-01 09:52:30,1970-01-01 17:29:43,1970-01-01 07:37:13,1970-01-01 04:59:12,1970-01-01 02:38:01,van,57,84.82715578018288,16.143178407518068,"defaultdict(<class 'int'>, {4: 35, 8: 22})",amazon,m,4,145.0,0.0,0.020689655172413793,0.9793103448275862,1.0,0.8787878787878788,1.0,171.78,31.55570195022803,174.2757527777778,2.750752777777778,206.08645472800583,2.543859649122807,True
freight_amazon_31303_1_veh_cep_size_m_9_1,35567,66658,31091,13291,17800,1970-01-01 09:52:47,1970-01-01 18:30:58,1970-01-01 08:38:11,1970-01-01 03:41:31,1970-01-01 04:56:40,van,72,150.57148664131196,38.21699323536348,"defaultdict(<class 'int'>, {7: 29, 8: 43})",amazon,m,8,107.0,0.0,0.0,1.0,1.0,0.6484848484848484,1.0,171.78,56.01259303056805,197.51421388888892,25.98921388888889,253.78180691945693,1.4861111111111112,True
freight_amazon_30627_veh_cep_size_m_9_1,35579,64377,28798,19048,9750,1970-01-01 09:52:59,1970-01-01 17:52:57,1970-01-01 07:59:58,1970-01-01 05:17:28,1970-01-01 02:42:30,van,58,75.81459098855939,21.371443060805493,"defaultdict(<class 'int'>, {4: 58})",amazon,m,4,153.0,0.0,0.0,1.0,1.0,0.9272727272727272,1.0,171.78,28.203027847744092,182.94729444444445,11.422294444444445,211.40532229218854,2.6379310344827585,True
freight_fedex_30938_veh_cep_size_m_10_5,35582,38853,3271,253,3018,1970-01-01 09:53:02,1970-01-01 10:47:33,1970-01-01 00:54:31,1970-01-01 00:04:13,1970-01-01 00:50:18,van,1,31.68661483636023,15.593824004763249,"defaultdict(<class 'int'>, {6: 1})",fedex,m,6,2.0,0.0,0.5,0.5,1.0,0.012121212121212121,1.0,171.78,11.787420719126006,20.779936111111112,0.0,183.567420719126,2.0,False
freight_dpd_30629_veh_cep_size_l_10_2,35598,58589,22991,11128,11863,1970-01-01 09:53:18,1970-01-01 16:16:29,1970-01-01 06:23:11,1970-01-01 03:05:28,1970-01-01 03:17:43,van,65,90.62605139212177,12.559627619175924,"defaultdict(<class 'int'>, {4: 58, 5: 7})",dpd,l,4,90.0,0.0,0.17777777777777778,0.8222222222222222,1.0,0.391304347826087,1.0,189.15,34.981655837359,146.0567138888889,0.0,224.131655837359,1.3846153846153846,True
freight_amazon_31303_0_veh_cep_size_m_9_3,35633,64913,29280,14067,15213,1970-01-01 09:53:53,1970-01-01 18:01:53,1970-01-01 08:08:00,1970-01-01 03:54:27,1970-01-01 04:13:33,van,60,136.71300640046803,32.30316878314705,"defaultdict(<class 'int'>, {8: 18, 4: 41, 6: 1})",amazon,m,4,113.0,0.0,0.0,1.0,1.0,0.6848484848484848,1.0,171.78,50.85723838097411,186.00933333333336,14.484333333333336,237.12157171430744,1.8833333333333333,True
freight_amazon_30880_0_veh_cep_size_m_9_5,35634,61549,25915,9123,16792,1970-01-01 09:53:54,1970-01-01 17:05:49,1970-01-01 07:11:55,1970-01-01 02:32:03,1970-01-01 04:39:52,van,73,103.47927509908995,24.904976417612232,"defaultdict(<class 'int'>, {3: 20, 7: 12, 6: 41})",amazon,m,6,75.0,0.0,0.0,1.0,1.0,0.45454545454545453,1.0,171.78,38.49429033686146,164.63223611111113,0.0,210.27429033686147,1.0273972602739727,False
freight_amazon_30982_veh_cep_size_m_10_5,35639,52447,16808,4598,12210,1970-01-01 09:53:59,1970-01-01 14:34:07,1970-01-01 04:40:08,1970-01-01 01:16:38,1970-01-01 03:23:30,van,38,89.87765555888407,26.29811589930399,"defaultdict(<class 'int'>, {6: 36, 8: 2})",amazon,m,6,38.0,0.0,0.0,1.0,1.0,0.23030303030303031,1.0,171.78,33.43448786790488,106.7774888888889,0.0,205.2144878679049,1.0,False
freight_amazon_30459_veh_cep_size_l_10_2,35679,74114,38435,23991,14444,1970-01-01 09:54:39,1970-01-01 20:35:14,1970-01-01 10:40:35,1970-01-01 06:39:51,1970-01-01 04:00:44,van,98,104.47374331697861,17.130680898907816,"defaultdict(<class 'int'>, {4: 65, 3: 33})",amazon,l,4,193.0,0.0,0.010362694300518135,0.9896373056994818,1.0,0.8391304347826087,1.0,189.15,40.32686492035374,244.1690138888889,72.64401388888889,302.12087880924264,1.969387755102041,True
freight_dhl_30982_0_veh_cep_size_m_9_3,35685,64678,28993,20021,8972,1970-01-01 09:54:45,1970-01-01 17:57:58,1970-01-01 08:03:13,1970-01-01 05:33:41,1970-01-01 02:29:32,van,63,66.35762483579066,8.439984124567962,"defaultdict(<class 'int'>, {8: 58, 6: 5})",dhl,m,8,158.0,0.0,0.10126582278481013,0.8987341772151899,1.0,0.9575757575757575,1.0,171.78,24.685036438914125,184.18608611111114,12.661086111111112,209.12612255002523,2.507936507936508,False
freight_dhl_31535_1_veh_cep_size_m_10_5,35687,67535,31848,18474,13374,1970-01-01 09:54:47,1970-01-01 18:45:35,1970-01-01 08:50:48,1970-01-01 05:07:54,1970-01-01 03:42:54,van,52,90.54657245132337,4.093409265929854,"defaultdict(<class 'int'>, {6: 4, 7: 48})",dhl,m,7,144.0,0.0,0.10416666666666667,0.8958333333333334,1.0,0.8727272727272727,1.0,171.78,33.683324951892295,202.32326666666668,30.79826666666667,236.26159161855898,2.769230769230769,False
freight_dhl_30449_veh_cep_size_m_9_2,35702,60697,24995,19119,5876,1970-01-01 09:55:02,1970-01-01 16:51:37,1970-01-01 06:56:35,1970-01-01 05:18:39,1970-01-01 01:37:56,van,26,31.203633534587006,4.966151773668359,"defaultdict(<class 'int'>, {3: 26})",dhl,m,3,161.0,0.0,0.06832298136645963,0.9316770186335404,1.0,0.9757575757575757,1.0,171.78,11.607751674866366,158.78768055555557,0.0,183.38775167486637,6.1923076923076925,True
freight_amazon_30823_veh_cep_size_l_9_2,35715,64114,28399,19903,8496,1970-01-01 09:55:15,1970-01-01 17:48:34,1970-01-01 07:53:19,1970-01-01 05:31:43,1970-01-01 02:21:36,van,57,51.97474594918296,3.4269914068424137,"defaultdict(<class 'int'>, {6: 44, 4: 12, 8: 1})",amazon,l,6,159.0,0.0,0.006289308176100629,0.9937106918238994,1.0,0.691304347826087,1.0,189.15,20.062251936384623,180.41253611111114,8.887536111111112,218.09978804749574,2.789473684210526,False
freight_amazon_30827_veh_cep_size_m_9_4,35716,61068,25352,15923,9429,1970-01-01 09:55:16,1970-01-01 16:57:48,1970-01-01 07:02:32,1970-01-01 04:25:23,1970-01-01 02:37:09,van,53,65.7404011522623,3.8905288507175473,"defaultdict(<class 'int'>, {6: 53})",amazon,m,6,128.0,0.0,0.0078125,0.9921875,1.0,0.7757575757575758,1.0,171.78,24.455429228641574,161.05562222222224,0.0,196.23542922864158,2.4150943396226414,False
freight_dhl_30855_1_veh_cep_size_l_10_12,35740,40101,4361,1951,2410,1970-01-01 09:55:40,1970-01-01 11:08:21,1970-01-01 01:12:41,1970-01-01 00:32:31,1970-01-01 00:40:10,van,5,18.043708870985004,6.173625477898469,"defaultdict(<class 'int'>, {4: 5})",dhl,l,4,16.0,0.0,0.0,1.0,1.0,0.06956521739130435,1.0,189.15,6.964871624200212,27.704463888888892,0.0,196.11487162420022,3.2,False
freight_dpd_30457_veh_cep_size_m_10_2,35742,60596,24854,13034,11820,1970-01-01 09:55:42,1970-01-01 16:49:56,1970-01-01 06:54:14,1970-01-01 03:37:14,1970-01-01 03:17:00,van,62,93.18814764221152,21.68634617789062,"defaultdict(<class 'int'>, {4: 62})",dpd,m,4,104.0,0.0,0.0673076923076923,0.9326923076923077,1.0,0.6303030303030303,1.0,171.78,34.66599092290269,157.89193888888892,0.0,206.4459909229027,1.6774193548387097,True
freight_gls_30851_veh_cep_size_m_8_2,35743,50878,15135,6355,8780,1970-01-01 09:55:43,1970-01-01 14:07:58,1970-01-01 04:12:15,1970-01-01 01:45:55,1970-01-01 02:26:20,van,35,59.61216082060167,19.513007287700184,"defaultdict(<class 'int'>, {6: 35})",gls,m,6,51.0,0.0,0.11764705882352941,0.8823529411764706,1.0,0.3090909090909091,1.0,171.78,22.175723825263823,96.14929166666667,0.0,193.95572382526382,1.457142857142857,False
freight_dhl_31515_2_veh_cep_size_m_10_8,35753,42958,7205,3912,3293,1970-01-01 09:55:53,1970-01-01 11:55:58,1970-01-01 02:00:05,1970-01-01 01:05:12,1970-01-01 00:54:53,van,19,28.57441767150921,3.505530126044155,"defaultdict(<class 'int'>, {6: 19})",dhl,m,6,31.0,0.0,0.0967741935483871,0.9032258064516129,1.0,0.18787878787878787,1.0,171.78,10.629683373801425,45.77176388888889,0.0,182.4096833738014,1.631578947368421,False
freight_amazon_30459_veh_cep_size_m_10_3,35773,70267,34494,20611,13883,1970-01-01 09:56:13,1970-01-01 19:31:07,1970-01-01 09:34:54,1970-01-01 05:43:31,1970-01-01 03:51:23,van,57,95.4955939398205,16.884377795335944,"defaultdict(<class 'int'>, {4: 18, 3: 39})",amazon,m,3,165.0,0.0,0.0,1.0,1.0,1.0,1.0,171.78,35.524360945613225,219.13271666666668,47.60771666666667,254.9120776122799,2.8947368421052633,True
freight_hermes_30855_1_veh_cep_size_l_8_2,35776,65725,29949,22523,7426,1970-01-01 09:56:16,1970-01-01 18:15:25,1970-01-01 08:19:09,1970-01-01 06:15:23,1970-01-01 02:03:46,van,51,64.57381229653484,3.700359318077853,"defaultdict(<class 'int'>, {6: 16, 5: 8, 4: 27})",hermes,l,4,177.0,0.0,0.096045197740113,0.903954802259887,1.0,0.7695652173913043,1.0,189.15,24.92549154646245,190.25934166666667,18.73434166666667,232.8098332131291,3.4705882352941178,False
freight_amazon_30459_veh_cep_size_m_10_1,35773,69035,33262,20427,12835,1970-01-01 09:56:13,1970-01-01 19:10:35,1970-01-01 09:14:22,1970-01-01 05:40:27,1970-01-01 03:33:55,van,78,90.44193696122115,16.58325999000998,"defaultdict(<class 'int'>, {4: 40, 3: 38})",amazon,m,4,165.0,0.0,0.0,1.0,1.0,1.0,1.0,171.78,33.644400549574264,211.30609444444445,39.78109444444445,245.20549499401872,2.1153846153846154,True
freight_hermes_30855_1_veh_cep_size_l_9_4,35810,63894,28084,17632,10452,1970-01-01 09:56:50,1970-01-01 17:44:54,1970-01-01 07:48:04,1970-01-01 04:53:52,1970-01-01 02:54:12,van,66,70.74403369501448,3.5880209303932142,"defaultdict(<class 'int'>, {5: 49, 6: 17})",hermes,l,5,141.0,0.0,0.07801418439716312,0.9219858156028369,1.0,0.6130434782608696,1.0,189.15,27.30719700627559,178.41141111111114,6.886411111111112,223.3436081173867,2.1363636363636362,False
freight_gls_30167_veh_cep_size_l_7_2,35823,51673,15850,7388,8462,1970-01-01 09:57:03,1970-01-01 14:21:13,1970-01-01 04:24:10,1970-01-01 02:03:08,1970-01-01 02:21:02,van,37,53.118452485285154,14.388732207482784,"defaultdict(<class 'int'>, {3: 34, 1: 3})",gls,l,3,60.0,0.0,0.16666666666666666,0.8333333333333334,1.0,0.2608695652173913,1.0,189.15,20.50372265932007,100.6915277777778,0.0,209.65372265932007,1.6216216216216217,True
freight_dhl_30916_1_veh_cep_size_m_10_6,35870,51644,15774,4961,10813,1970-01-01 09:57:50,1970-01-01 14:20:44,1970-01-01 04:22:54,1970-01-01 01:22:41,1970-01-01 03:00:13,van,41,95.26323630678174,11.668048391416647,"defaultdict(<class 'int'>, {7: 20, 6: 21})",dhl,m,6,41.0,0.0,0.07317073170731707,0.926829268292683,1.0,0.24848484848484848,1.0,171.78,35.437923906122805,100.20871666666667,0.0,207.2179239061228,1.0,False
freight_dhl_31535_2_veh_cep_size_l_10_6,35874,64891,29017,17156,11861,1970-01-01 09:57:54,1970-01-01 18:01:31,1970-01-01 08:03:37,1970-01-01 04:45:56,1970-01-01 03:17:41,van,61,51.05242811584057,3.2240054313378472,"defaultdict(<class 'int'>, {6: 61})",dhl,l,6,138.0,0.0,0.09420289855072464,0.9057971014492754,1.0,0.6,1.0,189.15,19.70623725271446,184.3385527777778,12.81355277777778,221.66979003049224,2.262295081967213,False
freight_dhl_30559_1_veh_cep_size_l_10_2,35877,65461,29584,23451,6133,1970-01-01 09:57:57,1970-01-01 18:11:01,1970-01-01 08:13:04,1970-01-01 06:30:51,1970-01-01 01:42:13,van,32,34.4508715163413,4.706095920554924,"defaultdict(<class 'int'>, {5: 8, 6: 13, 4: 11})",dhl,l,6,229.0,0.0,0.3318777292576419,0.6681222707423581,1.0,0.9956521739130435,1.0,189.15,13.298036405307743,187.9405777777778,16.41557777777778,218.86361418308553,7.15625,True
freight_dhl_31832_1_veh_cep_size_l_10_7,35541,54349,18808,15945,2863,1970-01-01 09:52:21,1970-01-01 15:05:49,1970-01-01 05:13:28,1970-01-01 04:25:45,1970-01-01 00:47:43,van,31,21.16286273283469,0.0,"defaultdict(<class 'int'>, {6: 31})",dhl,l,6,146.0,0.0,0.1917808219178082,0.8082191780821918,1.0,0.6347826086956522,1.0,189.15,8.168865014874191,119.48304444444446,0.0,197.3188650148742,4.709677419354839,False
freight_amazon_30167_veh_cep_size_l_10_1,35931,73106,37175,28561,8614,1970-01-01 09:58:51,1970-01-01 20:18:26,1970-01-01 10:19:35,1970-01-01 07:56:01,1970-01-01 02:23:34,van,58,68.10026174243097,11.883264821112974,"defaultdict(<class 'int'>, {3: 57, 1: 1})",amazon,l,3,230.0,0.0,0.021739130434782608,0.9782608695652174,1.0,1.0,1.0,189.15,26.286701032578357,236.1645138888889,64.6395138888889,280.0762149214672,3.9655172413793105,True
freight_dpd_31311_veh_cep_size_m_10_4,35933,40866,4933,1089,3844,1970-01-01 09:58:53,1970-01-01 11:21:06,1970-01-01 01:22:13,1970-01-01 00:18:09,1970-01-01 01:04:04,van,9,44.66782739767987,18.189921335684165,"defaultdict(<class 'int'>, {7: 9})",dpd,m,7,9.0,0.0,0.0,1.0,1.0,0.05454545454545454,1.0,171.78,16.61643179193691,31.338252777777782,0.0,188.39643179193692,1.0,False
freight_amazon_30926_0_veh_cep_size_m_9_4,35941,55565,19624,14680,4944,1970-01-01 09:59:01,1970-01-01 15:26:05,1970-01-01 05:27:04,1970-01-01 04:04:40,1970-01-01 01:22:24,van,47,35.40022334085031,4.968485068592083,"defaultdict(<class 'int'>, {6: 47})",amazon,m,6,117.0,0.0,0.008547008547008548,0.9914529914529915,1.0,0.7090909090909091,1.0,171.78,13.168883082796315,124.66691111111112,0.0,184.94888308279633,2.4893617021276597,False
freight_dhl_30938_1_veh_cep_size_l_10_9,35956,48884,12928,4018,8910,1970-01-01 09:59:16,1970-01-01 13:34:44,1970-01-01 03:35:28,1970-01-01 01:06:58,1970-01-01 02:28:30,van,14,70.15037615017039,9.458629388300153,"defaultdict(<class 'int'>, {6: 5, 7: 9})",dhl,l,7,32.0,0.0,0.0625,0.9375,1.0,0.1391304347826087,1.0,189.15,27.07804519396577,82.12871111111112,0.0,216.22804519396578,2.2857142857142856,False
freight_fedex_30655_veh_cep_size_m_9_2,35958,48342,12384,6439,5945,1970-01-01 09:59:18,1970-01-01 13:25:42,1970-01-01 03:26:24,1970-01-01 01:47:19,1970-01-01 01:39:05,van,15,42.81019724824933,13.455077084180028,"defaultdict(<class 'int'>, {4: 6, 2: 9})",fedex,m,2,52.0,0.0,0.8461538461538461,0.15384615384615385,1.0,0.3151515151515151,1.0,171.78,15.925393376348751,78.67280000000001,0.0,187.70539337634875,3.466666666666667,True
freight_amazon_30179_veh_cep_size_l_9_2,35978,64633,28655,21807,6848,1970-01-01 09:59:38,1970-01-01 17:57:13,1970-01-01 07:57:35,1970-01-01 06:03:27,1970-01-01 01:54:08,van,37,55.942644781441295,13.496743670640951,"defaultdict(<class 'int'>, {5: 16, 4: 21})",amazon,l,4,173.0,0.0,0.0,1.0,1.0,0.7521739130434782,1.0,189.15,21.59386088563634,182.03884722222224,10.513847222222223,221.25770810785855,4.675675675675675,True
freight_hermes_31303_veh_cep_size_l_7_6,36008,60702,24694,9204,15490,1970-01-01 10:00:08,1970-01-01 16:51:42,1970-01-01 06:51:34,1970-01-01 02:33:24,1970-01-01 04:18:10,van,54,142.22471264271138,22.722183729670544,"defaultdict(<class 'int'>, {8: 3, 4: 38, 6: 13})",hermes,l,4,75.0,0.0,0.013333333333333334,0.9866666666666667,1.0,0.32608695652173914,1.0,189.15,54.89873908008659,156.87549444444446,0.0,244.0487390800866,1.3888888888888888,True
freight_gls_31535_veh_cep_size_m_10_8,36011,58251,22240,5632,16608,1970-01-01 10:00:11,1970-01-01 16:10:51,1970-01-01 06:10:40,1970-01-01 01:33:52,1970-01-01 04:36:48,van,42,140.66727143757913,39.24923519650931,"defaultdict(<class 'int'>, {7: 11, 5: 1, 6: 12, 8: 18})",gls,m,8,46.0,0.0,0.0,1.0,1.0,0.2787878787878788,1.0,171.78,52.32822497477944,141.28577777777778,0.0,224.10822497477943,1.0952380952380953,False
freight_hermes_30827_veh_cep_size_m_10_3,36009,50205,14196,7242,6954,1970-01-01 10:00:09,1970-01-01 13:56:45,1970-01-01 03:56:36,1970-01-01 02:00:42,1970-01-01 01:55:54,van,38,53.54205836612206,6.908546583370585,"defaultdict(<class 'int'>, {6: 37, 4: 1})",hermes,m,6,58.0,0.0,0.0,1.0,1.0,0.3515151515151515,1.0,171.78,19.91764571219741,90.18403333333335,0.0,191.6976457121974,1.5263157894736843,False
freight_dhl_30966_0_veh_cep_size_m_10_5,36065,54312,18247,12861,5386,1970-01-01 10:01:05,1970-01-01 15:05:12,1970-01-01 05:04:07,1970-01-01 03:34:21,1970-01-01 01:29:46,van,46,52.51351438366023,5.691804140273552,"defaultdict(<class 'int'>, {4: 15, 8: 31})",dhl,m,8,103.0,0.0,0.05825242718446602,0.941747572815534,1.0,0.6242424242424243,1.0,171.78,19.535027350721606,115.91913611111111,0.0,191.3150273507216,2.239130434782609,False
freight_amazon_30827_veh_cep_size_m_9_2,36077,65258,29181,20404,8777,1970-01-01 10:01:17,1970-01-01 18:07:38,1970-01-01 08:06:21,1970-01-01 05:40:04,1970-01-01 02:26:17,van,53,69.01655310129004,4.24998592128504,"defaultdict(<class 'int'>, {6: 53})",amazon,m,6,163.0,0.0,0.006134969325153374,0.9938650306748467,1.0,0.9878787878787879,1.0,171.78,25.674157753679896,185.38040833333335,13.855408333333335,211.30956608701325,3.0754716981132075,False
freight_dhl_31319_0_veh_cep_size_m_10_6,36103,55575,19472,15364,4108,1970-01-01 10:01:43,1970-01-01 15:26:15,1970-01-01 05:24:32,1970-01-01 04:16:04,1970-01-01 01:08:28,van,39,38.617759559775315,4.145463093203816,"defaultdict(<class 'int'>, {5: 39})",dhl,m,5,123.0,0.0,0.04878048780487805,0.9512195121951219,1.0,0.7454545454545455,1.0,171.78,14.365806556236418,123.7012888888889,0.0,186.1458065562364,3.1538461538461537,False
freight_fedex_30938_veh_cep_size_l_10_2,36103,54523,18420,12803,5617,1970-01-01 10:01:43,1970-01-01 15:08:43,1970-01-01 05:07:00,1970-01-01 03:33:23,1970-01-01 01:33:37,van,9,54.541772679056024,14.701574655905256,"defaultdict(<class 'int'>, {6: 6, 7: 3})",fedex,l,6,165.0,0.0,0.8,0.2,1.0,0.717391304347826,1.0,189.15,21.053124254115627,117.01816666666667,0.0,210.20312425411564,18.333333333333332,False
freight_dpd_31275_veh_cep_size_m_10_6,35589,38664,3075,1894,1181,1970-01-01 09:53:09,1970-01-01 10:44:24,1970-01-01 00:51:15,1970-01-01 00:31:34,1970-01-01 00:19:41,van,7,11.414527345177733,0.0,"defaultdict(<class 'int'>, {6: 7})",dpd,m,6,15.0,0.0,0.2,0.8,1.0,0.09090909090909091,1.0,171.78,4.246204172406117,19.534791666666667,0.0,176.02620417240612,2.142857142857143,False
freight_amazon_31515_0_veh_cep_size_m_10_2,36118,61876,25758,16501,9257,1970-01-01 10:01:58,1970-01-01 17:11:16,1970-01-01 07:09:18,1970-01-01 04:35:01,1970-01-01 02:34:17,van,47,73.06072304882058,11.225726766950327,"defaultdict(<class 'int'>, {6: 45, 7: 2})",amazon,m,6,129.0,0.0,0.0,1.0,1.0,0.7818181818181819,1.0,171.78,27.178588974161254,163.63485000000003,0.0,198.95858897416124,2.74468085106383,False
freight_amazon_30916_0_veh_cep_size_m_9_2,36126,64368,28242,16161,12081,1970-01-01 10:02:06,1970-01-01 17:52:48,1970-01-01 07:50:42,1970-01-01 04:29:21,1970-01-01 03:21:21,van,47,96.04124855407274,21.703604222678493,"defaultdict(<class 'int'>, {6: 42, 8: 2, 7: 3})",amazon,m,6,127.0,0.0,0.0,1.0,1.0,0.7696969696969697,1.0,171.78,35.727344462115056,179.41515,7.890150000000001,215.39749446211505,2.702127659574468,False
freight_dhl_30982_1_veh_cep_size_l_10_2,36133,65778,29645,22057,7588,1970-01-01 10:02:13,1970-01-01 18:16:18,1970-01-01 08:14:05,1970-01-01 06:07:37,1970-01-01 02:06:28,van,33,40.282720163251895,3.7527142654275876,"defaultdict(<class 'int'>, {6: 33})",dhl,l,6,172.0,0.0,0.08139534883720931,0.9186046511627907,1.0,0.7478260869565218,1.0,189.15,15.549129983015233,188.32809722222223,16.803097222222224,221.50222720523746,5.212121212121212,False
freight_gls_30655_veh_cep_size_m_10_3,36168,54379,18211,9908,8303,1970-01-01 10:02:48,1970-01-01 15:06:19,1970-01-01 05:03:31,1970-01-01 02:45:08,1970-01-01 02:18:23,van,44,63.14299400264633,16.181245538100736,"defaultdict(<class 'int'>, {4: 27, 2: 17})",gls,m,4,79.0,0.0,0.13924050632911392,0.8607594936708861,1.0,0.47878787878787876,1.0,171.78,23.489193768984435,115.69043611111113,0.0,195.26919376898445,1.7954545454545454,True
freight_hermes_31515_1_veh_cep_size_m_7_4,36180,60732,24552,11606,12946,1970-01-01 10:03:00,1970-01-01 16:52:12,1970-01-01 06:49:12,1970-01-01 03:13:26,1970-01-01 03:35:46,van,74,119.5782352201955,18.774223656293238,"defaultdict(<class 'int'>, {6: 74})",hermes,m,6,94.0,0.0,0.02127659574468085,0.9787234042553191,1.0,0.5696969696969697,1.0,171.78,44.48310350191272,155.97340000000003,0.0,216.26310350191272,1.2702702702702702,False
freight_hermes_30655_veh_cep_size_m_8_2,36201,67994,31793,20611,11182,1970-01-01 10:03:21,1970-01-01 18:53:14,1970-01-01 08:49:53,1970-01-01 05:43:31,1970-01-01 03:06:22,van,52,75.63389577438468,12.90884912007934,"defaultdict(<class 'int'>, {4: 49, 2: 3})",hermes,m,4,162.0,0.0,0.06790123456790123,0.9320987654320988,1.0,0.9818181818181818,1.0,171.78,28.135809228071103,201.9738638888889,30.44886388888889,230.36467311696,3.1153846153846154,True
freight_amazon_30900_0_veh_cep_size_m_10_3,36204,65065,28861,17106,11755,1970-01-01 10:03:24,1970-01-01 18:04:25,1970-01-01 08:01:01,1970-01-01 04:45:06,1970-01-01 03:15:55,van,66,111.2637588355451,21.97855797248746,"defaultdict(<class 'int'>, {7: 64, 6: 2})",amazon,m,7,137.0,0.0,0.0,1.0,1.0,0.8303030303030303,1.0,171.78,41.390118286822776,183.34751944444446,11.822519444444445,224.99263773126722,2.0757575757575757,False
freight_amazon_30938_1_veh_cep_size_m_10_5,36240,51608,15368,5941,9427,1970-01-01 10:04:00,1970-01-01 14:20:08,1970-01-01 04:16:08,1970-01-01 01:39:01,1970-01-01 02:37:07,van,33,90.71279448482808,27.75004682162062,"defaultdict(<class 'int'>, {7: 6, 6: 27})",amazon,m,6,48.0,0.0,0.0,1.0,1.0,0.2909090909090909,1.0,171.78,33.74515954835604,97.6294888888889,0.0,205.52515954835604,1.4545454545454546,False
freight_amazon_30900_0_veh_cep_size_l_10_1,36243,66192,29949,13289,16660,1970-01-01 10:04:03,1970-01-01 18:23:12,1970-01-01 08:19:09,1970-01-01 03:41:29,1970-01-01 04:37:40,van,75,168.73290593263255,23.44546705946775,"defaultdict(<class 'int'>, {8: 15, 7: 60})",amazon,l,7,107.0,0.0,0.0,1.0,1.0,0.4652173913043478,1.0,189.15,65.13090168999616,190.25934166666667,18.73434166666667,273.01524335666284,1.4266666666666667,False
freight_ups_30159_veh_cep_size_l_10_1,36283,72148,35865,27972,7893,1970-01-01 10:04:43,1970-01-01 20:02:28,1970-01-01 09:57:45,1970-01-01 07:46:12,1970-01-01 02:11:33,van,50,51.491244126414784,12.112867587762876,"defaultdict(<class 'int'>, {1: 44, 3: 1, 2: 4, 5: 1})",ups,l,1,230.0,0.0,0.7956521739130434,0.20434782608695654,1.0,1.0,1.0,189.15,19.875620232796106,227.84237500000003,56.317375000000006,265.3429952327961,4.6,True
freight_ups_30165_veh_cep_size_l_10_3,36323,65958,29635,17514,12121,1970-01-01 10:05:23,1970-01-01 18:19:18,1970-01-01 08:13:55,1970-01-01 04:51:54,1970-01-01 03:22:01,van,63,77.12479114165464,8.627170524998697,"defaultdict(<class 'int'>, {3: 59, 5: 4})",ups,l,3,140.0,0.0,0.7714285714285715,0.22857142857142856,1.0,0.6086956521739131,1.0,189.15,29.77016938067869,188.26456944444448,16.739569444444445,235.65973882512313,2.2222222222222223,True
freight_amazon_31303_1_veh_cep_size_m_10_5,36333,57106,20773,6300,14473,1970-01-01 10:05:33,1970-01-01 15:51:46,1970-01-01 05:46:13,1970-01-01 01:45:00,1970-01-01 04:01:13,van,49,123.46302377766237,34.72613352341668,"defaultdict(<class 'int'>, {8: 25, 4: 15, 6: 9})",amazon,m,8,52.0,0.0,0.0,1.0,1.0,0.3151515151515151,1.0,171.78,45.9282448452904,131.96625277777778,0.0,217.7082448452904,1.0612244897959184,True
freight_amazon_30938_0_veh_cep_size_m_10_1,36348,69542,33194,14725,18469,1970-01-01 10:05:48,1970-01-01 19:19:02,1970-01-01 09:13:14,1970-01-01 04:05:25,1970-01-01 05:07:49,van,71,175.80610683448091,30.69400088784539,"defaultdict(<class 'int'>, {7: 71})",amazon,m,7,118.0,0.0,0.0,1.0,1.0,0.7151515151515152,1.0,171.78,65.3998717424269,210.8741055555556,39.34910555555556,276.52897729798246,1.6619718309859155,False
freight_gls_30451_veh_cep_size_l_10_1,36350,71827,35477,20797,14680,1970-01-01 10:05:50,1970-01-01 19:57:07,1970-01-01 09:51:17,1970-01-01 05:46:37,1970-01-01 04:04:40,van,97,86.60914828401718,15.348229494698092,"defaultdict(<class 'int'>, {2: 91, 3: 5, 6: 1})",gls,l,2,169.0,0.0,0.1301775147928994,0.8698224852071006,1.0,0.7347826086956522,1.0,189.15,33.43113123763063,225.37749722222225,53.852497222222226,276.43362845985286,1.7422680412371134,True
freight_amazon_31275_0_veh_cep_size_m_10_6,36360,58668,22308,11916,10392,1970-01-01 10:06:00,1970-01-01 16:17:48,1970-01-01 06:11:48,1970-01-01 03:18:36,1970-01-01 02:53:12,van,74,127.07795027273903,32.01969460662298,"defaultdict(<class 'int'>, {6: 74})",amazon,m,6,97.0,0.0,0.0,1.0,1.0,0.5878787878787879,1.0,171.78,47.27299750145892,141.71776666666668,0.0,219.05299750145892,1.3108108108108107,False
freight_amazon_31275_0_veh_cep_size_m_10_5,36360,64309,27949,14648,13301,1970-01-01 10:06:00,1970-01-01 17:51:49,1970-01-01 07:45:49,1970-01-01 04:04:08,1970-01-01 03:41:41,van,60,173.47814441285905,32.686809167884604,"defaultdict(<class 'int'>, {6: 26, 7: 34})",amazon,m,7,117.0,0.0,0.0,1.0,1.0,0.7090909090909091,1.0,171.78,64.53386972158357,177.55378611111112,6.028786111111112,242.34265583269467,1.95,False
freight_gls_30161_veh_cep_size_m_10_2,36393,61825,25432,16708,8724,1970-01-01 10:06:33,1970-01-01 17:10:25,1970-01-01 07:03:52,1970-01-01 04:38:28,1970-01-01 02:25:24,van,57,62.41731708964615,13.93806706697543,"defaultdict(<class 'int'>, {2: 54, 1: 3})",gls,m,2,134.0,0.0,0.1865671641791045,0.8134328358208955,1.0,0.8121212121212121,1.0,171.78,23.219241957348366,161.56384444444447,0.0,194.99924195734837,2.3508771929824563,True
freight_fedex_30926_veh_cep_size_m_10_2,36399,56066,19667,12489,7178,1970-01-01 10:06:39,1970-01-01 15:34:26,1970-01-01 05:27:47,1970-01-01 03:28:09,1970-01-01 01:59:38,van,36,57.44200174111582,13.938890079627939,"defaultdict(<class 'int'>, {4: 33, 6: 3})",fedex,m,4,110.0,0.0,0.8454545454545455,0.15454545454545454,1.0,0.6666666666666666,1.0,171.78,21.368424647695083,124.94008055555557,0.0,193.1484246476951,3.0555555555555554,False
freight_amazon_30169_veh_cep_size_l_9_1,36401,65281,28880,20504,8376,1970-01-01 10:06:41,1970-01-01 18:08:01,1970-01-01 08:01:20,1970-01-01 05:41:44,1970-01-01 02:19:36,van,51,67.70770015312753,15.4668521929277,"defaultdict(<class 'int'>, {2: 50, 3: 1})",amazon,l,2,165.0,0.0,0.006060606060606061,0.9939393939393939,1.0,0.717391304347826,1.0,189.15,26.13517225910723,183.46822222222224,11.943222222222223,227.22839448132947,3.235294117647059,True
freight_amazon_30173_veh_cep_size_m_10_4,36426,57283,20857,12209,8648,1970-01-01 10:07:06,1970-01-01 15:54:43,1970-01-01 05:47:37,1970-01-01 03:23:29,1970-01-01 02:24:08,van,57,66.7249433114252,16.706547253949832,"defaultdict(<class 'int'>, {2: 42, 5: 15})",amazon,m,2,99.0,0.0,0.020202020202020204,0.9797979797979798,1.0,0.6,1.0,171.78,24.821678911850178,132.49988611111112,0.0,196.60167891185017,1.736842105263158,True
freight_amazon_31311_veh_cep_size_m_9_1,36453,68190,31737,13863,17874,1970-01-01 10:07:33,1970-01-01 18:56:30,1970-01-01 08:48:57,1970-01-01 03:51:03,1970-01-01 04:57:54,van,78,188.19858119938607,50.09547413593135,"defaultdict(<class 'int'>, {6: 25, 7: 52, 8: 1})",amazon,m,7,112.0,0.0,0.0,1.0,1.0,0.6787878787878788,1.0,171.78,70.00987220617162,201.61810833333334,30.093108333333337,271.88298053950496,1.435897435897436,False
freight_dhl_30559_1_veh_cep_size_m_9_7,36463,42778,6315,4941,1374,1970-01-01 10:07:43,1970-01-01 11:52:58,1970-01-01 01:45:15,1970-01-01 01:22:21,1970-01-01 00:22:54,van,8,10.316656836009694,4.104805595649913,"defaultdict(<class 'int'>, {6: 8})",dhl,m,6,39.0,0.0,0.38461538461538464,0.6153846153846154,1.0,0.23636363636363636,1.0,171.78,3.837796342995606,40.11779166666667,0.0,175.6177963429956,4.875,True
freight_gls_30455_veh_cep_size_m_10_2,36507,62744,26237,12367,13870,1970-01-01 10:08:27,1970-01-01 17:25:44,1970-01-01 07:17:17,1970-01-01 03:26:07,1970-01-01 03:51:10,van,67,82.04739261466948,17.760592195511343,"defaultdict(<class 'int'>, {4: 66, 3: 1})",gls,m,4,100.0,0.0,0.08,0.92,1.0,0.6060606060606061,1.0,171.78,30.521630052657045,166.67783055555557,0.0,202.30163005265706,1.492537313432836,True
freight_amazon_30938_0_veh_cep_size_m_9_3,36524,64254,27730,15864,11866,1970-01-01 10:08:44,1970-01-01 17:50:54,1970-01-01 07:42:10,1970-01-01 04:24:24,1970-01-01 03:17:46,van,59,105.09781444343352,24.499527570928574,"defaultdict(<class 'int'>, {6: 59})",amazon,m,6,128.0,0.0,0.0078125,0.9921875,1.0,0.7757575757575758,1.0,171.78,39.09638697295727,176.1625277777778,4.637527777777779,215.51391475073507,2.169491525423729,False
freight_amazon_30938_0_veh_cep_size_m_9_4,36530,65019,28489,14594,13895,1970-01-01 10:08:50,1970-01-01 18:03:39,1970-01-01 07:54:49,1970-01-01 04:03:14,1970-01-01 03:51:35,van,68,107.76077446537536,24.783773417855507,"defaultdict(<class 'int'>, {6: 68})",amazon,m,6,117.0,0.0,0.0,1.0,1.0,0.7090909090909091,1.0,171.78,40.087008101119636,180.98428611111112,9.459286111111112,221.32629421223075,1.7205882352941178,False
freight_dhl_30559_0_veh_cep_size_l_10_5,36559,67644,31085,22355,8730,1970-01-01 10:09:19,1970-01-01 18:47:24,1970-01-01 08:38:05,1970-01-01 06:12:35,1970-01-01 02:25:30,van,60,59.41935339080889,6.872087968533664,"defaultdict(<class 'int'>, {4: 60})",dhl,l,4,181.0,0.0,0.08287292817679558,0.9171270718232044,1.0,0.7869565217391304,1.0,189.15,22.93587040885223,197.47609722222225,25.951097222222224,238.03696763107445,3.0166666666666666,True
freight_gls_30629_veh_cep_size_m_10_3,36571,53689,17118,7191,9927,1970-01-01 10:09:31,1970-01-01 14:54:49,1970-01-01 04:45:18,1970-01-01 01:59:51,1970-01-01 02:45:27,van,55,76.5839466028555,16.163426898480985,"defaultdict(<class 'int'>, {5: 3, 4: 52})",gls,m,4,59.0,0.0,0.1016949152542373,0.8983050847457628,1.0,0.3575757575757576,1.0,171.78,28.48922813626225,108.74685000000001,0.0,200.26922813626226,1.0727272727272728,True
freight_amazon_30926_1_veh_cep_size_m_9_3,36572,65055,28483,17836,10647,1970-01-01 10:09:32,1970-01-01 18:04:15,1970-01-01 07:54:43,1970-01-01 04:57:16,1970-01-01 02:57:27,van,74,72.85206368703908,6.515581734868414,"defaultdict(<class 'int'>, {6: 32, 7: 42})",amazon,m,7,142.0,0.0,0.0,1.0,1.0,0.8606060606060606,1.0,171.78,27.100967691578536,180.94616944444445,9.421169444444445,208.302137136023,1.9189189189189189,False
freight_dpd_30175_veh_cep_size_m_9_2,36580,43263,6683,2026,4657,1970-01-01 10:09:40,1970-01-01 12:01:03,1970-01-01 01:51:23,1970-01-01 00:33:46,1970-01-01 01:17:37,van,4,35.36979186031639,16.16201453402988,"defaultdict(<class 'int'>, {4: 4})",dpd,m,4,16.0,0.0,0.1875,0.8125,1.0,0.09696969696969697,1.0,171.78,13.157562572037698,42.45561388888889,0.0,184.9375625720377,4.0,True
freight_amazon_30853_veh_cep_size_m_10_4,36577,52714,16137,8301,7836,1970-01-01 10:09:37,1970-01-01 14:38:34,1970-01-01 04:28:57,1970-01-01 02:18:21,1970-01-01 02:10:36,van,53,71.64187285592571,14.784946106573058,"defaultdict(<class 'int'>, {6: 53})",amazon,m,6,68.0,0.0,0.0,1.0,1.0,0.4121212121212121,1.0,171.78,26.650776702404364,102.51477500000001,0.0,198.43077670240436,1.2830188679245282,False
freight_dhl_30453_veh_cep_size_l_10_1,36582,51273,14691,9402,5289,1970-01-01 10:09:42,1970-01-01 14:14:33,1970-01-01 04:04:51,1970-01-01 02:36:42,1970-01-01 01:28:09,van,21,35.9450378098494,7.951039895352252,"defaultdict(<class 'int'>, {4: 21})",dhl,l,4,77.0,0.0,0.1038961038961039,0.8961038961038961,1.0,0.3347826086956522,1.0,189.15,13.87478459460187,93.32865833333334,0.0,203.02478459460187,3.6666666666666665,True
freight_gls_30449_veh_cep_size_m_10_2,36595,53794,17199,7065,10134,1970-01-01 10:09:55,1970-01-01 14:56:34,1970-01-01 04:46:39,1970-01-01 01:57:45,1970-01-01 02:48:54,van,34,52.16981556446499,14.482137172073232,"defaultdict(<class 'int'>, {3: 34})",gls,m,3,57.0,0.0,0.22807017543859648,0.7719298245614035,1.0,0.34545454545454546,1.0,171.78,19.407171389980977,109.26142500000002,0.0,191.187171389981,1.6764705882352942,True
freight_dhl_30982_0_veh_cep_size_m_8_4,36615,58486,21871,13573,8298,1970-01-01 10:10:15,1970-01-01 16:14:46,1970-01-01 06:04:31,1970-01-01 03:46:13,1970-01-01 02:18:18,van,55,56.134674292239886,2.5359807614899545,"defaultdict(<class 'int'>, {6: 55})",dhl,m,6,108.0,0.0,0.16666666666666666,0.8333333333333334,1.0,0.6545454545454545,1.0,171.78,20.882098836713237,138.9416027777778,0.0,192.66209883671323,1.9636363636363636,False
freight_dhl_31311_1_veh_cep_size_m_10_6,36618,67761,31143,15644,15499,1970-01-01 10:10:18,1970-01-01 18:49:21,1970-01-01 08:39:03,1970-01-01 04:20:44,1970-01-01 04:18:19,van,62,99.04557579357264,3.054512409995553,"defaultdict(<class 'int'>, {7: 62})",dhl,m,7,124.0,0.0,0.12096774193548387,0.8790322580645161,1.0,0.7515151515151515,1.0,171.78,36.84495419520902,197.84455833333334,26.319558333333337,234.94451252854236,2.0,False
freight_amazon_31535_1_veh_cep_size_m_10_7,36621,59194,22573,11496,11077,1970-01-01 10:10:21,1970-01-01 16:26:34,1970-01-01 06:16:13,1970-01-01 03:11:36,1970-01-01 03:04:37,van,48,108.74227722545764,12.988526796730367,"defaultdict(<class 'int'>, {6: 19, 7: 4, 8: 25})",amazon,m,8,91.0,0.0,0.0,1.0,1.0,0.5515151515151515,1.0,171.78,40.45212712787024,143.40125277777778,0.0,212.23212712787023,1.8958333333333333,False
freight_amazon_30177_veh_cep_size_m_9_2,36643,69045,32402,20374,12028,1970-01-01 10:10:43,1970-01-01 19:10:45,1970-01-01 09:00:02,1970-01-01 05:39:34,1970-01-01 03:20:28,van,63,79.27919583644528,16.546877948369772,"defaultdict(<class 'int'>, {2: 63})",amazon,m,2,165.0,0.0,0.024242424242424242,0.9757575757575757,1.0,1.0,1.0,171.78,29.491860851157647,205.84270555555557,34.317705555555555,235.5895664067132,2.619047619047619,True
freight_ups_30823_veh_cep_size_m_7_1,36668,68090,31422,16723,14699,1970-01-01 10:11:08,1970-01-01 18:54:50,1970-01-01 08:43:42,1970-01-01 04:38:43,1970-01-01 04:04:59,van,94,114.49799694698719,14.07111437224181,"defaultdict(<class 'int'>, {8: 2, 4: 72, 6: 20})",ups,m,4,136.0,0.0,0.7720588235294118,0.22794117647058823,1.0,0.8242424242424242,1.0,171.78,42.59325486427923,199.61698333333337,28.091983333333335,242.46523819761256,1.446808510638298,False
freight_hermes_31515_1_veh_cep_size_m_10_3,36677,61779,25102,12674,12428,1970-01-01 10:11:17,1970-01-01 17:09:39,1970-01-01 06:58:22,1970-01-01 03:31:14,1970-01-01 03:27:08,van,60,106.1834691046695,19.770029801877428,"defaultdict(<class 'int'>, {6: 59, 7: 1})",hermes,m,6,101.0,0.0,0.0297029702970297,0.9702970297029703,1.0,0.6121212121212121,1.0,171.78,39.50025050693705,159.4674277777778,0.0,211.28025050693705,1.6833333333333333,False
freight_amazon_30655_veh_cep_size_m_10_5,36694,52959,16265,5965,10300,1970-01-01 10:11:34,1970-01-01 14:42:39,1970-01-01 04:31:05,1970-01-01 01:39:25,1970-01-01 02:51:40,van,44,72.69375497645798,18.978795552415573,"defaultdict(<class 'int'>, {4: 37, 2: 7})",amazon,m,4,49.0,0.0,0.0,1.0,1.0,0.296969696969697,1.0,171.78,27.04207685124237,103.32793055555557,0.0,198.82207685124237,1.1136363636363635,True
freight_amazon_31303_0_veh_cep_size_m_9_1,36708,66433,29725,14604,15121,1970-01-01 10:11:48,1970-01-01 18:27:13,1970-01-01 08:15:25,1970-01-01 04:03:24,1970-01-01 04:12:01,van,72,132.10344488752452,35.99977179280572,"defaultdict(<class 'int'>, {4: 48, 6: 24})",amazon,m,4,119.0,0.0,0.0,1.0,1.0,0.7212121212121212,1.0,171.78,49.14248149815912,188.83631944444446,17.311319444444447,238.23380094260358,1.6527777777777777,True
freight_amazon_31535_0_veh_cep_size_m_9_1,36711,59175,22464,10174,12290,1970-01-01 10:11:51,1970-01-01 16:26:15,1970-01-01 06:14:24,1970-01-01 02:49:34,1970-01-01 03:24:50,van,59,121.96057339302845,24.90930898710305,"defaultdict(<class 'int'>, {7: 59})",amazon,m,7,82.0,0.0,0.0,1.0,1.0,0.49696969696969695,1.0,171.78,45.369333302206584,142.70880000000002,0.0,217.14933330220657,1.3898305084745763,False
freight_fedex_30169_veh_cep_size_m_8_1,36732,68900,32168,19926,12242,1970-01-01 10:12:12,1970-01-01 19:08:20,1970-01-01 08:56:08,1970-01-01 05:32:06,1970-01-01 03:24:02,van,60,81.84815187670034,14.723110332053487,"defaultdict(<class 'int'>, {2: 36, 3: 24})",fedex,m,2,161.0,0.0,0.8633540372670807,0.13664596273291926,1.0,0.9757575757575757,1.0,171.78,30.44751249813253,204.35615555555557,32.83115555555556,235.0586680536881,2.683333333333333,True
freight_amazon_30457_veh_cep_size_l_9_2,36754,67910,31156,20533,10623,1970-01-01 10:12:34,1970-01-01 18:51:50,1970-01-01 08:39:16,1970-01-01 05:42:13,1970-01-01 02:57:03,van,36,80.69490666975278,18.104582126130186,"defaultdict(<class 'int'>, {4: 36})",amazon,l,4,163.0,0.0,0.03067484662576687,0.9693251533742331,1.0,0.7086956521739131,1.0,189.15,31.148233974524576,197.92714444444445,26.402144444444446,246.70037841896902,4.527777777777778,True
freight_dpd_30974_veh_cep_size_l_10_3,36761,57911,21150,7150,14000,1970-01-01 10:12:41,1970-01-01 16:05:11,1970-01-01 05:52:30,1970-01-01 01:59:10,1970-01-01 03:53:20,van,42,131.28245060896498,30.7362891531596,"defaultdict(<class 'int'>, {7: 19, 8: 23})",dpd,l,8,57.0,0.0,0.14035087719298245,0.8596491228070176,1.0,0.24782608695652175,1.0,189.15,50.67502593506048,134.36125,0.0,239.8250259350605,1.3571428571428572,False
freight_amazon_30159_veh_cep_size_l_9_3,36759,68344,31585,20878,10707,1970-01-01 10:12:39,1970-01-01 18:59:04,1970-01-01 08:46:25,1970-01-01 05:47:58,1970-01-01 02:58:27,van,73,66.01938851207223,14.109450325711931,"defaultdict(<class 'int'>, {1: 72, 3: 1})",amazon,l,1,169.0,0.0,0.005917159763313609,0.9940828402366864,1.0,0.7347826086956522,1.0,189.15,25.48348396565988,200.65248611111113,29.127486111111114,243.760970076771,2.315068493150685,True
freight_amazon_30177_veh_cep_size_l_9_1,36783,72917,36134,23272,12862,1970-01-01 10:13:03,1970-01-01 20:15:17,1970-01-01 10:02:14,1970-01-01 06:27:52,1970-01-01 03:34:22,van,70,87.02592588286807,16.594225784677743,"defaultdict(<class 'int'>, {2: 69, 4: 1})",amazon,l,2,188.0,0.0,0.010638297872340425,0.9893617021276596,1.0,0.8173913043478261,1.0,189.15,33.592007390787074,229.55127222222225,58.026272222222225,280.7682796130093,2.6857142857142855,True
freight_fedex_30827_veh_cep_size_m_10_5,36880,49053,12173,5335,6838,1970-01-01 10:14:40,1970-01-01 13:37:33,1970-01-01 03:22:53,1970-01-01 01:28:55,1970-01-01 01:53:58,van,41,61.510180959492864,12.362314256532299,"defaultdict(<class 'int'>, {6: 41})",fedex,m,6,44.0,0.0,0.9090909090909091,0.09090909090909091,1.0,0.26666666666666666,1.0,171.78,22.881787316931344,77.33236388888889,0.0,194.66178731693134,1.0731707317073171,False
freight_amazon_30659_veh_cep_size_m_10_4,36899,58690,21791,13139,8652,1970-01-01 10:14:59,1970-01-01 16:18:10,1970-01-01 06:03:11,1970-01-01 03:38:59,1970-01-01 02:24:12,van,37,67.45990723918226,17.971675104753064,"defaultdict(<class 'int'>, {4: 37})",amazon,m,4,105.0,0.0,0.0,1.0,1.0,0.6363636363636364,1.0,171.78,25.095085492975798,138.43338055555557,0.0,196.8750854929758,2.8378378378378377,True
freight_amazon_30167_veh_cep_size_m_10_2,36909,64485,27576,19664,7912,1970-01-01 10:15:09,1970-01-01 17:54:45,1970-01-01 07:39:36,1970-01-01 05:27:44,1970-01-01 02:11:52,van,50,59.630844452899574,12.120192266995014,"defaultdict(<class 'int'>, {3: 50})",amazon,m,3,159.0,0.0,0.025157232704402517,0.9748427672955975,1.0,0.9636363636363636,1.0,171.78,22.182674136478642,175.1842,3.6592000000000002,197.62187413647865,3.18,True
freight_dhl_30982_0_veh_cep_size_m_10_2,36967,64765,27798,17759,10039,1970-01-01 10:16:07,1970-01-01 17:59:25,1970-01-01 07:43:18,1970-01-01 04:55:59,1970-01-01 02:47:19,van,54,72.32264093608684,8.536027143286253,"defaultdict(<class 'int'>, {8: 50, 7: 4})",dhl,m,8,140.0,0.0,0.07857142857142857,0.9214285714285714,1.0,0.8484848484848485,1.0,171.78,26.904022428224305,176.5945166666667,5.069516666666667,203.75353909489095,2.5925925925925926,False
freight_hermes_30655_veh_cep_size_m_7_1,36978,66545,29567,12694,16873,1970-01-01 10:16:18,1970-01-01 18:29:05,1970-01-01 08:12:47,1970-01-01 03:31:34,1970-01-01 04:41:13,van,58,96.09225942094078,12.791246606955236,"defaultdict(<class 'int'>, {4: 58})",hermes,m,4,102.0,0.0,0.0392156862745098,0.9607843137254902,1.0,0.6181818181818182,1.0,171.78,35.74632050458997,187.83258055555558,16.307580555555557,223.8339010601455,1.7586206896551724,True
freight_hermes_30916_veh_cep_size_m_10_5,37008,61964,24956,13154,11802,1970-01-01 10:16:48,1970-01-01 17:12:44,1970-01-01 06:55:56,1970-01-01 03:39:14,1970-01-01 03:16:42,van,66,91.02357140219294,10.03188292138097,"defaultdict(<class 'int'>, {7: 35, 6: 1, 8: 30})",hermes,m,7,106.0,0.0,0.018867924528301886,0.9811320754716981,1.0,0.6424242424242425,1.0,171.78,33.86076856161577,158.53992222222223,0.0,205.64076856161577,1.606060606060606,False
freight_amazon_30926_1_veh_cep_size_m_9_4,37019,62210,25191,17184,8007,1970-01-01 10:16:59,1970-01-01 17:16:50,1970-01-01 06:59:51,1970-01-01 04:46:24,1970-01-01 02:13:27,van,69,61.1316841696092,4.59943502301133,"defaultdict(<class 'int'>, {6: 69})",amazon,m,6,138.0,0.0,0.0,1.0,1.0,0.8363636363636363,1.0,171.78,22.740986511094622,160.032825,0.0,194.52098651109463,2.0,False
freight_gls_30655_veh_cep_size_m_10_1,37019,59395,22376,9856,12520,1970-01-01 10:16:59,1970-01-01 16:29:55,1970-01-01 06:12:56,1970-01-01 02:44:16,1970-01-01 03:28:40,van,50,88.50679980864818,16.332817766848162,"defaultdict(<class 'int'>, {4: 50})",gls,m,4,79.0,0.0,0.12658227848101267,0.8734177215189873,1.0,0.47878787878787876,1.0,171.78,32.924529528817125,142.14975555555557,0.0,204.70452952881712,1.58,True
freight_gls_30916_veh_cep_size_m_10_4,37032,57211,20179,7880,12299,1970-01-01 10:17:12,1970-01-01 15:53:31,1970-01-01 05:36:19,1970-01-01 02:11:20,1970-01-01 03:24:59,van,62,104.30986442307454,21.295213369369012,"defaultdict(<class 'int'>, {6: 42, 7: 20})",gls,m,6,65.0,0.0,0.1076923076923077,0.8923076923076924,1.0,0.3939393939393939,1.0,171.78,38.80326956538373,128.19270277777778,0.0,210.58326956538372,1.0483870967741935,False
freight_dhl_30559_0_veh_cep_size_m_10_7,37056,44108,7052,4656,2396,1970-01-01 10:17:36,1970-01-01 12:15:08,1970-01-01 01:57:32,1970-01-01 01:17:36,1970-01-01 00:39:56,van,14,14.786235957410923,5.941457741883445,"defaultdict(<class 'int'>, {4: 14})",dhl,m,4,38.0,0.0,0.10526315789473684,0.8947368421052632,1.0,0.23030303030303031,1.0,171.78,5.500479776156864,44.79978888888889,0.0,177.28047977615685,2.7142857142857144,True
freight_gls_30655_veh_cep_size_m_10_2,37084,59808,22724,10919,11805,1970-01-01 10:18:04,1970-01-01 16:36:48,1970-01-01 06:18:44,1970-01-01 03:01:59,1970-01-01 03:16:45,van,52,80.36767855463972,16.409384903232038,"defaultdict(<class 'int'>, {4: 41, 2: 11})",gls,m,4,87.0,0.0,0.10344827586206896,0.896551724137931,1.0,0.5272727272727272,1.0,171.78,29.896776422325978,144.36052222222224,0.0,201.676776422326,1.6730769230769231,True
freight_amazon_30629_veh_cep_size_m_9_2,37097,67527,30430,19865,10565,1970-01-01 10:18:17,1970-01-01 18:45:27,1970-01-01 08:27:10,1970-01-01 05:31:05,1970-01-01 02:56:05,van,38,80.11824494294262,21.302765793451243,"defaultdict(<class 'int'>, {4: 38})",amazon,m,4,156.0,0.0,0.0,1.0,1.0,0.9454545454545454,1.0,171.78,29.803987118774657,193.3150277777778,21.79002777777778,223.3740148965524,4.105263157894737,True
freight_hermes_31515_1_veh_cep_size_m_10_2,37114,63390,26276,14254,12022,1970-01-01 10:18:34,1970-01-01 17:36:30,1970-01-01 07:17:56,1970-01-01 03:57:34,1970-01-01 03:20:22,van,58,100.84706508351316,20.776096309353157,"defaultdict(<class 'int'>, {6: 41, 7: 17})",hermes,m,6,111.0,0.0,0.018018018018018018,0.9819819819819819,1.0,0.6727272727272727,1.0,171.78,37.515108211066895,166.9255888888889,0.0,209.2951082110669,1.9137931034482758,False
freight_dpd_30449_veh_cep_size_l_9_2,37198,63941,26743,12320,14423,1970-01-01 10:19:58,1970-01-01 17:45:41,1970-01-01 07:25:43,1970-01-01 03:25:20,1970-01-01 04:00:23,van,56,76.3920324952649,19.99989782051365,"defaultdict(<class 'int'>, {3: 56})",dpd,l,3,99.0,0.0,0.23232323232323232,0.7676767676767676,1.0,0.43043478260869567,1.0,189.15,29.487324543172253,169.89233611111112,0.0,218.63732454317227,1.7678571428571428,True
freight_amazon_31303_1_veh_cep_size_l_9_3,37210,65444,28234,15022,13212,1970-01-01 10:20:10,1970-01-01 18:10:44,1970-01-01 07:50:34,1970-01-01 04:10:22,1970-01-01 03:40:12,van,67,126.33874446476752,36.48065120717924,"defaultdict(<class 'int'>, {7: 14, 8: 1, 4: 42, 6: 10})",amazon,l,4,121.0,0.0,0.0,1.0,1.0,0.5260869565217391,1.0,189.15,48.766755363400264,179.3643277777778,7.839327777777778,245.75608314117807,1.8059701492537314,True
freight_ups_30159_veh_cep_size_l_10_2,37215,69299,32084,27378,4706,1970-01-01 10:20:15,1970-01-01 19:14:59,1970-01-01 08:54:44,1970-01-01 07:36:18,1970-01-01 01:18:26,van,10,29.175770705954225,11.967283989669001,"defaultdict(<class 'int'>, {1: 10})",ups,l,1,230.0,0.0,0.6260869565217392,0.3739130434782609,1.0,1.0,1.0,189.15,11.261847492498331,203.82252222222223,32.29752222222223,232.70936971472057,23.0,True
freight_amazon_30926_1_veh_cep_size_l_9_1,37309,64970,27661,16517,11144,1970-01-01 10:21:49,1970-01-01 18:02:50,1970-01-01 07:41:01,1970-01-01 04:35:17,1970-01-01 03:05:44,van,77,85.20198808733232,8.056643878756377,"defaultdict(<class 'int'>, {8: 55, 6: 22})",amazon,l,8,133.0,0.0,0.007518796992481203,0.9924812030075187,1.0,0.5782608695652174,1.0,189.15,32.88796740171028,175.72418611111112,4.1991861111111115,226.2371535128214,1.7272727272727273,False
freight_gls_30165_veh_cep_size_m_9_2,37324,60533,23209,14017,9192,1970-01-01 10:22:04,1970-01-01 16:48:53,1970-01-01 06:26:49,1970-01-01 03:53:37,1970-01-01 02:33:12,van,58,61.80899151407174,14.67345903113762,"defaultdict(<class 'int'>, {3: 54, 5: 4})",gls,m,3,113.0,0.0,0.12389380530973451,0.8761061946902655,1.0,0.6848484848484848,1.0,171.78,22.99294484323469,147.44161944444446,0.0,194.77294484323468,1.9482758620689655,True
freight_ups_30823_veh_cep_size_m_10_2,37325,61434,24109,13669,10440,1970-01-01 10:22:05,1970-01-01 17:03:54,1970-01-01 06:41:49,1970-01-01 03:47:49,1970-01-01 02:54:00,van,66,93.1892146917738,12.51490082654563,"defaultdict(<class 'int'>, {4: 21, 8: 18, 6: 27})",ups,m,6,110.0,0.0,0.7909090909090909,0.20909090909090908,1.0,0.6666666666666666,1.0,171.78,34.66638786533985,153.15911944444446,0.0,206.44638786533986,1.6666666666666667,False
freight_dhl_30169_veh_cep_size_m_11_5,37335,56065,18730,14434,4296,1970-01-01 10:22:15,1970-01-01 15:34:25,1970-01-01 05:12:10,1970-01-01 04:00:34,1970-01-01 01:11:36,van,25,21.30255916177205,2.7136758958880454,"defaultdict(<class 'int'>, {3: 18, 1: 7})",dhl,m,3,120.0,0.0,0.1,0.9,1.0,0.7272727272727273,1.0,171.78,7.9245520081792025,118.98752777777779,0.0,179.7045520081792,4.8,True
freight_gls_30173_veh_cep_size_m_7_1,37390,68193,30803,19900,10903,1970-01-01 10:23:10,1970-01-01 18:56:33,1970-01-01 08:33:23,1970-01-01 05:31:40,1970-01-01 03:01:43,van,98,78.98562350110446,11.133433445892052,"defaultdict(<class 'int'>, {2: 71, 5: 25, 4: 2})",gls,m,2,161.0,0.0,0.11180124223602485,0.8881987577639752,1.0,0.9757575757575757,1.0,171.78,29.382651942410856,195.68461388888892,24.15961388888889,225.32226583129975,1.6428571428571428,True
freight_fedex_30627_veh_cep_size_m_9_1,37396,73283,35887,20518,15369,1970-01-01 10:23:16,1970-01-01 20:21:23,1970-01-01 09:58:07,1970-01-01 05:41:58,1970-01-01 04:16:09,van,74,119.10136669911671,17.483640526400535,"defaultdict(<class 'int'>, {4: 71, 5: 3})",fedex,m,4,165.0,0.0,0.8848484848484849,0.11515151515151516,1.0,1.0,1.0,171.78,44.30570841207142,227.98213611111115,56.45713611111112,272.54284452318257,2.22972972972973,True
freight_amazon_30926_1_veh_cep_size_m_10_2,37414,67566,30152,16340,13812,1970-01-01 10:23:34,1970-01-01 18:46:06,1970-01-01 08:22:32,1970-01-01 04:32:20,1970-01-01 03:50:12,van,82,86.12857896560475,6.5828287398688206,"defaultdict(<class 'int'>, {6: 34, 7: 48})",amazon,m,7,131.0,0.0,0.0,1.0,1.0,0.793939393939394,1.0,171.78,32.03983137520496,191.54895555555558,20.023955555555556,223.8437869307605,1.5975609756097562,False
freight_dhl_30559_0_veh_cep_size_l_9_3,37439,66084,28645,24312,4333,1970-01-01 10:23:59,1970-01-01 18:21:24,1970-01-01 07:57:25,1970-01-01 06:45:12,1970-01-01 01:12:13,van,23,30.693788959850277,6.164042429559683,"defaultdict(<class 'int'>, {4: 23})",dhl,l,4,210.0,0.0,0.07142857142857142,0.9285714285714286,1.0,0.9130434782608695,1.0,189.15,11.847802538502208,181.97531944444447,10.450319444444446,211.44812198294665,9.130434782608695,True
freight_dhl_30559_0_veh_cep_size_l_9_6,37502,67349,29847,21867,7980,1970-01-01 10:25:02,1970-01-01 18:42:29,1970-01-01 08:17:27,1970-01-01 06:04:27,1970-01-01 02:13:00,van,54,49.757680388724275,6.1849563211947824,"defaultdict(<class 'int'>, {4: 54})",dhl,l,4,176.0,0.0,0.11363636363636363,0.8863636363636364,1.0,0.7652173913043478,1.0,189.15,19.20646463004757,189.61135833333336,18.086358333333337,226.44282296338093,3.259259259259259,True
freight_dpd_31832_veh_cep_size_m_8_6,37694,55308,17614,4605,13009,1970-01-01 10:28:14,1970-01-01 15:21:48,1970-01-01 04:53:34,1970-01-01 01:16:45,1970-01-01 03:36:49,van,35,129.81772800056467,36.3154697692716,"defaultdict(<class 'int'>, {7: 35})",dpd,m,7,38.0,0.0,0.05263157894736842,0.9473684210526315,1.0,0.23030303030303031,1.0,171.78,48.292194816210056,111.89782777777779,0.0,220.07219481621007,1.0857142857142856,False
freight_dpd_30169_veh_cep_size_m_9_1,37743,68888,31145,19352,11793,1970-01-01 10:29:03,1970-01-01 19:08:08,1970-01-01 08:39:05,1970-01-01 05:22:32,1970-01-01 03:16:33,van,87,90.81085769972398,17.18569270833318,"defaultdict(<class 'int'>, {2: 34, 1: 6, 3: 47})",dpd,m,3,156.0,0.0,0.1858974358974359,0.8141025641025641,1.0,0.9454545454545454,1.0,171.78,33.78163906429732,197.8572638888889,26.332263888888892,231.8939029531862,1.793103448275862,True
freight_amazon_30559_veh_cep_size_l_9_4,37763,71574,33811,19590,14221,1970-01-01 10:29:23,1970-01-01 19:52:54,1970-01-01 09:23:31,1970-01-01 05:26:30,1970-01-01 03:57:01,van,54,98.52589101766864,22.26178594426639,"defaultdict(<class 'int'>, {4: 42, 6: 12})",amazon,l,4,157.0,0.0,0.0,1.0,1.0,0.6826086956521739,1.0,189.15,38.030993932820095,214.79376944444445,43.26876944444445,270.44976337726456,2.9074074074074074,True
freight_amazon_30851_veh_cep_size_m_10_4,37765,40539,2774,253,2521,1970-01-01 10:29:25,1970-01-01 11:15:39,1970-01-01 00:46:14,1970-01-01 00:04:13,1970-01-01 00:42:01,van,1,24.29377491952136,11.947982626137073,"defaultdict(<class 'int'>, {5: 1})",amazon,m,5,2.0,0.0,0.0,1.0,1.0,0.012121212121212121,1.0,171.78,9.037284270061946,17.62260555555556,0.0,180.81728427006195,2.0,False
freight_fedex_30165_veh_cep_size_m_10_3,37777,60867,23090,13632,9458,1970-01-01 10:29:37,1970-01-01 16:54:27,1970-01-01 06:24:50,1970-01-01 03:47:12,1970-01-01 02:37:38,van,42,62.05307722894085,10.352574615091715,"defaultdict(<class 'int'>, {3: 35, 1: 1, 5: 6})",fedex,m,3,108.0,0.0,0.8703703703703703,0.12962962962962962,1.0,0.6545454545454545,1.0,171.78,23.083744729165996,146.6856388888889,0.0,194.863744729166,2.5714285714285716,True
freight_dpd_30823_veh_cep_size_m_10_4,37832,49594,11762,1936,9826,1970-01-01 10:30:32,1970-01-01 13:46:34,1970-01-01 03:16:02,1970-01-01 00:32:16,1970-01-01 02:43:46,van,16,80.07401937178213,28.937415651967143,"defaultdict(<class 'int'>, {8: 12, 4: 4})",dpd,m,8,16.0,0.0,0.0625,0.9375,1.0,0.09696969696969697,1.0,171.78,29.78753520630295,74.72137222222223,0.0,201.56753520630295,1.0,False
freight_amazon_30629_veh_cep_size_l_9_1,37838,67075,29237,16733,12504,1970-01-01 10:30:38,1970-01-01 18:37:55,1970-01-01 08:07:17,1970-01-01 04:38:53,1970-01-01 03:28:24,van,62,101.71320595801615,21.88402864111395,"defaultdict(<class 'int'>, {4: 52, 5: 10})",amazon,l,4,134.0,0.0,0.0,1.0,1.0,0.5826086956521739,1.0,189.15,39.26129749979423,185.7361638888889,14.21116388888889,242.62246138868312,2.161290322580645,True
freight_fedex_30989_veh_cep_size_m_7_2,37870,72517,34647,16651,17996,1970-01-01 10:31:10,1970-01-01 20:08:37,1970-01-01 09:37:27,1970-01-01 04:37:31,1970-01-01 04:59:56,van,74,140.89316466244037,26.502333973083285,"defaultdict(<class 'int'>, {4: 51, 8: 8, 7: 15})",fedex,m,4,136.0,0.0,0.8235294117647058,0.17647058823529413,1.0,0.8242424242424242,1.0,171.78,52.412257254427814,220.1046916666667,48.57969166666667,272.7719489210945,1.837837837837838,False
freight_hermes_30169_veh_cep_size_m_8_2,37919,47043,9124,4748,4376,1970-01-01 10:31:59,1970-01-01 13:04:03,1970-01-01 02:32:04,1970-01-01 01:19:08,1970-01-01 01:12:56,van,15,30.506487847470243,12.027091208961046,"defaultdict(<class 'int'>, {1: 5, 3: 10})",hermes,m,3,38.0,0.0,0.07894736842105263,0.9210526315789473,1.0,0.23030303030303031,1.0,171.78,11.34841347925893,57.962744444444446,0.0,183.12841347925894,2.533333333333333,True
freight_fedex_30966_veh_cep_size_m_8_2,37957,51475,13518,7801,5717,1970-01-01 10:32:37,1970-01-01 14:17:55,1970-01-01 03:45:18,1970-01-01 02:10:01,1970-01-01 01:35:17,van,9,44.50449841518409,19.56343992721141,"defaultdict(<class 'int'>, {4: 9})",fedex,m,4,63.0,0.0,0.873015873015873,0.12698412698412698,1.0,0.38181818181818183,1.0,171.78,16.55567341044848,85.87685,0.0,188.3356734104485,7.0,False
freight_dhl_30982_0_veh_cep_size_m_8_1,37969,68319,30350,20400,9950,1970-01-01 10:32:49,1970-01-01 18:58:39,1970-01-01 08:25:50,1970-01-01 05:40:00,1970-01-01 02:45:50,van,72,96.69406036981887,12.130210110304562,"defaultdict(<class 'int'>, {7: 71, 8: 1})",dhl,m,7,163.0,0.0,0.0736196319018405,0.9263803680981595,1.0,0.9878787878787879,1.0,171.78,35.97019045757262,192.80680555555557,21.281805555555557,229.03199601312818,2.263888888888889,False
freight_amazon_30419_0_veh_cep_size_m_10_4,38007,63038,25031,15480,9551,1970-01-01 10:33:27,1970-01-01 17:30:38,1970-01-01 06:57:11,1970-01-01 04:18:00,1970-01-01 02:39:11,van,71,67.13869962081905,10.033706649608925,"defaultdict(<class 'int'>, {3: 39, 5: 32})",amazon,m,3,125.0,0.0,0.0,1.0,1.0,0.7575757575757576,1.0,171.78,24.975596258944687,159.01638055555557,0.0,196.75559625894468,1.7605633802816902,True
freight_gls_30974_veh_cep_size_m_10_2,38081,66807,28726,12739,15987,1970-01-01 10:34:41,1970-01-01 18:33:27,1970-01-01 07:58:46,1970-01-01 03:32:19,1970-01-01 04:26:27,van,83,125.67411359006425,21.60608228492949,"defaultdict(<class 'int'>, {8: 57, 7: 26})",gls,m,8,103.0,0.0,0.02912621359223301,0.970873786407767,1.0,0.6242424242424243,1.0,171.78,46.7507702555039,182.48989444444447,10.964894444444445,229.49566469994835,1.2409638554216869,False
freight_hermes_30451_veh_cep_size_m_7_1,38095,72200,34105,20161,13944,1970-01-01 10:34:55,1970-01-01 20:03:20,1970-01-01 09:28:25,1970-01-01 05:36:01,1970-01-01 03:52:24,van,82,86.41552832408091,12.977936275896113,"defaultdict(<class 'int'>, {2: 78, 3: 4})",hermes,m,2,164.0,0.0,0.06097560975609756,0.9390243902439024,1.0,0.9939393939393939,1.0,171.78,32.1465765365581,216.66148611111115,45.13648611111112,249.06306264766923,2.0,True
freight_amazon_30827_veh_cep_size_m_9_3,38126,64318,26192,17422,8770,1970-01-01 10:35:26,1970-01-01 17:51:58,1970-01-01 07:16:32,1970-01-01 04:50:22,1970-01-01 02:26:10,van,73,64.59345711453653,3.598527013047078,"defaultdict(<class 'int'>, {6: 73})",amazon,m,6,141.0,0.0,0.0,1.0,1.0,0.8545454545454545,1.0,171.78,24.02876604660759,166.39195555555557,0.0,195.8087660466076,1.9315068493150684,False
freight_amazon_30457_veh_cep_size_l_9_3,38164,67441,29277,18305,10972,1970-01-01 10:36:04,1970-01-01 18:44:01,1970-01-01 08:07:57,1970-01-01 05:05:05,1970-01-01 03:02:52,van,58,84.35331753822435,21.570684754608674,"defaultdict(<class 'int'>, {4: 57, 3: 1})",amazon,l,4,146.0,0.0,0.0,1.0,1.0,0.6347826086956522,1.0,189.15,32.5603805697546,185.99027500000003,14.465275000000002,236.17565556975458,2.5172413793103448,True
freight_gls_30974_veh_cep_size_m_8_1,38177,68326,30149,12226,17923,1970-01-01 10:36:17,1970-01-01 18:58:46,1970-01-01 08:22:29,1970-01-01 03:23:46,1970-01-01 04:58:43,van,85,146.72031340635564,21.87298818680132,"defaultdict(<class 'int'>, {8: 22, 7: 63})",gls,m,7,100.0,0.0,0.04,0.96,1.0,0.6060606060606061,1.0,171.78,54.5799565871643,191.52989722222225,20.004897222222223,246.36485380938652,1.1764705882352942,False
freight_dhl_31535_2_veh_cep_size_m_11_2,38254,66598,28344,11973,16371,1970-01-01 10:37:34,1970-01-01 18:29:58,1970-01-01 07:52:24,1970-01-01 03:19:33,1970-01-01 04:32:51,van,41,83.20932852331441,12.13948295113292,"defaultdict(<class 'int'>, {7: 30, 6: 11})",dhl,m,7,96.0,0.0,0.041666666666666664,0.9583333333333334,1.0,0.5818181818181818,1.0,171.78,30.95387021067296,180.06313333333335,8.538133333333334,211.27200354400628,2.341463414634146,False
freight_fedex_30659_veh_cep_size_m_7_1,38267,69647,31380,17993,13387,1970-01-01 10:37:47,1970-01-01 19:20:47,1970-01-01 08:43:00,1970-01-01 04:59:53,1970-01-01 03:43:07,van,51,91.43705343032572,15.067099756063481,"defaultdict(<class 'int'>, {5: 34, 4: 17})",fedex,m,5,143.0,0.0,0.8951048951048951,0.1048951048951049,1.0,0.8666666666666667,1.0,171.78,34.01458387608117,199.3501666666667,27.825166666666668,233.61975054274782,2.803921568627451,True
freight_amazon_30449_veh_cep_size_m_10_4,38306,49976,11670,6299,5371,1970-01-01 10:38:26,1970-01-01 13:52:56,1970-01-01 03:14:30,1970-01-01 01:44:59,1970-01-01 01:29:31,van,18,42.894050543514545,15.02892530429221,"defaultdict(<class 'int'>, {3: 18})",amazon,m,3,50.0,0.0,0.06,0.94,1.0,0.30303030303030304,1.0,171.78,15.956586802187411,74.13691666666668,0.0,187.73658680218742,2.7777777777777777,True
freight_amazon_30966_veh_cep_size_m_10_3,38328,70771,32443,18486,13957,1970-01-01 10:38:48,1970-01-01 19:39:31,1970-01-01 09:00:43,1970-01-01 05:08:06,1970-01-01 03:52:37,van,59,107.08296975214819,21.913856371257054,"defaultdict(<class 'int'>, {3: 1, 4: 57, 6: 1})",amazon,m,4,146.0,0.0,0.0,1.0,1.0,0.8848484848484849,1.0,171.78,39.834864747799124,206.10316944444446,34.57816944444445,246.19303419224357,2.4745762711864407,False
freight_amazon_30457_veh_cep_size_m_9_1,38347,72988,34641,16865,17776,1970-01-01 10:39:07,1970-01-01 20:16:28,1970-01-01 09:37:21,1970-01-01 04:41:05,1970-01-01 04:56:16,van,74,112.47155098979289,17.20850290622011,"defaultdict(<class 'int'>, {3: 1, 4: 73})",amazon,m,4,137.0,0.0,0.0072992700729927005,0.9927007299270073,1.0,0.8303030303030303,1.0,171.78,41.839416968202954,220.06657500000003,48.541575,262.16099196820295,1.8513513513513513,True
freight_dpd_30177_veh_cep_size_m_8_2,38399,54801,16402,9983,6419,1970-01-01 10:39:59,1970-01-01 15:13:21,1970-01-01 04:33:22,1970-01-01 02:46:23,1970-01-01 01:46:59,van,41,58.98964159055238,17.586733530366224,"defaultdict(<class 'int'>, {2: 41})",dpd,m,2,80.0,0.0,0.1,0.9,1.0,0.48484848484848486,1.0,171.78,21.944146671685484,104.19826111111112,0.0,193.72414667168547,1.951219512195122,True
freight_amazon_31311_veh_cep_size_m_9_6,38422,67035,28613,11236,17377,1970-01-01 10:40:22,1970-01-01 18:37:15,1970-01-01 07:56:53,1970-01-01 03:07:16,1970-01-01 04:49:37,van,62,162.37051181847133,42.192827137210216,"defaultdict(<class 'int'>, {7: 62})",amazon,m,7,90.0,0.0,0.0,1.0,1.0,0.5454545454545454,1.0,171.78,60.40183039647133,181.77203055555557,10.247030555555556,242.4288609520269,1.4516129032258065,False
freight_amazon_30179_veh_cep_size_m_9_1,38572,68541,29969,19781,10188,1970-01-01 10:42:52,1970-01-01 19:02:21,1970-01-01 08:19:29,1970-01-01 05:29:41,1970-01-01 02:49:48,van,60,89.22105628367567,13.245561673141404,"defaultdict(<class 'int'>, {5: 21, 4: 39})",amazon,m,4,157.0,0.0,0.012738853503184714,0.9872611464968153,1.0,0.9515151515151515,1.0,171.78,33.19023293752735,190.38639722222223,18.861397222222223,223.83163015974958,2.6166666666666667,True
freight_amazon_30169_veh_cep_size_m_10_3,38609,55104,16495,9321,7174,1970-01-01 10:43:29,1970-01-01 15:18:24,1970-01-01 04:34:55,1970-01-01 02:35:21,1970-01-01 01:59:34,van,35,51.44343817025442,14.169418602909895,"defaultdict(<class 'int'>, {3: 28, 1: 7})",amazon,m,3,75.0,0.0,0.0,1.0,1.0,0.45454545454545453,1.0,171.78,19.13695899933464,104.78906944444445,0.0,190.91695899933464,2.142857142857143,True
freight_dpd_30966_veh_cep_size_m_11_3,38620,55067,16447,6692,9755,1970-01-01 10:43:40,1970-01-01 15:17:47,1970-01-01 04:34:07,1970-01-01 01:51:32,1970-01-01 02:42:35,van,46,86.22456110457446,19.602084135006184,"defaultdict(<class 'int'>, {8: 10, 4: 36})",dpd,m,4,55.0,0.0,0.09090909090909091,0.9090909090909091,1.0,0.3333333333333333,1.0,171.78,32.0755367309017,104.48413611111113,0.0,203.8555367309017,1.1956521739130435,False
freight_dhl_31303_0_veh_cep_size_m_11_6,38623,52352,13729,7739,5990,1970-01-01 10:43:43,1970-01-01 14:32:32,1970-01-01 03:48:49,1970-01-01 02:08:59,1970-01-01 01:39:50,van,32,31.10674096496802,4.075957608920781,"defaultdict(<class 'int'>, {4: 32})",dhl,m,4,63.0,0.0,0.20634920634920634,0.7936507936507936,1.0,0.38181818181818183,1.0,171.78,11.571707638968103,87.21728611111112,0.0,183.3517076389681,1.96875,True
freight_fedex_30419_veh_cep_size_m_11_3,38702,56810,18108,6308,11800,1970-01-01 10:45:02,1970-01-01 15:46:50,1970-01-01 05:01:48,1970-01-01 01:45:08,1970-01-01 03:16:40,van,31,81.92976935564006,11.963745827649733,"defaultdict(<class 'int'>, {3: 11, 6: 6, 5: 14})",fedex,m,5,50.0,0.0,0.92,0.08,1.0,0.30303030303030304,1.0,171.78,30.477874200298103,115.0361,0.0,202.2578742002981,1.6129032258064515,True
freight_fedex_30451_veh_cep_size_l_10_2,38708,56829,18121,11189,6932,1970-01-01 10:45:08,1970-01-01 15:47:09,1970-01-01 05:02:01,1970-01-01 03:06:29,1970-01-01 01:55:32,van,27,48.233740218689896,14.831259421338762,"defaultdict(<class 'int'>, {2: 25, 3: 2})",fedex,l,2,92.0,0.0,0.8586956521739131,0.14130434782608695,1.0,0.4,1.0,189.15,18.6182237244143,115.11868611111112,0.0,207.7682237244143,3.4074074074074074,True
freight_amazon_30163_veh_cep_size_m_11_4,38744,68884,30140,20420,9720,1970-01-01 10:45:44,1970-01-01 19:08:04,1970-01-01 08:22:20,1970-01-01 05:40:20,1970-01-01 02:42:00,van,53,68.81331660842179,15.156291952867322,"defaultdict(<class 'int'>, {2: 33, 3: 19, 5: 1})",amazon,m,2,165.0,0.0,0.012121212121212121,0.9878787878787879,1.0,1.0,1.0,171.78,25.598553778332903,191.47272222222225,19.947722222222225,217.32627600055514,3.1132075471698113,True
freight_dpd_30952_veh_cep_size_m_11_4,38798,60414,21616,8726,12890,1970-01-01 10:46:38,1970-01-01 16:46:54,1970-01-01 06:00:16,1970-01-01 02:25:26,1970-01-01 03:34:50,van,41,96.32170242326839,23.10514510100674,"defaultdict(<class 'int'>, {6: 41})",dpd,m,6,70.0,0.0,0.15714285714285714,0.8428571428571429,1.0,0.42424242424242425,1.0,171.78,35.831673301455844,137.32164444444444,0.0,207.61167330145585,1.7073170731707317,False
freight_gls_30173_veh_cep_size_m_11_2,38865,51503,12638,7235,5403,1970-01-01 10:47:45,1970-01-01 14:18:23,1970-01-01 03:30:38,1970-01-01 02:00:35,1970-01-01 01:30:03,van,31,36.86700355112739,10.33517612061963,"defaultdict(<class 'int'>, {2: 31})",gls,m,2,58.0,0.0,0.08620689655172414,0.9137931034482759,1.0,0.3515151515151515,1.0,171.78,13.714525321019389,80.28640555555556,0.0,185.49452532101938,1.8709677419354838,True
freight_amazon_30629_veh_cep_size_l_9_3,38935,68157,29222,17747,11475,1970-01-01 10:48:55,1970-01-01 18:55:57,1970-01-01 08:07:02,1970-01-01 04:55:47,1970-01-01 03:11:15,van,75,90.70190888054452,20.485037342903947,"defaultdict(<class 'int'>, {4: 75})",amazon,l,4,144.0,0.0,0.020833333333333332,0.9791666666666666,1.0,0.6260869565217392,1.0,189.15,35.010936827890184,185.64087222222224,14.115872222222224,238.27680905011243,1.92,True
freight_dpd_31319_veh_cep_size_m_11_3,38981,62108,23127,12724,10403,1970-01-01 10:49:41,1970-01-01 17:15:08,1970-01-01 06:25:27,1970-01-01 03:32:04,1970-01-01 02:53:23,van,87,98.32435644886935,10.954284798679401,"defaultdict(<class 'int'>, {6: 55, 8: 11, 5: 21})",dpd,m,6,104.0,0.0,0.125,0.875,1.0,0.6303030303030303,1.0,171.78,36.5766605989794,146.92069166666667,0.0,208.3566605989794,1.1954022988505748,False
freight_ups_30173_veh_cep_size_m_11_3,39022,47368,8346,2162,6184,1970-01-01 10:50:22,1970-01-01 13:09:28,1970-01-01 02:19:06,1970-01-01 00:36:02,1970-01-01 01:43:04,van,12,44.384423270275384,12.897932425576048,"defaultdict(<class 'int'>, {5: 12})",ups,m,5,17.0,0.0,1.0,0.0,1.0,0.10303030303030303,1.0,171.78,16.511005456542442,53.02028333333334,0.0,188.29100545654245,1.4166666666666667,True
freight_hermes_31535_0_veh_cep_size_m_11_5,39170,56497,17327,6320,11007,1970-01-01 10:52:50,1970-01-01 15:41:37,1970-01-01 04:48:47,1970-01-01 01:45:20,1970-01-01 03:03:27,van,38,124.27000109421259,21.78327036101032,"defaultdict(<class 'int'>, {6: 11, 8: 20, 7: 7})",hermes,m,8,51.0,0.0,0.0,1.0,1.0,0.3090909090909091,1.0,171.78,46.22844040704708,110.07458055555557,0.0,218.0084404070471,1.3421052631578947,False
freight_amazon_30519_veh_cep_size_m_11_7,39214,55239,16025,5808,10217,1970-01-01 10:53:34,1970-01-01 15:20:39,1970-01-01 04:27:05,1970-01-01 01:36:48,1970-01-01 02:50:17,van,48,85.9356219467516,18.300651119487682,"defaultdict(<class 'int'>, {4: 21, 2: 1, 3: 26})",amazon,m,3,48.0,0.0,0.0,1.0,1.0,0.2909090909090909,1.0,171.78,31.968051364191595,101.80326388888889,0.0,203.7480513641916,1.0,True
freight_dhl_30827_1_veh_cep_size_l_11_3,39259,61567,22308,15888,6420,1970-01-01 10:54:19,1970-01-01 17:06:07,1970-01-01 06:11:48,1970-01-01 04:24:48,1970-01-01 01:47:00,van,33,48.04967601846179,3.788757558294594,"defaultdict(<class 'int'>, {6: 33})",dhl,l,6,127.0,0.0,0.03937007874015748,0.9606299212598425,1.0,0.5521739130434783,1.0,189.15,18.54717494312625,141.71776666666668,0.0,207.69717494312624,3.8484848484848486,False
freight_dhl_30851_veh_cep_size_m_11_7,39305,61914,22609,14859,7750,1970-01-01 10:55:05,1970-01-01 17:11:54,1970-01-01 06:16:49,1970-01-01 04:07:39,1970-01-01 02:09:10,van,22,55.37673896199428,7.231430683433885,"defaultdict(<class 'int'>, {6: 22})",dhl,m,6,121.0,0.0,0.10743801652892562,0.8925619834710744,1.0,0.7333333333333333,1.0,171.78,20.600146893861872,143.6299527777778,0.0,192.38014689386188,5.5,False
freight_ups_30171_veh_cep_size_m_10_2,39312,49118,9806,5179,4627,1970-01-01 10:55:12,1970-01-01 13:38:38,1970-01-01 02:43:26,1970-01-01 01:26:19,1970-01-01 01:17:07,van,16,29.9116448368129,12.512219037739554,"defaultdict(<class 'int'>, {2: 15, 1: 1})",ups,m,2,42.0,0.0,0.6666666666666666,0.3333333333333333,1.0,0.2545454545454545,1.0,171.78,11.1271318792944,62.29533888888889,0.0,182.9071318792944,2.625,True
freight_amazon_30629_veh_cep_size_m_11_4,39344,55155,15811,7477,8334,1970-01-01 10:55:44,1970-01-01 15:19:15,1970-01-01 04:23:31,1970-01-01 02:04:37,1970-01-01 02:18:54,van,46,70.66826127957334,21.20258480116685,"defaultdict(<class 'int'>, {4: 46})",amazon,m,4,61.0,0.0,0.0,1.0,1.0,0.3696969696969697,1.0,171.78,26.288593196001283,100.44376944444446,0.0,198.06859319600127,1.326086956521739,True
freight_dpd_30938_veh_cep_size_l_11_2,39392,52949,13557,3594,9963,1970-01-01 10:56:32,1970-01-01 14:42:29,1970-01-01 03:45:57,1970-01-01 00:59:54,1970-01-01 02:46:03,van,22,81.32294577696743,21.691557109283945,"defaultdict(<class 'int'>, {7: 22})",dpd,l,7,28.0,0.0,0.03571428571428571,0.9642857142857143,1.0,0.12173913043478261,1.0,189.15,31.39065706990943,86.12460833333334,0.0,220.54065706990943,1.2727272727272727,False
freight_gls_30171_veh_cep_size_m_9_3,39408,59707,20299,11654,8645,1970-01-01 10:56:48,1970-01-01 16:35:07,1970-01-01 05:38:19,1970-01-01 03:14:14,1970-01-01 02:24:05,van,48,56.34225029922576,12.089256601121424,"defaultdict(<class 'int'>, {2: 48})",gls,m,2,95.0,0.0,0.08421052631578947,0.9157894736842105,1.0,0.5757575757575758,1.0,171.78,20.959317111311982,128.95503611111113,0.0,192.73931711131198,1.9791666666666667,True
freight_dhl_30559_0_veh_cep_size_l_10_4,39412,69576,30164,22165,7999,1970-01-01 10:56:52,1970-01-01 19:19:36,1970-01-01 08:22:44,1970-01-01 06:09:25,1970-01-01 02:13:19,van,52,52.74787086458288,7.135097112012646,"defaultdict(<class 'int'>, {4: 52})",dhl,l,4,180.0,0.0,0.05555555555555555,0.9444444444444444,1.0,0.782608695652174,1.0,189.15,20.36067815372899,191.6251888888889,20.10018888888889,229.61086704261788,3.4615384615384617,True
freight_amazon_30171_veh_cep_size_l_11_3,39422,75150,35728,27092,8636,1970-01-01 10:57:02,1970-01-01 20:52:30,1970-01-01 09:55:28,1970-01-01 07:31:32,1970-01-01 02:23:56,van,51,65.98128028564061,16.219606532073243,"defaultdict(<class 'int'>, {2: 51})",amazon,l,2,222.0,0.0,0.013513513513513514,0.9864864864864865,1.0,0.9652173913043478,1.0,189.15,25.468774190257275,226.97204444444446,55.44704444444445,270.0658186347017,4.352941176470588,True
freight_dhl_30890_0_veh_cep_size_l_11_7,39426,41455,2029,121,1908,1970-01-01 10:57:06,1970-01-01 11:30:55,1970-01-01 00:33:49,1970-01-01 00:02:01,1970-01-01 00:31:48,van,1,28.791986983905037,14.292239660386741,"defaultdict(<class 'int'>, {8: 1})",dhl,l,8,1.0,0.0,1.0,0.0,1.0,0.004347826086956522,1.0,189.15,11.113706975787345,12.889786111111112,0.0,200.26370697578736,1.0,False
freight_dhl_30926_1_veh_cep_size_l_11_8,39430,57492,18062,10817,7245,1970-01-01 10:57:10,1970-01-01 15:58:12,1970-01-01 05:01:02,1970-01-01 03:00:17,1970-01-01 02:00:45,van,39,53.297615464596056,5.10717531530684,"defaultdict(<class 'int'>, {7: 20, 6: 19})",dhl,l,7,87.0,0.0,0.09195402298850575,0.9080459770114943,1.0,0.3782608695652174,1.0,189.15,20.572879569334077,114.74387222222224,0.0,209.72287956933408,2.230769230769231,False
freight_amazon_30171_veh_cep_size_l_11_2,39422,75377,35955,28157,7798,1970-01-01 10:57:02,1970-01-01 20:56:17,1970-01-01 09:59:15,1970-01-01 07:49:17,1970-01-01 02:09:58,van,52,62.450523968201445,16.388759397882897,"defaultdict(<class 'int'>, {2: 50, 1: 2})",amazon,l,2,229.0,0.0,0.017467248908296942,0.982532751091703,1.0,0.9956521739130435,1.0,189.15,24.10590225172576,228.414125,56.88912500000001,270.14502725172576,4.403846153846154,True
freight_ups_31319_veh_cep_size_m_7_1,39432,71577,32145,14904,17241,1970-01-01 10:57:12,1970-01-01 19:52:57,1970-01-01 08:55:45,1970-01-01 04:08:24,1970-01-01 04:47:21,van,84,141.46125516418596,28.485592783744245,"defaultdict(<class 'int'>, {6: 75, 7: 4, 8: 4, 5: 1})",ups,m,6,121.0,0.0,0.7520661157024794,0.24793388429752067,1.0,0.7333333333333333,1.0,171.78,52.62358692107718,204.21004166666668,32.68504166666667,257.08862858774387,1.4404761904761905,False
freight_amazon_30171_veh_cep_size_l_11_1,39422,72801,33379,24688,8691,1970-01-01 10:57:02,1970-01-01 20:13:21,1970-01-01 09:16:19,1970-01-01 06:51:28,1970-01-01 02:24:51,van,51,64.01472004836755,16.38180000981755,"defaultdict(<class 'int'>, {2: 50, 1: 1})",amazon,l,2,203.0,0.0,0.034482758620689655,0.9655172413793104,1.0,0.8826086956521739,1.0,189.15,24.709681938669874,212.04936944444447,40.524369444444446,254.38405138311435,3.980392156862745,True
freight_amazon_30827_veh_cep_size_m_11_1,39431,56744,17313,8665,8648,1970-01-01 10:57:11,1970-01-01 15:45:44,1970-01-01 04:48:33,1970-01-01 02:24:25,1970-01-01 02:24:08,van,48,62.398359843354044,4.9709360254956145,"defaultdict(<class 'int'>, {6: 48})",amazon,m,6,70.0,0.0,0.0,1.0,1.0,0.42424242424242425,1.0,171.78,23.212189861727705,109.98564166666668,0.0,194.9921898617277,1.4583333333333333,False
freight_dhl_31535_0_veh_cep_size_l_11_7,39457,53372,13915,8120,5795,1970-01-01 10:57:37,1970-01-01 14:49:32,1970-01-01 03:51:55,1970-01-01 02:15:20,1970-01-01 01:36:35,van,17,42.84625947555254,0.7801785874739596,"defaultdict(<class 'int'>, {6: 4, 7: 13})",dhl,l,7,64.0,0.0,0.046875,0.953125,1.0,0.2782608695652174,1.0,189.15,16.53865615756328,88.39890277777779,0.0,205.6886561575633,3.764705882352941,False
freight_fedex_30989_veh_cep_size_m_11_3,39553,62559,23006,9509,13497,1970-01-01 10:59:13,1970-01-01 17:22:39,1970-01-01 06:23:26,1970-01-01 02:38:29,1970-01-01 03:44:57,van,43,99.97700703850148,21.414632178973694,"defaultdict(<class 'int'>, {8: 4, 4: 39})",fedex,m,4,76.0,0.0,0.9473684210526315,0.05263157894736842,1.0,0.46060606060606063,1.0,171.78,37.19144661832255,146.15200555555558,0.0,208.97144661832255,1.7674418604651163,False
freight_amazon_30823_veh_cep_size_l_11_5,39557,66883,27326,18446,8880,1970-01-01 10:59:17,1970-01-01 18:34:43,1970-01-01 07:35:26,1970-01-01 05:07:26,1970-01-01 02:28:00,van,78,73.54109769970482,1.3007402066112583,"defaultdict(<class 'int'>, {4: 78})",amazon,l,4,148.0,0.0,0.0,1.0,1.0,0.6434782608695652,1.0,189.15,28.38686371208606,173.59600555555556,2.0710055555555558,219.60786926764163,1.8974358974358974,False
freight_fedex_30989_veh_cep_size_m_7_1,39587,69015,29428,12051,17377,1970-01-01 10:59:47,1970-01-01 19:10:15,1970-01-01 08:10:28,1970-01-01 03:20:51,1970-01-01 04:49:37,van,59,138.3007043144339,24.354180145815313,"defaultdict(<class 'int'>, {4: 2, 8: 12, 7: 45})",fedex,m,7,97.0,0.0,0.8762886597938144,0.12371134020618557,1.0,0.5878787878787879,1.0,171.78,51.44786200496941,186.94954444444446,15.424544444444447,238.65240644941386,1.6440677966101696,False
freight_dhl_31535_2_veh_cep_size_l_11_7,39605,61130,21525,13180,8345,1970-01-01 11:00:05,1970-01-01 16:58:50,1970-01-01 05:58:45,1970-01-01 03:39:40,1970-01-01 02:19:05,van,51,45.83440748473851,2.87527453062258,"defaultdict(<class 'int'>, {6: 51})",dhl,l,6,106.0,0.0,0.11320754716981132,0.8867924528301887,1.0,0.4608695652173913,1.0,189.15,17.692081289109066,136.7435416666667,0.0,206.84208128910907,2.0784313725490198,False
freight_amazon_31515_0_veh_cep_size_m_11_7,39637,61258,21621,12121,9500,1970-01-01 11:00:37,1970-01-01 17:00:58,1970-01-01 06:00:21,1970-01-01 03:22:01,1970-01-01 02:38:20,van,45,78.06138949354992,6.0231789252757935,"defaultdict(<class 'int'>, {6: 45})",amazon,m,6,96.0,0.0,0.0,1.0,1.0,0.5818181818181818,1.0,171.78,29.03883689160057,137.35340833333333,0.0,200.81883689160057,2.1333333333333333,False
freight_ups_30926_veh_cep_size_l_11_3,39664,55866,16202,6841,9361,1970-01-01 11:01:04,1970-01-01 15:31:06,1970-01-01 04:30:02,1970-01-01 01:54:01,1970-01-01 02:36:01,van,27,66.94105968922499,13.708173333645215,"defaultdict(<class 'int'>, {4: 26, 6: 1})",ups,l,4,55.0,0.0,0.8181818181818182,0.18181818181818182,1.0,0.2391304347826087,1.0,189.15,25.839249040040844,102.92770555555556,0.0,214.98924904004085,2.037037037037037,False
freight_amazon_30167_veh_cep_size_m_11_3,39665,69026,29361,20432,8929,1970-01-01 11:01:05,1970-01-01 19:10:26,1970-01-01 08:09:21,1970-01-01 05:40:32,1970-01-01 02:28:49,van,58,70.80452420297476,11.989531361398335,"defaultdict(<class 'int'>, {3: 56, 1: 2})",amazon,m,3,165.0,0.0,0.012121212121212121,0.9878787878787879,1.0,1.0,1.0,171.78,26.339283003506612,186.52390833333334,14.998908333333334,213.11819133683994,2.8448275862068964,True
freight_amazon_30169_veh_cep_size_m_11_2,39710,64038,24328,16179,8149,1970-01-01 11:01:50,1970-01-01 17:47:18,1970-01-01 06:45:28,1970-01-01 04:29:39,1970-01-01 02:15:49,van,44,60.52790785469336,13.712464221225941,"defaultdict(<class 'int'>, {3: 36, 1: 6, 2: 2})",amazon,m,3,132.0,0.0,0.045454545454545456,0.9545454545454546,1.0,0.8,1.0,171.78,22.51638172194593,154.55037777777778,0.0,194.29638172194592,3.0,True
freight_dpd_30179_veh_cep_size_m_10_2,39738,61552,21814,11986,9828,1970-01-01 11:02:18,1970-01-01 17:05:52,1970-01-01 06:03:34,1970-01-01 03:19:46,1970-01-01 02:43:48,van,45,83.15028075727896,18.273091896209518,"defaultdict(<class 'int'>, {5: 14, 4: 31})",dpd,m,4,95.0,0.0,0.1368421052631579,0.8631578947368421,1.0,0.5757575757575758,1.0,171.78,30.931904441707776,138.57949444444446,0.0,202.7119044417078,2.111111111111111,True
freight_fedex_30659_veh_cep_size_m_9_2,39751,60674,20923,12594,8329,1970-01-01 11:02:31,1970-01-01 16:51:14,1970-01-01 05:48:43,1970-01-01 03:29:54,1970-01-01 02:18:49,van,38,56.09354151502281,12.593687204790264,"defaultdict(<class 'int'>, {4: 38})",fedex,m,4,101.0,0.0,0.8712871287128713,0.12871287128712872,1.0,0.6121212121212121,1.0,171.78,20.866797443588485,132.91916944444446,0.0,192.6467974435885,2.6578947368421053,True
freight_dhl_30890_1_veh_cep_size_m_11_6,39868,45838,5970,4336,1634,1970-01-01 11:04:28,1970-01-01 12:43:58,1970-01-01 01:39:30,1970-01-01 01:12:16,1970-01-01 00:27:14,van,10,15.970538129279964,5.29645534058405,"defaultdict(<class 'int'>, {8: 10})",dhl,m,8,34.0,0.0,0.08823529411764706,0.9117647058823529,1.0,0.20606060606060606,1.0,171.78,5.941040184092147,37.92608333333334,0.0,177.72104018409215,3.4,False
freight_dhl_31535_0_veh_cep_size_m_11_3,39909,54980,15071,12166,2905,1970-01-01 11:05:09,1970-01-01 15:16:20,1970-01-01 04:11:11,1970-01-01 03:22:46,1970-01-01 00:48:25,van,13,28.974412280089606,5.536018715083364,"defaultdict(<class 'int'>, {7: 12, 6: 1})",dhl,m,7,110.0,0.0,0.11818181818181818,0.8818181818181818,1.0,0.6666666666666666,1.0,171.78,10.778481368193333,95.7427138888889,0.0,182.55848136819333,8.461538461538462,False
freight_gls_30457_veh_cep_size_m_8_2,39913,59340,19427,9277,10150,1970-01-01 11:05:13,1970-01-01 16:29:00,1970-01-01 05:23:47,1970-01-01 02:34:37,1970-01-01 02:49:10,van,52,68.83617489473768,14.669787211761362,"defaultdict(<class 'int'>, {4: 52})",gls,m,4,75.0,0.0,0.04,0.96,1.0,0.45454545454545453,1.0,171.78,25.60705706084242,123.4154138888889,0.0,197.3870570608424,1.4423076923076923,True
freight_amazon_30890_0_veh_cep_size_m_10_5,39918,58978,19060,7381,11679,1970-01-01 11:05:18,1970-01-01 16:22:58,1970-01-01 05:17:40,1970-01-01 02:03:01,1970-01-01 03:14:39,van,61,91.65665504920413,16.957555723430854,"defaultdict(<class 'int'>, {8: 1, 6: 16, 4: 44})",amazon,m,4,61.0,0.0,0.0,1.0,1.0,0.3696969696969697,1.0,171.78,34.09627567830394,121.08394444444446,0.0,205.87627567830395,1.0,False
freight_ups_31303_veh_cep_size_m_11_4,39939,43681,3742,121,3621,1970-01-01 11:05:39,1970-01-01 12:08:01,1970-01-01 01:02:22,1970-01-01 00:02:01,1970-01-01 01:00:21,van,1,35.6727809662067,18.054715800967887,"defaultdict(<class 'int'>, {8: 1})",ups,m,8,1.0,0.0,1.0,0.0,1.0,0.006060606060606061,1.0,171.78,13.270274519428893,23.77209444444445,0.0,185.05027451942888,1.0,True
freight_fedex_30173_veh_cep_size_m_11_3,40070,54439,14369,7418,6951,1970-01-01 11:07:50,1970-01-01 15:07:19,1970-01-01 03:59:29,1970-01-01 02:03:38,1970-01-01 01:55:51,van,39,52.101143560131824,14.54942471088393,"defaultdict(<class 'int'>, {2: 38, 1: 1})",fedex,m,2,60.0,0.0,0.8666666666666667,0.13333333333333333,1.0,0.36363636363636365,1.0,171.78,19.38162540436904,91.2830638888889,0.0,191.16162540436903,1.5384615384615385,True
freight_amazon_30827_veh_cep_size_m_11_5,40123,62668,22545,10366,12179,1970-01-01 11:08:43,1970-01-01 17:24:28,1970-01-01 06:15:45,1970-01-01 02:52:46,1970-01-01 03:22:59,van,35,95.59446417132102,6.715790130356476,"defaultdict(<class 'int'>, {6: 34, 4: 1})",amazon,m,6,82.0,0.0,0.0,1.0,1.0,0.49696969696969695,1.0,171.78,35.56114067173142,143.223375,0.0,207.3411406717314,2.342857142857143,False
freight_dhl_30459_veh_cep_size_l_11_7,40125,53724,13599,8279,5320,1970-01-01 11:08:45,1970-01-01 14:55:24,1970-01-01 03:46:39,1970-01-01 02:17:59,1970-01-01 01:28:40,van,18,30.819239902240643,3.163705848040795,"defaultdict(<class 'int'>, {4: 14, 3: 4})",dhl,l,4,66.0,0.0,0.06060606060606061,0.9393939393939394,1.0,0.28695652173913044,1.0,189.15,11.896226602264889,86.39142500000001,0.0,201.04622660226488,3.6666666666666665,True
freight_gls_31311_veh_cep_size_m_11_4,40145,51789,11644,3060,8584,1970-01-01 11:09:05,1970-01-01 14:23:09,1970-01-01 03:14:04,1970-01-01 00:51:00,1970-01-01 02:23:04,van,23,101.1361110889336,34.344453303409686,"defaultdict(<class 'int'>, {8: 8, 7: 15})",gls,m,7,25.0,0.0,0.0,1.0,1.0,0.15151515151515152,1.0,171.78,37.6226333250833,73.97174444444445,0.0,209.4026333250833,1.0869565217391304,False
freight_amazon_30851_veh_cep_size_m_11_3,40170,69251,29081,18191,10890,1970-01-01 11:09:30,1970-01-01 19:14:11,1970-01-01 08:04:41,1970-01-01 05:03:11,1970-01-01 03:01:30,van,94,78.68756560848034,12.692544144706096,"defaultdict(<class 'int'>, {6: 93, 5: 1})",amazon,m,6,148.0,0.0,0.0,1.0,1.0,0.896969696969697,1.0,171.78,29.271774406354687,184.74513055555556,13.220130555555556,214.27190496191025,1.574468085106383,False
freight_amazon_30177_veh_cep_size_m_11_3,40184,71583,31399,20138,11261,1970-01-01 11:09:44,1970-01-01 19:53:03,1970-01-01 08:43:19,1970-01-01 05:35:38,1970-01-01 03:07:41,van,51,73.40692593093631,15.626026309621688,"defaultdict(<class 'int'>, {2: 51})",amazon,m,2,165.0,0.0,0.024242424242424242,0.9757575757575757,1.0,1.0,1.0,171.78,27.307376446308307,199.47086944444447,27.945869444444448,227.03324589075274,3.235294117647059,True
freight_gls_30539_veh_cep_size_m_11_2,40454,61590,21136,11138,9998,1970-01-01 11:14:14,1970-01-01 17:06:30,1970-01-01 05:52:16,1970-01-01 03:05:38,1970-01-01 02:46:38,van,59,71.0346726926857,8.278772265537611,"defaultdict(<class 'int'>, {7: 11, 4: 32, 5: 16})",gls,m,4,90.0,0.0,0.06666666666666667,0.9333333333333333,1.0,0.5454545454545454,1.0,171.78,26.42489824167908,134.27231111111112,0.0,198.20489824167907,1.5254237288135593,True
freight_ups_30952_veh_cep_size_m_10_3,40455,50657,10202,2418,7784,1970-01-01 11:14:15,1970-01-01 14:04:17,1970-01-01 02:50:02,1970-01-01 00:40:18,1970-01-01 02:09:44,van,18,43.694403127952725,16.741573443075257,"defaultdict(<class 'int'>, {6: 18})",ups,m,6,20.0,0.0,0.65,0.35,1.0,0.12121212121212122,1.0,171.78,16.254317963598414,64.8110388888889,0.0,188.03431796359843,1.1111111111111112,False
freight_dhl_30916_0_veh_cep_size_m_11_5,40522,75849,35327,15521,19806,1970-01-01 11:15:22,1970-01-01 21:04:09,1970-01-01 09:48:47,1970-01-01 04:18:41,1970-01-01 05:30:06,van,70,142.05484296458602,7.7512295280837185,"defaultdict(<class 'int'>, {8: 58, 6: 12})",dhl,m,8,126.0,0.0,0.11904761904761904,0.8809523809523809,1.0,0.7636363636363637,1.0,171.78,52.844401582825995,224.42458055555556,52.89958055555556,277.5239821383816,1.8,False
freight_fedex_30627_veh_cep_size_m_7_2,40525,67060,26535,15170,11365,1970-01-01 11:15:25,1970-01-01 18:37:40,1970-01-01 07:22:15,1970-01-01 04:12:50,1970-01-01 03:09:25,van,44,82.3662080729275,14.493652945067177,"defaultdict(<class 'int'>, {4: 42, 5: 2})",fedex,m,4,122.0,0.0,0.8770491803278688,0.12295081967213115,1.0,0.7393939393939394,1.0,171.78,30.64022940312903,168.57095833333335,0.0,202.42022940312904,2.772727272727273,True
freight_dpd_31515_veh_cep_size_m_11_9,40544,45390,4846,121,4725,1970-01-01 11:15:44,1970-01-01 12:36:30,1970-01-01 01:20:46,1970-01-01 00:02:01,1970-01-01 01:18:45,van,1,96.40531001581452,48.51205196910995,"defaultdict(<class 'int'>, {7: 1})",dpd,m,7,1.0,0.0,0.0,1.0,1.0,0.006060606060606061,1.0,171.78,35.862775325883,30.785561111111114,0.0,207.642775325883,1.0,False
freight_dpd_30173_veh_cep_size_m_11_1,40548,70376,29828,18449,11379,1970-01-01 11:15:48,1970-01-01 19:32:56,1970-01-01 08:17:08,1970-01-01 05:07:29,1970-01-01 03:09:39,van,80,90.98889648158291,15.7661905240914,"defaultdict(<class 'int'>, {5: 5, 2: 74, 4: 1})",dpd,m,2,148.0,0.0,0.22972972972972974,0.7702702702702703,1.0,0.896969696969697,1.0,171.78,33.84786949114884,189.49065555555558,17.965655555555557,223.59352504670437,1.85,True
freight_amazon_31311_veh_cep_size_m_11_8,40772,50595,9823,1473,8350,1970-01-01 11:19:32,1970-01-01 14:03:15,1970-01-01 02:43:43,1970-01-01 00:24:33,1970-01-01 02:19:10,van,9,89.36022515999184,41.18391835342341,"defaultdict(<class 'int'>, {7: 9})",amazon,m,7,12.0,0.0,0.0,1.0,1.0,0.07272727272727272,1.0,171.78,33.24200375951696,62.403336111111116,0.0,205.02200375951696,1.3333333333333333,False
freight_hermes_30655_veh_cep_size_m_10_3,40910,63792,22882,11689,11193,1970-01-01 11:21:50,1970-01-01 17:43:12,1970-01-01 06:21:22,1970-01-01 03:14:49,1970-01-01 03:06:33,van,63,74.8790109215895,11.82900948570728,"defaultdict(<class 'int'>, {4: 39, 2: 24})",hermes,m,4,95.0,0.0,0.07368421052631578,0.9263157894736842,1.0,0.5757575757575758,1.0,171.78,27.854992062831293,145.36426111111112,0.0,199.6349920628313,1.507936507936508,True
freight_ups_30419_veh_cep_size_m_10_3,40940,63170,22230,12296,9934,1970-01-01 11:22:20,1970-01-01 17:32:50,1970-01-01 06:10:30,1970-01-01 03:24:56,1970-01-01 02:45:34,van,59,69.2329608814742,6.9185906715867524,"defaultdict(<class 'int'>, {5: 47, 6: 12})",ups,m,5,99.0,0.0,0.9494949494949495,0.050505050505050504,1.0,0.6,1.0,171.78,25.7546614479084,141.22225,0.0,197.5346614479084,1.6779661016949152,True
freight_gls_30159_veh_cep_size_m_11_3,41055,62530,21475,10233,11242,1970-01-01 11:24:15,1970-01-01 17:22:10,1970-01-01 05:57:55,1970-01-01 02:50:33,1970-01-01 03:07:22,van,48,74.28991184431096,12.894373096876178,"defaultdict(<class 'int'>, {1: 15, 2: 32, 5: 1})",gls,m,2,83.0,0.0,0.18072289156626506,0.8192771084337349,1.0,0.503030303030303,1.0,171.78,27.635847206083678,136.4259027777778,0.0,199.41584720608367,1.7291666666666667,True
freight_fedex_30169_veh_cep_size_m_10_2,41185,57378,16193,8794,7399,1970-01-01 11:26:25,1970-01-01 15:56:18,1970-01-01 04:29:53,1970-01-01 02:26:34,1970-01-01 02:03:19,van,36,55.52411154278263,13.340293081727186,"defaultdict(<class 'int'>, {1: 6, 3: 27, 2: 3})",fedex,m,3,71.0,0.0,0.8873239436619719,0.11267605633802817,1.0,0.4303030303030303,1.0,171.78,20.654969493915136,102.87053055555556,0.0,192.43496949391513,1.9722222222222223,True
freight_ups_30855_0_veh_cep_size_m_11_4,41228,60427,19199,14603,4596,1970-01-01 11:27:08,1970-01-01 16:47:07,1970-01-01 05:19:59,1970-01-01 04:03:23,1970-01-01 01:16:36,van,15,33.008436048489536,5.8935359647176355,"defaultdict(<class 'int'>, {5: 15})",ups,m,5,120.0,0.0,0.8666666666666667,0.13333333333333333,1.0,0.7272727272727273,1.0,171.78,12.279138210038107,121.96698055555557,0.0,184.0591382100381,8.0,False
freight_ups_30657_veh_cep_size_l_10_4,41431,62078,20647,14134,6513,1970-01-01 11:30:31,1970-01-01 17:14:38,1970-01-01 05:44:07,1970-01-01 03:55:34,1970-01-01 01:48:33,van,20,51.68654398249487,8.465671699911027,"defaultdict(<class 'int'>, {4: 19, 7: 1})",ups,l,4,145.0,0.0,0.7793103448275862,0.2206896551724138,1.0,0.6304347826086957,1.0,189.15,19.95100597724302,131.1658027777778,0.0,209.10100597724303,7.25,True
freight_dhl_30900_0_veh_cep_size_m_12_7,41472,52803,11331,6301,5030,1970-01-01 11:31:12,1970-01-01 14:40:03,1970-01-01 03:08:51,1970-01-01 01:45:01,1970-01-01 01:23:50,van,28,49.65797469329195,5.551659954885935,"defaultdict(<class 'int'>, {7: 21, 6: 7})",dhl,m,7,51.0,0.0,0.1568627450980392,0.8431372549019608,1.0,0.3090909090909091,1.0,171.78,18.472766585904605,71.98332500000001,0.0,190.2527665859046,1.8214285714285714,False
freight_ups_30974_veh_cep_size_m_7_1,41487,75447,33960,12225,21735,1970-01-01 11:31:27,1970-01-01 20:57:27,1970-01-01 09:26:00,1970-01-01 03:23:45,1970-01-01 06:02:15,van,71,152.53183446838645,31.298568627451793,"defaultdict(<class 'int'>, {8: 15, 7: 56})",ups,m,7,99.0,0.0,0.7575757575757576,0.24242424242424243,1.0,0.6,1.0,171.78,56.741842422239756,215.74033333333335,44.21533333333334,272.7371757555731,1.3943661971830985,False
freight_dhl_30539_veh_cep_size_m_12_8,41530,62340,20810,16111,4699,1970-01-01 11:32:10,1970-01-01 17:19:00,1970-01-01 05:46:50,1970-01-01 04:28:31,1970-01-01 01:18:19,van,52,42.49943485236324,5.547043584663653,"defaultdict(<class 'int'>, {4: 52})",dhl,m,4,130.0,0.0,0.046153846153846156,0.9538461538461539,1.0,0.7878787878787878,1.0,171.78,15.809789765079124,132.20130555555556,0.0,187.58978976507913,2.5,True
freight_hermes_31311_veh_cep_size_m_12_6,41588,50719,9131,1210,7921,1970-01-01 11:33:08,1970-01-01 14:05:19,1970-01-01 02:32:11,1970-01-01 00:20:10,1970-01-01 02:12:01,van,10,79.07418397356585,35.3205227698966,"defaultdict(<class 'int'>, {7: 10})",hermes,m,7,10.0,0.0,0.0,1.0,1.0,0.06060606060606061,1.0,171.78,29.415596438166496,58.00721388888889,0.0,201.1955964381665,1.0,False
freight_amazon_31832_1_veh_cep_size_m_12_5,41697,52582,10885,3264,7621,1970-01-01 11:34:57,1970-01-01 14:36:22,1970-01-01 03:01:25,1970-01-01 00:54:24,1970-01-01 02:07:01,van,24,80.32052253069281,27.730530591134027,"defaultdict(<class 'int'>, {7: 24})",amazon,m,7,27.0,0.0,0.0,1.0,1.0,0.16363636363636364,1.0,171.78,29.879234381417724,69.14998611111112,0.0,201.65923438141772,1.125,False
freight_dhl_30163_veh_cep_size_m_12_9,41740,63509,21769,19201,2568,1970-01-01 11:35:40,1970-01-01 17:38:29,1970-01-01 06:02:49,1970-01-01 05:20:01,1970-01-01 00:42:48,van,20,16.109213247269906,1.5485992987018762,"defaultdict(<class 'int'>, {3: 16, 2: 4})",dhl,m,3,158.0,0.0,0.0949367088607595,0.9050632911392406,1.0,0.9575757575757575,1.0,171.78,5.992627327984405,138.29361944444446,0.0,177.7726273279844,7.9,True
freight_hermes_30938_veh_cep_size_l_11_3,41870,56105,14235,4090,10145,1970-01-01 11:37:50,1970-01-01 15:35:05,1970-01-01 03:57:15,1970-01-01 01:08:10,1970-01-01 02:49:05,van,24,79.10863867019623,19.27962999745192,"defaultdict(<class 'int'>, {7: 24})",hermes,l,7,33.0,0.0,0.0,1.0,1.0,0.14347826086956522,1.0,189.15,30.535934526695744,90.43179166666667,0.0,219.68593452669575,1.375,False
freight_fedex_31515_veh_cep_size_m_12_5,41901,49288,7387,859,6528,1970-01-01 11:38:21,1970-01-01 13:41:28,1970-01-01 02:03:07,1970-01-01 00:14:19,1970-01-01 01:48:48,van,6,69.54228374301762,26.01829739947806,"defaultdict(<class 'int'>, {7: 3, 6: 3})",fedex,m,7,7.0,0.0,0.8571428571428571,0.14285714285714285,1.0,0.04242424242424243,1.0,171.78,25.869729552402553,46.92796944444445,0.0,197.64972955240256,1.1666666666666667,False
freight_hermes_30851_veh_cep_size_m_8_1,41999,71321,29322,20195,9127,1970-01-01 11:39:59,1970-01-01 19:48:41,1970-01-01 08:08:42,1970-01-01 05:36:35,1970-01-01 02:32:07,van,91,72.91916914523976,10.254175296995006,"defaultdict(<class 'int'>, {5: 1, 6: 90})",hermes,m,6,162.0,0.0,0.04938271604938271,0.9506172839506173,1.0,0.9818181818181818,1.0,171.78,27.12593092202919,186.27615000000003,14.75115,213.6570809220292,1.7802197802197801,False
freight_hermes_30539_veh_cep_size_m_12_3,42250,55462,13212,6078,7134,1970-01-01 11:44:10,1970-01-01 15:24:22,1970-01-01 03:40:12,1970-01-01 01:41:18,1970-01-01 01:58:54,van,37,55.78586264183876,18.4246841842415,"defaultdict(<class 'int'>, {4: 37})",hermes,m,4,49.0,0.0,0.0,1.0,1.0,0.296969696969697,1.0,171.78,20.75234090276402,83.9329,0.0,192.53234090276402,1.3243243243243243,True
freight_amazon_31319_0_veh_cep_size_m_12_4,42270,63829,21559,8029,13530,1970-01-01 11:44:30,1970-01-01 17:43:49,1970-01-01 05:59:19,1970-01-01 02:13:49,1970-01-01 03:45:30,van,55,110.4852814400342,34.467755802805264,"defaultdict(<class 'int'>, {6: 55})",amazon,m,6,66.0,0.0,0.015151515151515152,0.9848484848484849,1.0,0.4,1.0,171.78,41.10052469569272,136.95953611111113,0.0,212.8805246956927,1.2,False
freight_hermes_30163_veh_cep_size_m_8_1,42299,70974,28675,19498,9177,1970-01-01 11:44:59,1970-01-01 19:42:54,1970-01-01 07:57:55,1970-01-01 05:24:58,1970-01-01 02:32:57,van,86,63.21201744991061,10.489321209207406,"defaultdict(<class 'int'>, {2: 83, 3: 3})",hermes,m,2,159.0,0.0,0.09433962264150944,0.9056603773584906,1.0,0.9636363636363636,1.0,171.78,23.514870491366747,182.1659027777778,10.640902777777779,205.9357732691445,1.8488372093023255,True
freight_amazon_30989_veh_cep_size_m_12_5,42305,48429,6124,3126,2998,1970-01-01 11:45:05,1970-01-01 13:27:09,1970-01-01 01:42:04,1970-01-01 00:52:06,1970-01-01 00:49:58,van,13,30.497048658607163,11.574136939285777,"defaultdict(<class 'int'>, {8: 13})",amazon,m,8,25.0,0.0,0.0,1.0,1.0,0.15151515151515152,1.0,171.78,11.344902101001864,38.904411111111116,0.0,183.12490210100185,1.9230769230769231,False
freight_amazon_30900_1_veh_cep_size_m_12_6,42309,49491,7182,2050,5132,1970-01-01 11:45:09,1970-01-01 13:44:51,1970-01-01 01:59:42,1970-01-01 00:34:10,1970-01-01 01:25:32,van,12,55.92514076560412,22.829921916642256,"defaultdict(<class 'int'>, {7: 12})",amazon,m,7,16.0,0.0,0.0,1.0,1.0,0.09696969696969697,1.0,171.78,20.804152364804732,45.62565000000001,0.0,192.58415236480474,1.3333333333333333,False
freight_amazon_30419_1_veh_cep_size_m_12_4,42310,69674,27364,19197,8167,1970-01-01 11:45:10,1970-01-01 19:21:14,1970-01-01 07:36:04,1970-01-01 05:19:57,1970-01-01 02:16:07,van,67,68.18035339251935,3.9127693017889125,"defaultdict(<class 'int'>, {5: 66, 4: 1})",amazon,m,5,155.0,0.0,0.012903225806451613,0.9870967741935484,1.0,0.9393939393939394,1.0,171.78,25.3630914620172,173.83741111111112,2.3124111111111114,199.4555025731283,2.3134328358208953,True
freight_amazon_30938_1_veh_cep_size_m_10_4,42361,54501,12140,3825,8315,1970-01-01 11:46:01,1970-01-01 15:08:21,1970-01-01 03:22:20,1970-01-01 01:03:45,1970-01-01 02:18:35,van,24,74.52569798193346,28.0936242480909,"defaultdict(<class 'int'>, {7: 24})",amazon,m,7,31.0,0.0,0.0,1.0,1.0,0.18787878787878787,1.0,171.78,27.72355964927925,77.12272222222222,0.0,199.50355964927925,1.2916666666666667,False
freight_dpd_30627_veh_cep_size_m_12_2,42553,53967,11414,6771,4643,1970-01-01 11:49:13,1970-01-01 14:59:27,1970-01-01 03:10:14,1970-01-01 01:52:51,1970-01-01 01:17:23,van,27,45.53139741401623,13.394751426350439,"defaultdict(<class 'int'>, {4: 27})",dpd,m,4,54.0,0.0,0.2222222222222222,0.7777777777777778,1.0,0.32727272727272727,1.0,171.78,16.937679838014038,72.51060555555556,0.0,188.71767983801405,2.0,True
freight_hermes_30419_veh_cep_size_m_12_5,42627,61744,19117,11366,7751,1970-01-01 11:50:27,1970-01-01 17:09:04,1970-01-01 05:18:37,1970-01-01 03:09:26,1970-01-01 02:09:11,van,60,52.09649056879572,5.598130176211309,"defaultdict(<class 'int'>, {5: 60})",hermes,m,5,92.0,0.0,0.0,1.0,1.0,0.5575757575757576,1.0,171.78,19.379894491592008,121.4460527777778,0.0,191.159894491592,1.5333333333333334,True
freight_hermes_30163_veh_cep_size_l_7_2,42636,70794,28158,21161,6997,1970-01-01 11:50:36,1970-01-01 19:39:54,1970-01-01 07:49:18,1970-01-01 05:52:41,1970-01-01 01:56:37,van,66,56.74107764313467,9.454447522026562,"defaultdict(<class 'int'>, {2: 52, 3: 14})",hermes,l,2,171.0,0.0,0.03508771929824561,0.9649122807017544,1.0,0.7434782608695653,1.0,189.15,21.902055970249986,178.88151666666667,7.356516666666668,218.40857263691666,2.590909090909091,True
freight_dhl_31832_0_veh_cep_size_m_12_8,42736,52013,9277,3520,5757,1970-01-01 11:52:16,1970-01-01 14:26:53,1970-01-01 02:34:37,1970-01-01 00:58:40,1970-01-01 01:35:57,van,28,39.63576188781104,10.790981563926973,"defaultdict(<class 'int'>, {7: 28})",dhl,m,7,29.0,0.0,0.0,1.0,1.0,0.17575757575757575,1.0,171.78,14.744503422265709,58.93471944444445,0.0,186.5245034222657,1.0357142857142858,False
freight_ups_31319_veh_cep_size_m_12_2,42817,59684,16867,7189,9678,1970-01-01 11:53:37,1970-01-01 16:34:44,1970-01-01 04:41:07,1970-01-01 01:59:49,1970-01-01 02:41:18,van,38,86.19887525201473,19.184994429896634,"defaultdict(<class 'int'>, {5: 7, 8: 3, 6: 26, 7: 2})",ups,m,6,57.0,0.0,0.8245614035087719,0.17543859649122806,1.0,0.34545454545454546,1.0,171.78,32.06598159374948,107.15230277777779,0.0,203.84598159374949,1.5,False
freight_amazon_30855_0_veh_cep_size_m_12_7,42844,64923,22079,12517,9562,1970-01-01 11:54:04,1970-01-01 18:02:03,1970-01-01 06:07:59,1970-01-01 03:28:37,1970-01-01 02:39:22,van,57,76.77103839565494,9.172295505198983,"defaultdict(<class 'int'>, {6: 19, 4: 37, 5: 1})",amazon,m,4,101.0,0.0,0.0,1.0,1.0,0.6121212121212121,1.0,171.78,28.558826283183638,140.26298055555557,0.0,200.33882628318364,1.7719298245614035,False
freight_gls_30177_veh_cep_size_m_11_2,42845,58173,15328,6900,8428,1970-01-01 11:54:05,1970-01-01 16:09:33,1970-01-01 04:15:28,1970-01-01 01:55:00,1970-01-01 02:20:28,van,30,49.35920703118942,16.59002039217901,"defaultdict(<class 'int'>, {2: 30})",gls,m,2,56.0,0.0,0.07142857142857142,0.9285714285714286,1.0,0.3393939393939394,1.0,171.78,18.361625015602463,97.37537777777779,0.0,190.14162501560247,1.8666666666666667,True
freight_ups_30855_1_veh_cep_size_l_12_3,42906,71247,28341,22460,5881,1970-01-01 11:55:06,1970-01-01 19:47:27,1970-01-01 07:52:21,1970-01-01 06:14:20,1970-01-01 01:38:01,van,33,53.356663846177085,5.39387868483364,"defaultdict(<class 'int'>, {5: 28, 6: 5})",ups,l,5,218.0,0.0,0.9128440366972477,0.0871559633027523,1.0,0.9478260869565217,1.0,189.15,20.595672244624357,180.04407500000002,8.519075,218.26474724462435,6.606060606060606,False
freight_ups_30519_veh_cep_size_m_12_5,42961,51010,8049,1973,6076,1970-01-01 11:56:01,1970-01-01 14:10:10,1970-01-01 02:14:09,1970-01-01 00:32:53,1970-01-01 01:41:16,van,11,41.430308981287375,17.048634239779208,"defaultdict(<class 'int'>, {3: 11})",ups,m,3,16.0,0.0,0.5625,0.4375,1.0,0.09696969696969697,1.0,171.78,15.412074941038904,51.13350833333334,0.0,187.1920749410389,1.4545454545454546,True
freight_gls_30966_veh_cep_size_m_11_3,43011,61599,18588,7827,10761,1970-01-01 11:56:51,1970-01-01 17:06:39,1970-01-01 05:09:48,1970-01-01 02:10:27,1970-01-01 02:59:21,van,46,93.99346538822678,8.412680277760726,"defaultdict(<class 'int'>, {4: 30, 8: 16})",gls,m,4,63.0,0.0,0.06349206349206349,0.9365079365079365,1.0,0.38181818181818183,1.0,171.78,34.96556912442036,118.08543333333334,0.0,206.74556912442037,1.3695652173913044,False
freight_hermes_30625_veh_cep_size_m_12_3,43047,46848,3801,362,3439,1970-01-01 11:57:27,1970-01-01 13:00:48,1970-01-01 01:03:21,1970-01-01 00:06:02,1970-01-01 00:57:19,van,2,28.942389557363846,14.80685737763811,"defaultdict(<class 'int'>, {3: 2})",hermes,m,3,3.0,0.0,0.0,1.0,1.0,0.01818181818181818,1.0,171.78,10.76656891533935,24.146908333333336,0.0,182.54656891533935,1.5,True
freight_hermes_30167_veh_cep_size_m_8_1,43056,72446,29390,19358,10032,1970-01-01 11:57:36,1970-01-01 20:07:26,1970-01-01 08:09:50,1970-01-01 05:22:38,1970-01-01 02:47:12,van,82,73.73989903028465,11.248468921198292,"defaultdict(<class 'int'>, {3: 81, 1: 1})",hermes,m,3,157.0,0.0,0.08917197452229299,0.910828025477707,1.0,0.9515151515151515,1.0,171.78,27.431242439265887,186.7081388888889,15.183138888888891,214.3943813281548,1.9146341463414633,True
freight_dhl_30419_0_veh_cep_size_l_12_9,43116,47158,4042,1689,2353,1970-01-01 11:58:36,1970-01-01 13:05:58,1970-01-01 01:07:22,1970-01-01 00:28:09,1970-01-01 00:39:13,van,9,13.436871967057046,2.4423411288704138,"defaultdict(<class 'int'>, {3: 9})",dhl,l,3,14.0,0.0,0.07142857142857142,0.9285714285714286,1.0,0.06086956521739131,1.0,189.15,5.18663257928402,25.67792777777778,0.0,194.33663257928401,1.5555555555555556,True
freight_dhl_31535_0_veh_cep_size_m_12_5,43157,55141,11984,6618,5366,1970-01-01 11:59:17,1970-01-01 15:19:01,1970-01-01 03:19:44,1970-01-01 01:50:18,1970-01-01 01:29:26,van,21,42.63563375401775,2.965232554525521,"defaultdict(<class 'int'>, {6: 7, 7: 14})",dhl,m,7,71.0,0.0,0.08450704225352113,0.9154929577464789,1.0,0.4303030303030303,1.0,171.78,15.860455756494604,76.1316888888889,0.0,187.64045575649462,3.380952380952381,False
freight_ups_30451_veh_cep_size_l_8_1,43181,74230,31049,21672,9377,1970-01-01 11:59:41,1970-01-01 20:37:10,1970-01-01 08:37:29,1970-01-01 06:01:12,1970-01-01 02:36:17,van,56,54.660754355640506,13.216773119141711,"defaultdict(<class 'int'>, {2: 50, 3: 1, 6: 5})",ups,l,2,179.0,0.0,0.8491620111731844,0.15083798882681565,1.0,0.7782608695652173,1.0,189.15,21.099051181277236,197.24739722222225,25.722397222222224,235.97144840349947,3.1964285714285716,True
freight_dhl_30559_0_veh_cep_size_l_11_2,43208,72531,29323,23131,6192,1970-01-01 12:00:08,1970-01-01 20:08:51,1970-01-01 08:08:43,1970-01-01 06:25:31,1970-01-01 01:43:12,van,40,46.27727803030686,7.473651596034015,"defaultdict(<class 'int'>, {4: 40})",dhl,l,4,191.0,0.0,0.07329842931937172,0.9267015706806283,1.0,0.8304347826086956,1.0,189.15,17.863029319698448,186.2825027777778,14.757502777777779,221.77053209747623,4.775,True
freight_dhl_31535_0_veh_cep_size_l_12_6,43247,59902,16655,10212,6443,1970-01-01 12:00:47,1970-01-01 16:38:22,1970-01-01 04:37:35,1970-01-01 02:50:12,1970-01-01 01:47:23,van,28,43.092192432780905,3.2190583157427675,"defaultdict(<class 'int'>, {6: 13, 7: 15})",dhl,l,7,81.0,0.0,0.13580246913580246,0.8641975308641975,1.0,0.3521739130434783,1.0,189.15,16.63358627905343,105.8055138888889,0.0,205.78358627905342,2.892857142857143,False
freight_ups_30974_veh_cep_size_m_12_2,43250,65681,22431,10879,11552,1970-01-01 12:00:50,1970-01-01 18:14:41,1970-01-01 06:13:51,1970-01-01 03:01:19,1970-01-01 03:12:32,van,33,89.86320766432188,28.103341171838053,"defaultdict(<class 'int'>, {7: 23, 8: 10})",ups,m,7,88.0,0.0,0.7727272727272727,0.22727272727272727,1.0,0.5333333333333333,1.0,171.78,33.42911325112774,142.49915833333336,0.0,205.20911325112775,2.6666666666666665,False
freight_dhl_30167_veh_cep_size_m_12_8,43359,49831,6472,5640,832,1970-01-01 12:02:39,1970-01-01 13:50:31,1970-01-01 01:47:52,1970-01-01 01:34:00,1970-01-01 00:13:52,van,11,6.520989875139232,0.8802453364949852,"defaultdict(<class 'int'>, {3: 11})",dhl,m,3,46.0,0.0,0.13043478260869565,0.8695652173913043,1.0,0.2787878787878788,1.0,171.78,2.4258082335517943,41.11517777777778,0.0,174.2058082335518,4.181818181818182,True
freight_dhl_30900_1_veh_cep_size_l_12_7,43424,45188,1764,121,1643,1970-01-01 12:03:44,1970-01-01 12:33:08,1970-01-01 00:29:24,1970-01-01 00:02:01,1970-01-01 00:27:23,van,1,20.13882137345359,9.896299287089045,"defaultdict(<class 'int'>, {7: 1})",dhl,l,7,1.0,0.0,0.0,1.0,1.0,0.004347826086956522,1.0,189.15,7.773585050153087,11.2063,0.0,196.9235850501531,1.0,False
freight_dhl_30966_1_veh_cep_size_l_12_6,43531,47162,3631,1969,1662,1970-01-01 12:05:31,1970-01-01 13:06:02,1970-01-01 01:00:31,1970-01-01 00:32:49,1970-01-01 00:27:42,van,8,12.698776613931669,4.0120910410969906,"defaultdict(<class 'int'>, {4: 8})",dhl,l,4,16.0,0.0,0.125,0.875,1.0,0.06956521739130435,1.0,189.15,4.901727772977624,23.06693611111111,0.0,194.05172777297764,2.0,False
freight_fedex_31535_veh_cep_size_m_12_4,43567,62918,19351,5897,13454,1970-01-01 12:06:07,1970-01-01 17:28:38,1970-01-01 05:22:31,1970-01-01 01:38:17,1970-01-01 03:44:14,van,35,127.74339630229366,19.87166074040386,"defaultdict(<class 'int'>, {7: 14, 6: 20, 8: 1})",fedex,m,6,48.0,0.0,0.9166666666666666,0.08333333333333333,1.0,0.2909090909090909,1.0,171.78,47.520543424453244,122.93260277777779,0.0,219.30054342445325,1.3714285714285714,False
freight_ups_30449_veh_cep_size_m_12_4,43572,57987,14415,6882,7533,1970-01-01 12:06:12,1970-01-01 16:06:27,1970-01-01 04:00:15,1970-01-01 01:54:42,1970-01-01 02:05:33,van,24,37.427134388165584,12.544076799634544,"defaultdict(<class 'int'>, {3: 24})",ups,m,3,56.0,0.0,0.75,0.25,1.0,0.3393939393939394,1.0,171.78,13.922893992397597,91.57529166666667,0.0,185.7028939923976,2.3333333333333335,True
freight_dhl_30826_0_veh_cep_size_m_12_1,43638,67524,23886,14702,9184,1970-01-01 12:07:18,1970-01-01 18:45:24,1970-01-01 06:38:06,1970-01-01 04:05:02,1970-01-01 02:33:04,van,63,75.1560820476313,2.6124847871202963,"defaultdict(<class 'int'>, {8: 3, 7: 60})",dhl,m,7,119.0,0.0,0.058823529411764705,0.9411764705882353,1.0,0.7212121212121212,1.0,171.78,27.958062521718844,151.74245000000002,0.0,199.73806252171886,1.8888888888888888,False
freight_dpd_30173_veh_cep_size_m_11_2,43652,70029,26377,15760,10617,1970-01-01 12:07:32,1970-01-01 19:27:09,1970-01-01 07:19:37,1970-01-01 04:22:40,1970-01-01 02:56:57,van,74,82.21403680767807,15.07468008638279,"defaultdict(<class 'int'>, {5: 30, 2: 44})",dpd,m,2,127.0,0.0,0.15748031496062992,0.84251968503937,1.0,0.7696969696969697,1.0,171.78,30.58362169245624,167.56721944444445,0.0,202.36362169245623,1.7162162162162162,True
freight_dhl_30926_0_veh_cep_size_m_12_8,43686,54226,10540,8344,2196,1970-01-01 12:08:06,1970-01-01 15:03:46,1970-01-01 02:55:40,1970-01-01 02:19:04,1970-01-01 00:36:36,van,15,14.179220578678612,2.774865577546169,"defaultdict(<class 'int'>, {6: 15})",dhl,m,6,66.0,0.0,0.09090909090909091,0.9090909090909091,1.0,0.4,1.0,171.78,5.274670055268444,66.95827777777778,0.0,177.05467005526845,4.4,False
freight_hermes_30627_veh_cep_size_m_12_2,43750,57479,13729,7584,6145,1970-01-01 12:09:10,1970-01-01 15:57:59,1970-01-01 03:48:49,1970-01-01 02:06:24,1970-01-01 01:42:25,van,28,47.56685087431552,13.02362658645155,"defaultdict(<class 'int'>, {4: 28})",hermes,m,4,61.0,0.0,0.06557377049180328,0.9344262295081968,1.0,0.3696969696969697,1.0,171.78,17.694868525245372,87.21728611111112,0.0,189.47486852524537,2.1785714285714284,True
freight_hermes_31319_veh_cep_size_m_12_5,43798,49475,5677,847,4830,1970-01-01 12:09:58,1970-01-01 13:44:35,1970-01-01 01:34:37,1970-01-01 00:14:07,1970-01-01 01:20:30,van,7,44.285640921223695,21.35816281720474,"defaultdict(<class 'int'>, {5: 7})",hermes,m,5,7.0,0.0,0.0,1.0,1.0,0.04242424242424243,1.0,171.78,16.474258422695215,36.06471944444445,0.0,188.25425842269522,1.0,False
freight_ups_30451_veh_cep_size_m_11_2,44079,67868,23789,15944,7845,1970-01-01 12:14:39,1970-01-01 18:51:08,1970-01-01 06:36:29,1970-01-01 04:25:44,1970-01-01 02:10:45,van,42,46.52016737101861,12.645770825109052,"defaultdict(<class 'int'>, {2: 39, 3: 3})",ups,m,2,130.0,0.0,0.8076923076923077,0.19230769230769232,1.0,0.7878787878787878,1.0,171.78,17.305502262018923,151.12623055555557,0.0,189.08550226201893,3.0952380952380953,True
freight_dpd_30989_veh_cep_size_m_12_3,44148,57812,13664,3388,10276,1970-01-01 12:15:48,1970-01-01 16:03:32,1970-01-01 03:47:44,1970-01-01 00:56:28,1970-01-01 02:51:16,van,28,82.75259606426907,28.164073451452023,"defaultdict(<class 'int'>, {8: 8, 4: 20})",dpd,m,4,28.0,0.0,0.0,1.0,1.0,0.1696969696969697,1.0,171.78,30.783965735908094,86.80435555555556,0.0,202.56396573590808,1.0,False
freight_amazon_30457_veh_cep_size_m_12_4,44190,69217,25027,16732,8295,1970-01-01 12:16:30,1970-01-01 19:13:37,1970-01-01 06:57:07,1970-01-01 04:38:52,1970-01-01 02:18:15,van,45,66.66687764845902,16.334984791731472,"defaultdict(<class 'int'>, {3: 33, 4: 12})",amazon,m,3,134.0,0.0,0.0,1.0,1.0,0.8121212121212121,1.0,171.78,24.800078485226756,158.99096944444446,0.0,196.58007848522675,2.977777777777778,True
freight_dpd_30165_veh_cep_size_m_12_3,44733,51345,6612,1721,4891,1970-01-01 12:25:33,1970-01-01 14:15:45,1970-01-01 01:50:12,1970-01-01 00:28:41,1970-01-01 01:21:31,van,11,44.02911743062767,18.68057157437271,"defaultdict(<class 'int'>, {1: 2, 3: 9})",dpd,m,3,14.0,0.0,0.07142857142857142,0.9285714285714286,1.0,0.08484848484848485,1.0,171.78,16.378831684193493,42.00456666666667,0.0,188.1588316841935,1.2727272727272727,True
freight_hermes_30657_veh_cep_size_m_12_3,45035,63927,18892,7702,11190,1970-01-01 12:30:35,1970-01-01 17:45:27,1970-01-01 05:14:52,1970-01-01 02:08:22,1970-01-01 03:06:30,van,45,91.73452134809648,11.051517788222384,"defaultdict(<class 'int'>, {8: 14, 4: 31})",hermes,m,4,62.0,0.0,0.0967741935483871,0.9032258064516129,1.0,0.37575757575757573,1.0,171.78,34.12524194149189,120.01667777777779,0.0,205.9052419414919,1.3777777777777778,True
freight_hermes_30453_veh_cep_size_m_13_3,45056,57545,12489,6548,5941,1970-01-01 12:30:56,1970-01-01 15:59:05,1970-01-01 03:28:09,1970-01-01 01:49:08,1970-01-01 01:39:01,van,38,45.7414043280569,12.811019532317221,"defaultdict(<class 'int'>, {6: 7, 4: 31})",hermes,m,4,53.0,0.0,0.0,1.0,1.0,0.3212121212121212,1.0,171.78,17.015802410037168,79.33984166666667,0.0,188.79580241003717,1.394736842105263,True
freight_gls_30890_veh_cep_size_m_13_5,45161,59982,14821,4492,10329,1970-01-01 12:32:41,1970-01-01 16:39:42,1970-01-01 04:07:01,1970-01-01 01:14:52,1970-01-01 02:52:09,van,35,95.69151936630367,27.80072975739777,"defaultdict(<class 'int'>, {8: 23, 7: 12})",gls,m,8,37.0,0.0,0.0,1.0,1.0,0.22424242424242424,1.0,171.78,35.597245204264965,94.15451944444445,0.0,207.37724520426497,1.0571428571428572,False
freight_dhl_30175_veh_cep_size_m_13_5,45774,52184,6410,4657,1753,1970-01-01 12:42:54,1970-01-01 14:29:44,1970-01-01 01:46:50,1970-01-01 01:17:37,1970-01-01 00:29:13,van,14,11.359197826975146,2.4696010804337436,"defaultdict(<class 'int'>, {1: 11, 2: 3})",dhl,m,1,38.0,0.0,0.39473684210526316,0.6052631578947368,1.0,0.23030303030303031,1.0,171.78,4.225621591634754,40.72130555555556,0.0,176.00562159163476,2.7142857142857144,True
freight_dhl_31535_1_veh_cep_size_m_13_7,45804,50277,4473,2688,1785,1970-01-01 12:43:24,1970-01-01 13:57:57,1970-01-01 01:14:33,1970-01-01 00:44:48,1970-01-01 00:29:45,van,5,10.744561384349701,4.384632530450475,"defaultdict(<class 'int'>, {6: 5})",dhl,m,6,21.0,0.0,0.42857142857142855,0.5714285714285714,1.0,0.12727272727272726,1.0,171.78,3.996976834978089,28.415975000000003,0.0,175.7769768349781,4.2,False
freight_amazon_30627_veh_cep_size_m_9_3,45913,63205,17292,8925,8367,1970-01-01 12:45:13,1970-01-01 17:33:25,1970-01-01 04:48:12,1970-01-01 02:28:45,1970-01-01 02:19:27,van,33,65.28444986761691,20.278768164765573,"defaultdict(<class 'int'>, {4: 33})",amazon,m,4,72.0,0.0,0.013888888888888888,0.9861111111111112,1.0,0.43636363636363634,1.0,171.78,24.28581535075349,109.85223333333334,0.0,196.0658153507535,2.1818181818181817,True
freight_amazon_30916_1_veh_cep_size_m_13_5,45925,58518,12593,4622,7971,1970-01-01 12:45:25,1970-01-01 16:15:18,1970-01-01 03:29:53,1970-01-01 01:17:02,1970-01-01 02:12:51,van,33,65.57480943051127,21.52869882215326,"defaultdict(<class 'int'>, {6: 33})",amazon,m,6,38.0,0.0,0.0,1.0,1.0,0.23030303030303031,1.0,171.78,24.39382910815019,80.00053055555556,0.0,196.1738291081502,1.1515151515151516,False
freight_fedex_30952_veh_cep_size_m_13_4,46302,66643,20341,4679,15662,1970-01-01 12:51:42,1970-01-01 18:30:43,1970-01-01 05:39:01,1970-01-01 01:17:59,1970-01-01 04:21:02,van,30,115.73261026289664,22.63998891693851,"defaultdict(<class 'int'>, {4: 14, 6: 16})",fedex,m,6,38.0,0.0,0.8947368421052632,0.10526315789473684,1.0,0.23030303030303031,1.0,171.78,43.05253101779755,129.2218527777778,0.0,214.83253101779755,1.2666666666666666,False
freight_dpd_30900_veh_cep_size_l_13_6,46513,60654,14141,3281,10860,1970-01-01 12:55:13,1970-01-01 16:50:54,1970-01-01 03:55:41,1970-01-01 00:54:41,1970-01-01 03:01:00,van,26,116.53782336747955,28.731419549352154,"defaultdict(<class 'int'>, {7: 23, 8: 3})",dpd,l,7,27.0,0.0,0.14814814814814814,0.8518518518518519,1.0,0.11739130434782609,1.0,189.15,44.98359981984711,89.83463055555556,0.0,234.13359981984712,1.0384615384615385,False
freight_ups_31275_veh_cep_size_m_13_5,46529,55740,9211,2662,6549,1970-01-01 12:55:29,1970-01-01 15:29:00,1970-01-01 02:33:31,1970-01-01 00:44:22,1970-01-01 01:49:09,van,22,74.73306761581006,21.675628721998212,"defaultdict(<class 'int'>, {6: 22})",ups,m,6,22.0,0.0,0.8636363636363636,0.13636363636363635,1.0,0.13333333333333333,1.0,171.78,27.80070115308134,58.515436111111114,0.0,199.58070115308135,1.0,False
freight_dhl_31275_1_veh_cep_size_l_13_8,46529,62374,15845,10786,5059,1970-01-01 12:55:29,1970-01-01 17:19:34,1970-01-01 04:24:05,1970-01-01 02:59:46,1970-01-01 01:24:19,van,28,48.16469050175039,5.93027152558916,"defaultdict(<class 'int'>, {6: 28})",dhl,l,6,86.0,0.0,0.11627906976744186,0.8837209302325582,1.0,0.3739130434782609,1.0,189.15,18.59157053367565,100.6597638888889,0.0,207.74157053367566,3.0714285714285716,False
freight_dhl_30179_veh_cep_size_l_13_2,46669,61392,14723,10106,4617,1970-01-01 12:57:49,1970-01-01 17:03:12,1970-01-01 04:05:23,1970-01-01 02:48:26,1970-01-01 01:16:57,van,20,32.072030342835184,6.626667302204824,"defaultdict(<class 'int'>, {4: 19, 3: 1})",dhl,l,4,81.0,0.0,0.037037037037037035,0.9629629629629629,1.0,0.3521739130434783,1.0,189.15,12.37980371233438,93.53194722222223,0.0,201.5298037123344,4.05,True
freight_amazon_30974_veh_cep_size_m_13_5,46684,54973,8289,1936,6353,1970-01-01 12:58:04,1970-01-01 15:16:13,1970-01-01 02:18:09,1970-01-01 00:32:16,1970-01-01 01:45:53,van,16,54.124462492293475,19.95189172658484,"defaultdict(<class 'int'>, {8: 16})",amazon,m,8,16.0,0.0,0.0,1.0,1.0,0.09696969696969697,1.0,171.78,20.134300047133173,52.65817500000001,0.0,191.91430004713317,1.0,False
freight_ups_30880_veh_cep_size_m_13_6,46722,65357,18635,5859,12776,1970-01-01 12:58:42,1970-01-01 18:09:17,1970-01-01 05:10:35,1970-01-01 01:37:39,1970-01-01 03:32:56,van,39,83.37810051713726,20.49089864370233,"defaultdict(<class 'int'>, {3: 6, 6: 32, 7: 1})",ups,m,6,48.0,0.0,0.8125,0.1875,1.0,0.2909090909090909,1.0,171.78,31.01665339237506,118.3840138888889,0.0,202.79665339237505,1.2307692307692308,False
freight_hermes_30851_veh_cep_size_l_13_2,46729,68502,21773,14189,7584,1970-01-01 12:58:49,1970-01-01 19:01:42,1970-01-01 06:02:53,1970-01-01 03:56:29,1970-01-01 02:06:24,van,61,53.360358430726066,4.922736891328548,"defaultdict(<class 'int'>, {6: 60, 5: 1})",hermes,l,6,114.0,0.0,0.06140350877192982,0.9385964912280702,1.0,0.4956521739130435,1.0,189.15,20.59709835426026,138.31903055555557,0.0,209.74709835426026,1.8688524590163935,False
freight_dhl_30827_0_veh_cep_size_m_13_5,46732,49889,3157,2610,547,1970-01-01 12:58:52,1970-01-01 13:51:29,1970-01-01 00:52:37,1970-01-01 00:43:30,1970-01-01 00:09:07,van,4,6.761075807607146,2.815519997216076,"defaultdict(<class 'int'>, {6: 4})",dhl,m,6,21.0,0.0,0.23809523809523808,0.7619047619047619,1.0,0.12727272727272726,1.0,171.78,2.5151202004298585,20.055719444444446,0.0,174.29512020042986,5.25,False
freight_ups_30855_0_veh_cep_size_m_12_5,46735,57279,10544,7340,3204,1970-01-01 12:58:55,1970-01-01 15:54:39,1970-01-01 02:55:44,1970-01-01 02:02:20,1970-01-01 00:53:24,van,12,18.864034713463166,5.828660210707278,"defaultdict(<class 'int'>, {5: 12})",ups,m,5,58.0,0.0,0.7241379310344828,0.27586206896551724,1.0,0.3515151515151515,1.0,171.78,7.017420913408298,66.98368888888889,0.0,178.7974209134083,4.833333333333333,False
freight_dpd_30453_veh_cep_size_m_13_3,46766,55635,8869,2644,6225,1970-01-01 12:59:26,1970-01-01 15:27:15,1970-01-01 02:27:49,1970-01-01 00:44:04,1970-01-01 01:43:45,van,12,53.94728980789101,21.089304646296917,"defaultdict(<class 'int'>, {3: 12})",dpd,m,3,21.0,0.0,0.42857142857142855,0.5714285714285714,1.0,0.12727272727272726,1.0,171.78,20.068391808535456,56.34278611111112,0.0,191.84839180853547,1.75,True
freight_dhl_31303_0_veh_cep_size_l_13_3,46878,66999,20121,15246,4875,1970-01-01 13:01:18,1970-01-01 18:36:39,1970-01-01 05:35:21,1970-01-01 04:14:06,1970-01-01 01:21:15,van,31,41.553637268384236,4.02353162250192,"defaultdict(<class 'int'>, {4: 28, 6: 1, 7: 2})",dhl,l,4,139.0,0.0,0.06474820143884892,0.935251798561151,1.0,0.6043478260869565,1.0,189.15,16.039703985596315,127.82424166666668,0.0,205.1897039855963,4.483870967741935,True
freight_dhl_30625_veh_cep_size_l_13_8,46916,53624,6708,3291,3417,1970-01-01 13:01:56,1970-01-01 14:53:44,1970-01-01 01:51:48,1970-01-01 00:54:51,1970-01-01 00:56:57,van,5,17.493808870954975,7.6669475663845965,"defaultdict(<class 'int'>, {3: 5})",dhl,l,3,26.0,0.0,0.0,1.0,1.0,0.11304347826086956,1.0,189.15,6.75261022418862,42.61443333333334,0.0,195.90261022418863,5.2,True
freight_ups_30539_veh_cep_size_l_13_2,46920,65040,18120,10073,8047,1970-01-01 13:02:00,1970-01-01 18:04:00,1970-01-01 05:02:00,1970-01-01 02:47:53,1970-01-01 02:14:07,van,17,57.28675345903259,18.711248529146335,"defaultdict(<class 'int'>, {5: 2, 4: 15})",ups,l,4,230.0,0.0,0.8739130434782608,0.12608695652173912,1.0,1.0,1.0,189.15,22.11268683518658,115.11233333333334,0.0,211.26268683518657,13.529411764705882,True
freight_gls_30519_veh_cep_size_l_13_4,46973,52273,5300,1089,4211,1970-01-01 13:02:53,1970-01-01 14:31:13,1970-01-01 01:28:20,1970-01-01 00:18:09,1970-01-01 01:10:11,van,9,32.951657409574466,9.274967379629032,"defaultdict(<class 'int'>, {4: 9})",gls,l,4,9.0,0.0,0.0,1.0,1.0,0.0391304347826087,1.0,189.15,12.719339760095744,33.66972222222223,0.0,201.86933976009576,1.0,True
freight_dhl_30952_0_veh_cep_size_m_13_6,47020,53149,6129,3492,2637,1970-01-01 13:03:40,1970-01-01 14:45:49,1970-01-01 01:42:09,1970-01-01 00:58:12,1970-01-01 00:43:57,van,9,20.212018733993773,6.935733996464745,"defaultdict(<class 'int'>, {4: 9})",dhl,m,4,28.0,0.0,0.21428571428571427,0.7857142857142857,1.0,0.1696969696969697,1.0,171.78,7.518870969045683,38.936175000000006,0.0,179.29887096904568,3.111111111111111,False
freight_dhl_30451_veh_cep_size_m_13_6,47153,57351,10198,8017,2181,1970-01-01 13:05:53,1970-01-01 15:55:51,1970-01-01 02:49:58,1970-01-01 02:13:37,1970-01-01 00:36:21,van,11,10.831398490078342,2.8592176763795303,"defaultdict(<class 'int'>, {2: 9, 3: 2})",dhl,m,2,66.0,0.0,0.10606060606060606,0.8939393939393939,1.0,0.4,1.0,171.78,4.029280238309143,64.78562777777779,0.0,175.80928023830916,6.0,True
freight_hermes_30165_veh_cep_size_m_13_3,47294,53714,6420,3004,3416,1970-01-01 13:08:14,1970-01-01 14:55:14,1970-01-01 01:47:00,1970-01-01 00:50:04,1970-01-01 00:56:56,van,16,26.949363576823593,6.629540490087316,"defaultdict(<class 'int'>, {5: 16})",hermes,m,5,24.0,0.0,0.041666666666666664,0.9583333333333334,1.0,0.14545454545454545,1.0,171.78,10.025163250578377,40.78483333333334,0.0,181.80516325057837,1.5,True
freight_hermes_30167_veh_cep_size_m_13_2,47584,69591,22007,14911,7096,1970-01-01 13:13:04,1970-01-01 19:19:51,1970-01-01 06:06:47,1970-01-01 04:08:31,1970-01-01 01:58:16,van,48,54.31691449244269,10.126007304261979,"defaultdict(<class 'int'>, {3: 48})",hermes,m,3,120.0,0.0,0.016666666666666666,0.9833333333333333,1.0,0.7272727272727273,1.0,171.78,20.20589219118868,139.80558055555557,0.0,191.98589219118867,2.5,True
freight_fedex_31303_veh_cep_size_m_13_4,47610,62338,14728,5093,9635,1970-01-01 13:13:30,1970-01-01 17:18:58,1970-01-01 04:05:28,1970-01-01 01:24:53,1970-01-01 02:40:35,van,41,81.94718897138407,21.26769493801015,"defaultdict(<class 'int'>, {8: 1, 4: 36, 6: 4})",fedex,m,4,42.0,0.0,0.7619047619047619,0.23809523809523808,1.0,0.2545454545454545,1.0,171.78,30.484354297354873,93.56371111111112,0.0,202.26435429735488,1.024390243902439,True
freight_dhl_30823_1_veh_cep_size_m_13_6,47681,49410,1729,873,856,1970-01-01 13:14:41,1970-01-01 13:43:30,1970-01-01 00:28:49,1970-01-01 00:14:33,1970-01-01 00:14:16,van,2,9.12140902430186,4.126296757487674,"defaultdict(<class 'int'>, {4: 2})",dhl,m,4,7.0,0.0,0.0,1.0,1.0,0.04242424242424243,1.0,171.78,3.393164157040292,10.983952777777779,0.0,175.1731641570403,3.5,False
freight_ups_30827_veh_cep_size_m_12_3,47771,58071,10300,4949,5351,1970-01-01 13:16:11,1970-01-01 16:07:51,1970-01-01 02:51:40,1970-01-01 01:22:29,1970-01-01 01:29:11,van,23,46.841665019254876,12.189947090296453,"defaultdict(<class 'int'>, {6: 23})",ups,m,6,40.0,0.0,0.775,0.225,1.0,0.24242424242424243,1.0,171.78,17.425099387162813,65.43361111111112,0.0,189.20509938716282,1.7391304347826086,False
freight_dhl_30419_1_veh_cep_size_m_14_8,48740,53968,5228,2951,2277,1970-01-01 13:32:20,1970-01-01 14:59:28,1970-01-01 01:27:08,1970-01-01 00:49:11,1970-01-01 00:37:57,van,15,17.197713187252564,5.242731905664263,"defaultdict(<class 'int'>, {5: 15})",dhl,m,5,24.0,0.0,0.041666666666666664,0.9583333333333334,1.0,0.14545454545454545,1.0,171.78,6.397549305657954,33.21232222222223,0.0,178.17754930565795,1.6,True
freight_dhl_31311_0_veh_cep_size_l_13_6,49593,63126,13533,6857,6676,1970-01-01 13:46:33,1970-01-01 17:32:06,1970-01-01 03:45:33,1970-01-01 01:54:17,1970-01-01 01:51:16,van,34,33.35218543389198,3.65059658243223,"defaultdict(<class 'int'>, {7: 34})",dhl,l,7,55.0,0.0,0.03636363636363636,0.9636363636363636,1.0,0.2391304347826087,1.0,189.15,12.873943577482306,85.97214166666667,0.0,202.0239435774823,1.6176470588235294,False
freight_dpd_30519_veh_cep_size_m_14_4,49748,52469,2721,363,2358,1970-01-01 13:49:08,1970-01-01 14:34:29,1970-01-01 00:45:21,1970-01-01 00:06:03,1970-01-01 00:39:18,van,3,31.386524638777356,15.088997324480616,"defaultdict(<class 'int'>, {5: 3})",dpd,m,5,3.0,0.0,0.0,1.0,1.0,0.01818181818181818,1.0,171.78,11.675787165625175,17.285908333333335,0.0,183.45578716562517,1.0,True
freight_dhl_31535_3_veh_cep_size_l_13_7,49751,54023,4272,2390,1882,1970-01-01 13:49:11,1970-01-01 15:00:23,1970-01-01 01:11:12,1970-01-01 00:39:50,1970-01-01 00:31:22,van,9,19.960756980735997,4.399624995093358,"defaultdict(<class 'int'>, {8: 9})",dhl,l,8,19.0,0.0,0.05263157894736842,0.9473684210526315,1.0,0.08260869565217391,1.0,189.15,7.704852194564095,27.13906666666667,0.0,196.8548521945641,2.111111111111111,False
freight_hermes_30459_veh_cep_size_m_14_3,50111,55684,5573,484,5089,1970-01-01 13:55:11,1970-01-01 15:28:04,1970-01-01 01:32:53,1970-01-01 00:08:04,1970-01-01 01:24:49,van,4,33.50856292894026,15.321076501494018,"defaultdict(<class 'int'>, {3: 4})",hermes,m,3,4.0,0.0,0.0,1.0,1.0,0.024242424242424242,1.0,171.78,12.465185409565775,35.40403055555556,0.0,184.24518540956578,1.0,True
freight_hermes_30451_veh_cep_size_m_14_2,50234,65287,15053,8608,6445,1970-01-01 13:57:14,1970-01-01 18:08:07,1970-01-01 04:10:53,1970-01-01 02:23:28,1970-01-01 01:47:25,van,28,41.45129389559455,12.4147570328229,"defaultdict(<class 'int'>, {3: 4, 2: 23, 6: 1})",hermes,m,2,70.0,0.0,0.05714285714285714,0.9428571428571428,1.0,0.42424242424242425,1.0,171.78,15.419881329161173,95.6283638888889,0.0,187.19988132916117,2.5,True
freight_hermes_30989_veh_cep_size_m_14_4,50262,55938,5676,605,5071,1970-01-01 13:57:42,1970-01-01 15:32:18,1970-01-01 01:34:36,1970-01-01 00:10:05,1970-01-01 01:24:31,van,5,50.84522165991411,22.46700344945713,"defaultdict(<class 'int'>, {4: 1, 8: 4})",hermes,m,8,5.0,0.0,0.0,1.0,1.0,0.030303030303030304,1.0,171.78,18.914422457488048,36.05836666666667,0.0,190.69442245748806,1.0,False
freight_dhl_31535_0_veh_cep_size_m_14_4,50559,58467,7908,4071,3837,1970-01-01 14:02:39,1970-01-01 16:14:27,1970-01-01 02:11:48,1970-01-01 01:07:51,1970-01-01 01:03:57,van,18,32.96532997219982,6.218157113102988,"defaultdict(<class 'int'>, {7: 17, 6: 1})",dhl,m,7,33.0,0.0,0.030303030303030304,0.9696969696969697,1.0,0.2,1.0,171.78,12.263102749658332,50.23776666666667,0.0,184.04310274965835,1.8333333333333333,False
freight_dpd_30169_veh_cep_size_m_13_2,50578,58908,8330,2874,5456,1970-01-01 14:02:58,1970-01-01 16:21:48,1970-01-01 02:18:50,1970-01-01 00:47:54,1970-01-01 01:30:56,van,14,42.97813208100532,17.22745853719247,"defaultdict(<class 'int'>, {2: 14})",dpd,m,2,23.0,0.0,0.34782608695652173,0.6521739130434783,1.0,0.1393939393939394,1.0,171.78,15.98786513413398,52.91863888888889,0.0,187.76786513413398,1.6428571428571428,True
freight_gls_30855_veh_cep_size_m_14_9,50903,59317,8414,1329,7085,1970-01-01 14:08:23,1970-01-01 16:28:37,1970-01-01 02:20:14,1970-01-01 00:22:09,1970-01-01 01:58:05,van,9,49.627965426157544,22.082288200542067,"defaultdict(<class 'int'>, {6: 7, 5: 2})",gls,m,6,11.0,0.0,0.0,1.0,1.0,0.06666666666666667,1.0,171.78,18.461603138530606,53.45227222222223,0.0,190.2416031385306,1.2222222222222223,False
freight_amazon_30966_veh_cep_size_m_14_6,51114,61667,10553,5051,5502,1970-01-01 14:11:54,1970-01-01 17:07:47,1970-01-01 02:55:53,1970-01-01 01:24:11,1970-01-01 01:31:42,van,23,51.20142988366572,18.584263939208128,"defaultdict(<class 'int'>, {4: 23})",amazon,m,4,41.0,0.0,0.0,1.0,1.0,0.24848484848484848,1.0,171.78,19.046931916723647,67.0408638888889,0.0,190.82693191672365,1.7826086956521738,False
freight_hermes_30952_veh_cep_size_m_14_5,51181,59522,8341,2227,6114,1970-01-01 14:13:01,1970-01-01 16:32:02,1970-01-01 02:19:01,1970-01-01 00:37:07,1970-01-01 01:41:54,van,13,43.38366692190232,18.020198533792257,"defaultdict(<class 'int'>, {6: 13})",hermes,m,6,18.0,0.0,0.05555555555555555,0.9444444444444444,1.0,0.10909090909090909,1.0,171.78,16.138724094947662,52.98851944444445,0.0,187.91872409494766,1.3846153846153846,False
freight_hermes_30171_veh_cep_size_m_14_4,51495,55599,4104,1208,2896,1970-01-01 14:18:15,1970-01-01 15:26:39,1970-01-01 01:08:24,1970-01-01 00:20:08,1970-01-01 00:48:16,van,8,25.880878434718195,11.987262532048884,"defaultdict(<class 'int'>, {2: 4, 4: 1, 1: 3})",hermes,m,2,10.0,0.0,0.0,1.0,1.0,0.06060606060606061,1.0,171.78,9.627686777715168,26.071800000000003,0.0,181.40768677771516,1.25,True
freight_dhl_30173_veh_cep_size_m_14_8,51669,68630,16961,8725,8236,1970-01-01 14:21:09,1970-01-01 19:03:50,1970-01-01 04:42:41,1970-01-01 02:25:25,1970-01-01 02:17:16,van,28,46.04528662978902,6.774026325993088,"defaultdict(<class 'int'>, {5: 20, 2: 8})",dhl,m,5,70.0,0.0,0.12857142857142856,0.8714285714285714,1.0,0.42424242424242425,1.0,171.78,17.128846626281515,107.7494638888889,0.0,188.9088466262815,2.5,True
freight_fedex_30916_veh_cep_size_m_14_5,52137,55824,3687,1145,2542,1970-01-01 14:28:57,1970-01-01 15:30:24,1970-01-01 01:01:27,1970-01-01 00:19:05,1970-01-01 00:42:22,van,2,21.10982160814149,9.056290253630705,"defaultdict(<class 'int'>, {7: 2})",fedex,m,7,9.0,0.0,1.0,0.0,1.0,0.05454545454545454,1.0,171.78,7.852853638228635,23.42269166666667,0.0,179.63285363822862,4.5,False
freight_amazon_30916_0_veh_cep_size_m_14_5,52296,62031,9735,2541,7194,1970-01-01 14:31:36,1970-01-01 17:13:51,1970-01-01 02:42:15,1970-01-01 00:42:21,1970-01-01 01:59:54,van,21,67.89347312478029,20.79693824854898,"defaultdict(<class 'int'>, {6: 19, 7: 2})",amazon,m,6,21.0,0.0,0.0,1.0,1.0,0.12727272727272726,1.0,171.78,25.256372002418267,61.84429166666667,0.0,197.03637200241826,1.0,False
freight_amazon_30161_veh_cep_size_m_15_5,53533,72039,18506,10252,8254,1970-01-01 14:52:13,1970-01-01 20:00:39,1970-01-01 05:08:26,1970-01-01 02:50:52,1970-01-01 02:17:34,van,52,60.60039570966081,14.166127340356832,"defaultdict(<class 'int'>, {3: 17, 2: 23, 1: 12})",amazon,m,2,84.0,0.0,0.011904761904761904,0.9880952380952381,1.0,0.509090909090909,1.0,171.78,22.54334720399382,117.56450555555557,0.0,194.32334720399382,1.6153846153846154,True
freight_amazon_31303_0_veh_cep_size_m_15_5,53555,68716,15161,4730,10431,1970-01-01 14:52:35,1970-01-01 19:05:16,1970-01-01 04:12:41,1970-01-01 01:18:50,1970-01-01 02:53:51,van,38,94.06678487317171,29.900001260128082,"defaultdict(<class 'int'>, {8: 8, 4: 29, 7: 1})",amazon,m,4,39.0,0.0,0.0,1.0,1.0,0.23636363636363636,1.0,171.78,34.99284397281988,96.3144638888889,0.0,206.77284397281989,1.0263157894736843,True
freight_amazon_30938_0_veh_cep_size_m_15_5,54051,59812,5761,726,5035,1970-01-01 15:00:51,1970-01-01 16:36:52,1970-01-01 01:36:01,1970-01-01 00:12:06,1970-01-01 01:23:55,van,6,62.403892221484774,24.530676848068605,"defaultdict(<class 'int'>, {6: 6})",amazon,m,6,6.0,0.0,0.0,1.0,1.0,0.03636363636363636,1.0,171.78,23.214247906392337,36.598352777777784,0.0,194.99424790639233,1.0,False
freight_amazon_30625_veh_cep_size_m_15_4,54425,75067,20642,9468,11174,1970-01-01 15:07:05,1970-01-01 20:51:07,1970-01-01 05:44:02,1970-01-01 02:37:48,1970-01-01 03:06:14,van,60,70.94775825025224,18.212380838480048,"defaultdict(<class 'int'>, {3: 59, 4: 1})",amazon,m,3,78.0,0.0,0.02564102564102564,0.9743589743589743,1.0,0.4727272727272727,1.0,171.78,26.39256606909383,131.1340388888889,0.0,198.17256606909382,1.3,True
freight_amazon_30159_veh_cep_size_m_15_4,54918,73401,18483,12271,6212,1970-01-01 15:15:18,1970-01-01 20:23:21,1970-01-01 05:08:03,1970-01-01 03:24:31,1970-01-01 01:43:32,van,34,46.144053336804596,13.652131444878838,"defaultdict(<class 'int'>, {1: 33, 3: 1})",amazon,m,1,100.0,0.0,0.0,1.0,1.0,0.6060606060606061,1.0,171.78,17.16558784129131,117.41839166666668,0.0,188.9455878412913,2.9411764705882355,True
freight_hermes_30163_veh_cep_size_m_14_3,55254,67695,12441,7800,4641,1970-01-01 15:20:54,1970-01-01 18:48:15,1970-01-01 03:27:21,1970-01-01 02:10:00,1970-01-01 01:17:21,van,33,34.43182478162357,9.08555609416151,"defaultdict(<class 'int'>, {3: 27, 2: 5, 5: 1})",hermes,m,3,63.0,0.0,0.06349206349206349,0.9365079365079365,1.0,0.38181818181818183,1.0,171.78,12.808638818763967,79.03490833333333,0.0,184.58863881876397,1.9090909090909092,True
freight_amazon_30826_veh_cep_size_m_17_6,63541,70239,6698,3820,2878,1970-01-01 17:39:01,1970-01-01 19:30:39,1970-01-01 01:51:38,1970-01-01 01:03:40,1970-01-01 00:47:58,van,20,24.943222853962855,4.4741459396714385,"defaultdict(<class 'int'>, {8: 20})",amazon,m,8,31.0,0.0,0.0,1.0,1.0,0.18787878787878787,1.0,171.78,9.278878901674181,42.55090555555556,0.0,181.05887890167418,1.55,False
